[2026-02-17T14:26:44.474Z] info: docker.yaml was copied to the config folder
[2026-02-17T14:26:44.516Z] info: custom.css was copied to the config folder
[2026-02-17T14:26:44.524Z] info: custom.js was copied to the config folder
[2026-02-17T14:26:44.571Z] info: kubernetes.yaml was copied to the config folder
[2026-02-17T14:26:44.695Z] error: <dockerStatusService> TypeError: Cannot read properties of null (reading 'my-docker')
    at getDockerArguments (/app/.next/server/chunks/2045.js:44:14)
    at handler (/app/.next/server/pages/api/docker/status/[...service].js:88:96)
    at Object.apiResolver (/app/node_modules/.pnpm/next@12.3.4_react-dom@18.3.1_react@18.3.1__react@18.3.1/node_modules/next/dist/server/api-utils/node.js:366:15)
    at process.processTicksAndRejections (node:internal/process/task_queues:95:5)
    at async NextNodeServer.runApi (/app/node_modules/.pnpm/next@12.3.4_react-dom@18.3.1_react@18.3.1__react@18.3.1/node_modules/next/dist/server/next-server.js:481:9)
    at async Object.fn (/app/node_modules/.pnpm/next@12.3.4_react-dom@18.3.1_react@18.3.1__react@18.3.1/node_modules/next/dist/server/next-server.js:741:37)
    at async Router.execute (/app/node_modules/.pnpm/next@12.3.4_react-dom@18.3.1_react@18.3.1__react@18.3.1/node_modules/next/dist/server/router.js:252:36)
    at async NextNodeServer.run (/app/node_modules/.pnpm/next@12.3.4_react-dom@18.3.1_react@18.3.1__react@18.3.1/node_modules/next/dist/server/base-server.js:365:29)
    at async NextNodeServer.handleRequest (/app/node_modules/.pnpm/next@12.3.4_react-dom@18.3.1_react@18.3.1__react@18.3.1/node_modules/next/dist/server/base-server.js:303:20)
    at async Server.<anonymous> (/app/server.js:19:5)
[2026-02-17T14:26:44.700Z] error: <dockerStatusService> TypeError: Cannot read properties of null (reading 'my-docker')
    at getDockerArguments (/app/.next/server/chunks/2045.js:44:14)
    at handler (/app/.next/server/pages/api/docker/status/[...service].js:88:96)
    at Object.apiResolver (/app/node_modules/.pnpm/next@12.3.4_react-dom@18.3.1_react@18.3.1__react@18.3.1/node_modules/next/dist/server/api-utils/node.js:366:15)
    at process.processTicksAndRejections (node:internal/process/task_queues:95:5)
    at async NextNodeServer.runApi (/app/node_modules/.pnpm/next@12.3.4_react-dom@18.3.1_react@18.3.1__react@18.3.1/node_modules/next/dist/server/next-server.js:481:9)
    at async Object.fn (/app/node_modules/.pnpm/next@12.3.4_react-dom@18.3.1_react@18.3.1__react@18.3.1/node_modules/next/dist/server/next-server.js:741:37)
    at async Router.execute (/app/node_modules/.pnpm/next@12.3.4_react-dom@18.3.1_react@18.3.1__react@18.3.1/node_modules/next/dist/server/router.js:252:36)
    at async NextNodeServer.run (/app/node_modules/.pnpm/next@12.3.4_react-dom@18.3.1_react@18.3.1__react@18.3.1/node_modules/next/dist/server/base-server.js:365:29)
    at async NextNodeServer.handleRequest (/app/node_modules/.pnpm/next@12.3.4_react-dom@18.3.1_react@18.3.1__react@18.3.1/node_modules/next/dist/server/base-server.js:303:20)
    at async Server.<anonymous> (/app/server.js:19:5)
[2026-02-17T14:26:44.704Z] error: <dockerStatusService> TypeError: Cannot read properties of null (reading 'my-docker')
    at getDockerArguments (/app/.next/server/chunks/2045.js:44:14)
    at handler (/app/.next/server/pages/api/docker/status/[...service].js:88:96)
    at Object.apiResolver (/app/node_modules/.pnpm/next@12.3.4_react-dom@18.3.1_react@18.3.1__react@18.3.1/node_modules/next/dist/server/api-utils/node.js:366:15)
    at process.processTicksAndRejections (node:internal/process/task_queues:95:5)
    at async NextNodeServer.runApi (/app/node_modules/.pnpm/next@12.3.4_react-dom@18.3.1_react@18.3.1__react@18.3.1/node_modules/next/dist/server/next-server.js:481:9)
    at async Object.fn (/app/node_modules/.pnpm/next@12.3.4_react-dom@18.3.1_react@18.3.1__react@18.3.1/node_modules/next/dist/server/next-server.js:741:37)
    at async Router.execute (/app/node_modules/.pnpm/next@12.3.4_react-dom@18.3.1_react@18.3.1__react@18.3.1/node_modules/next/dist/server/router.js:252:36)
    at async NextNodeServer.run (/app/node_modules/.pnpm/next@12.3.4_react-dom@18.3.1_react@18.3.1__react@18.3.1/node_modules/next/dist/server/base-server.js:365:29)
    at async NextNodeServer.handleRequest (/app/node_modules/.pnpm/next@12.3.4_react-dom@18.3.1_react@18.3.1__react@18.3.1/node_modules/next/dist/server/base-server.js:303:20)
    at async Server.<anonymous> (/app/server.js:19:5)
[2026-02-17T14:26:44.706Z] error: <dockerStatusService> TypeError: Cannot read properties of null (reading 'my-docker')
    at getDockerArguments (/app/.next/server/chunks/2045.js:44:14)
    at handler (/app/.next/server/pages/api/docker/status/[...service].js:88:96)
    at Object.apiResolver (/app/node_modules/.pnpm/next@12.3.4_react-dom@18.3.1_react@18.3.1__react@18.3.1/node_modules/next/dist/server/api-utils/node.js:366:15)
    at process.processTicksAndRejections (node:internal/process/task_queues:95:5)
    at async NextNodeServer.runApi (/app/node_modules/.pnpm/next@12.3.4_react-dom@18.3.1_react@18.3.1__react@18.3.1/node_modules/next/dist/server/next-server.js:481:9)
    at async Object.fn (/app/node_modules/.pnpm/next@12.3.4_react-dom@18.3.1_react@18.3.1__react@18.3.1/node_modules/next/dist/server/next-server.js:741:37)
    at async Router.execute (/app/node_modules/.pnpm/next@12.3.4_react-dom@18.3.1_react@18.3.1__react@18.3.1/node_modules/next/dist/server/router.js:252:36)
    at async NextNodeServer.run (/app/node_modules/.pnpm/next@12.3.4_react-dom@18.3.1_react@18.3.1__react@18.3.1/node_modules/next/dist/server/base-server.js:365:29)
    at async NextNodeServer.handleRequest (/app/node_modules/.pnpm/next@12.3.4_react-dom@18.3.1_react@18.3.1__react@18.3.1/node_modules/next/dist/server/base-server.js:303:20)
    at async Server.<anonymous> (/app/server.js:19:5)
[2026-02-17T14:26:44.709Z] error: <dockerStatusService> TypeError: Cannot read properties of null (reading 'my-docker')
    at getDockerArguments (/app/.next/server/chunks/2045.js:44:14)
    at handler (/app/.next/server/pages/api/docker/status/[...service].js:88:96)
    at Object.apiResolver (/app/node_modules/.pnpm/next@12.3.4_react-dom@18.3.1_react@18.3.1__react@18.3.1/node_modules/next/dist/server/api-utils/node.js:366:15)
    at process.processTicksAndRejections (node:internal/process/task_queues:95:5)
    at async NextNodeServer.runApi (/app/node_modules/.pnpm/next@12.3.4_react-dom@18.3.1_react@18.3.1__react@18.3.1/node_modules/next/dist/server/next-server.js:481:9)
    at async Object.fn (/app/node_modules/.pnpm/next@12.3.4_react-dom@18.3.1_react@18.3.1__react@18.3.1/node_modules/next/dist/server/next-server.js:741:37)
    at async Router.execute (/app/node_modules/.pnpm/next@12.3.4_react-dom@18.3.1_react@18.3.1__react@18.3.1/node_modules/next/dist/server/router.js:252:36)
    at async NextNodeServer.run (/app/node_modules/.pnpm/next@12.3.4_react-dom@18.3.1_react@18.3.1__react@18.3.1/node_modules/next/dist/server/base-server.js:365:29)
    at async NextNodeServer.handleRequest (/app/node_modules/.pnpm/next@12.3.4_react-dom@18.3.1_react@18.3.1__react@18.3.1/node_modules/next/dist/server/base-server.js:303:20)
    at async Server.<anonymous> (/app/server.js:19:5)
[2026-02-17T14:26:59.962Z] error: <dockerStatusService> TypeError: Cannot read properties of null (reading 'my-docker')
    at getDockerArguments (/app/.next/server/chunks/2045.js:44:14)
    at handler (/app/.next/server/pages/api/docker/status/[...service].js:88:96)
    at Object.apiResolver (/app/node_modules/.pnpm/next@12.3.4_react-dom@18.3.1_react@18.3.1__react@18.3.1/node_modules/next/dist/server/api-utils/node.js:366:15)
    at process.processTicksAndRejections (node:internal/process/task_queues:95:5)
    at async NextNodeServer.runApi (/app/node_modules/.pnpm/next@12.3.4_react-dom@18.3.1_react@18.3.1__react@18.3.1/node_modules/next/dist/server/next-server.js:481:9)
    at async Object.fn (/app/node_modules/.pnpm/next@12.3.4_react-dom@18.3.1_react@18.3.1__react@18.3.1/node_modules/next/dist/server/next-server.js:741:37)
    at async Router.execute (/app/node_modules/.pnpm/next@12.3.4_react-dom@18.3.1_react@18.3.1__react@18.3.1/node_modules/next/dist/server/router.js:252:36)
    at async NextNodeServer.run (/app/node_modules/.pnpm/next@12.3.4_react-dom@18.3.1_react@18.3.1__react@18.3.1/node_modules/next/dist/server/base-server.js:365:29)
    at async NextNodeServer.handleRequest (/app/node_modules/.pnpm/next@12.3.4_react-dom@18.3.1_react@18.3.1__react@18.3.1/node_modules/next/dist/server/base-server.js:303:20)
    at async Server.<anonymous> (/app/server.js:19:5)
[2026-02-17T14:26:59.969Z] error: <dockerStatusService> TypeError: Cannot read properties of null (reading 'my-docker')
    at getDockerArguments (/app/.next/server/chunks/2045.js:44:14)
    at handler (/app/.next/server/pages/api/docker/status/[...service].js:88:96)
    at Object.apiResolver (/app/node_modules/.pnpm/next@12.3.4_react-dom@18.3.1_react@18.3.1__react@18.3.1/node_modules/next/dist/server/api-utils/node.js:366:15)
    at process.processTicksAndRejections (node:internal/process/task_queues:95:5)
    at async NextNodeServer.runApi (/app/node_modules/.pnpm/next@12.3.4_react-dom@18.3.1_react@18.3.1__react@18.3.1/node_modules/next/dist/server/next-server.js:481:9)
    at async Object.fn (/app/node_modules/.pnpm/next@12.3.4_react-dom@18.3.1_react@18.3.1__react@18.3.1/node_modules/next/dist/server/next-server.js:741:37)
    at async Router.execute (/app/node_modules/.pnpm/next@12.3.4_react-dom@18.3.1_react@18.3.1__react@18.3.1/node_modules/next/dist/server/router.js:252:36)
    at async NextNodeServer.run (/app/node_modules/.pnpm/next@12.3.4_react-dom@18.3.1_react@18.3.1__react@18.3.1/node_modules/next/dist/server/base-server.js:365:29)
    at async NextNodeServer.handleRequest (/app/node_modules/.pnpm/next@12.3.4_react-dom@18.3.1_react@18.3.1__react@18.3.1/node_modules/next/dist/server/base-server.js:303:20)
    at async Server.<anonymous> (/app/server.js:19:5)
[2026-02-17T14:26:59.986Z] error: <dockerStatusService> TypeError: Cannot read properties of null (reading 'my-docker')
    at getDockerArguments (/app/.next/server/chunks/2045.js:44:14)
    at handler (/app/.next/server/pages/api/docker/status/[...service].js:88:96)
    at Object.apiResolver (/app/node_modules/.pnpm/next@12.3.4_react-dom@18.3.1_react@18.3.1__react@18.3.1/node_modules/next/dist/server/api-utils/node.js:366:15)
    at process.processTicksAndRejections (node:internal/process/task_queues:95:5)
    at async NextNodeServer.runApi (/app/node_modules/.pnpm/next@12.3.4_react-dom@18.3.1_react@18.3.1__react@18.3.1/node_modules/next/dist/server/next-server.js:481:9)
    at async Object.fn (/app/node_modules/.pnpm/next@12.3.4_react-dom@18.3.1_react@18.3.1__react@18.3.1/node_modules/next/dist/server/next-server.js:741:37)
    at async Router.execute (/app/node_modules/.pnpm/next@12.3.4_react-dom@18.3.1_react@18.3.1__react@18.3.1/node_modules/next/dist/server/router.js:252:36)
    at async NextNodeServer.run (/app/node_modules/.pnpm/next@12.3.4_react-dom@18.3.1_react@18.3.1__react@18.3.1/node_modules/next/dist/server/base-server.js:365:29)
    at async NextNodeServer.handleRequest (/app/node_modules/.pnpm/next@12.3.4_react-dom@18.3.1_react@18.3.1__react@18.3.1/node_modules/next/dist/server/base-server.js:303:20)
    at async Server.<anonymous> (/app/server.js:19:5)
[2026-02-17T14:26:59.990Z] error: <dockerStatusService> TypeError: Cannot read properties of null (reading 'my-docker')
    at getDockerArguments (/app/.next/server/chunks/2045.js:44:14)
    at handler (/app/.next/server/pages/api/docker/status/[...service].js:88:96)
    at Object.apiResolver (/app/node_modules/.pnpm/next@12.3.4_react-dom@18.3.1_react@18.3.1__react@18.3.1/node_modules/next/dist/server/api-utils/node.js:366:15)
    at process.processTicksAndRejections (node:internal/process/task_queues:95:5)
    at async NextNodeServer.runApi (/app/node_modules/.pnpm/next@12.3.4_react-dom@18.3.1_react@18.3.1__react@18.3.1/node_modules/next/dist/server/next-server.js:481:9)
    at async Object.fn (/app/node_modules/.pnpm/next@12.3.4_react-dom@18.3.1_react@18.3.1__react@18.3.1/node_modules/next/dist/server/next-server.js:741:37)
    at async Router.execute (/app/node_modules/.pnpm/next@12.3.4_react-dom@18.3.1_react@18.3.1__react@18.3.1/node_modules/next/dist/server/router.js:252:36)
    at async NextNodeServer.run (/app/node_modules/.pnpm/next@12.3.4_react-dom@18.3.1_react@18.3.1__react@18.3.1/node_modules/next/dist/server/base-server.js:365:29)
    at async NextNodeServer.handleRequest (/app/node_modules/.pnpm/next@12.3.4_react-dom@18.3.1_react@18.3.1__react@18.3.1/node_modules/next/dist/server/base-server.js:303:20)
    at async Server.<anonymous> (/app/server.js:19:5)
[2026-02-17T14:26:59.995Z] error: <dockerStatusService> TypeError: Cannot read properties of null (reading 'my-docker')
    at getDockerArguments (/app/.next/server/chunks/2045.js:44:14)
    at handler (/app/.next/server/pages/api/docker/status/[...service].js:88:96)
    at Object.apiResolver (/app/node_modules/.pnpm/next@12.3.4_react-dom@18.3.1_react@18.3.1__react@18.3.1/node_modules/next/dist/server/api-utils/node.js:366:15)
    at process.processTicksAndRejections (node:internal/process/task_queues:95:5)
    at async NextNodeServer.runApi (/app/node_modules/.pnpm/next@12.3.4_react-dom@18.3.1_react@18.3.1__react@18.3.1/node_modules/next/dist/server/next-server.js:481:9)
    at async Object.fn (/app/node_modules/.pnpm/next@12.3.4_react-dom@18.3.1_react@18.3.1__react@18.3.1/node_modules/next/dist/server/next-server.js:741:37)
    at async Router.execute (/app/node_modules/.pnpm/next@12.3.4_react-dom@18.3.1_react@18.3.1__react@18.3.1/node_modules/next/dist/server/router.js:252:36)
    at async NextNodeServer.run (/app/node_modules/.pnpm/next@12.3.4_react-dom@18.3.1_react@18.3.1__react@18.3.1/node_modules/next/dist/server/base-server.js:365:29)
    at async NextNodeServer.handleRequest (/app/node_modules/.pnpm/next@12.3.4_react-dom@18.3.1_react@18.3.1__react@18.3.1/node_modules/next/dist/server/base-server.js:303:20)
    at async Server.<anonymous> (/app/server.js:19:5)
[2026-02-17T16:01:12.723Z] error: <dockerStatusService> TypeError: Cannot read properties of null (reading 'my-docker')
    at getDockerArguments (/app/.next/server/chunks/2045.js:44:14)
    at handler (/app/.next/server/pages/api/docker/status/[...service].js:88:96)
    at Object.apiResolver (/app/node_modules/.pnpm/next@12.3.4_react-dom@18.3.1_react@18.3.1__react@18.3.1/node_modules/next/dist/server/api-utils/node.js:366:15)
    at process.processTicksAndRejections (node:internal/process/task_queues:95:5)
    at async NextNodeServer.runApi (/app/node_modules/.pnpm/next@12.3.4_react-dom@18.3.1_react@18.3.1__react@18.3.1/node_modules/next/dist/server/next-server.js:481:9)
    at async Object.fn (/app/node_modules/.pnpm/next@12.3.4_react-dom@18.3.1_react@18.3.1__react@18.3.1/node_modules/next/dist/server/next-server.js:741:37)
    at async Router.execute (/app/node_modules/.pnpm/next@12.3.4_react-dom@18.3.1_react@18.3.1__react@18.3.1/node_modules/next/dist/server/router.js:252:36)
    at async NextNodeServer.run (/app/node_modules/.pnpm/next@12.3.4_react-dom@18.3.1_react@18.3.1__react@18.3.1/node_modules/next/dist/server/base-server.js:365:29)
    at async NextNodeServer.handleRequest (/app/node_modules/.pnpm/next@12.3.4_react-dom@18.3.1_react@18.3.1__react@18.3.1/node_modules/next/dist/server/base-server.js:303:20)
    at async Server.<anonymous> (/app/server.js:19:5)
[2026-02-17T16:01:12.730Z] error: <dockerStatusService> TypeError: Cannot read properties of null (reading 'my-docker')
    at getDockerArguments (/app/.next/server/chunks/2045.js:44:14)
    at handler (/app/.next/server/pages/api/docker/status/[...service].js:88:96)
    at Object.apiResolver (/app/node_modules/.pnpm/next@12.3.4_react-dom@18.3.1_react@18.3.1__react@18.3.1/node_modules/next/dist/server/api-utils/node.js:366:15)
    at process.processTicksAndRejections (node:internal/process/task_queues:95:5)
    at async NextNodeServer.runApi (/app/node_modules/.pnpm/next@12.3.4_react-dom@18.3.1_react@18.3.1__react@18.3.1/node_modules/next/dist/server/next-server.js:481:9)
    at async Object.fn (/app/node_modules/.pnpm/next@12.3.4_react-dom@18.3.1_react@18.3.1__react@18.3.1/node_modules/next/dist/server/next-server.js:741:37)
    at async Router.execute (/app/node_modules/.pnpm/next@12.3.4_react-dom@18.3.1_react@18.3.1__react@18.3.1/node_modules/next/dist/server/router.js:252:36)
    at async NextNodeServer.run (/app/node_modules/.pnpm/next@12.3.4_react-dom@18.3.1_react@18.3.1__react@18.3.1/node_modules/next/dist/server/base-server.js:365:29)
    at async NextNodeServer.handleRequest (/app/node_modules/.pnpm/next@12.3.4_react-dom@18.3.1_react@18.3.1__react@18.3.1/node_modules/next/dist/server/base-server.js:303:20)
    at async Server.<anonymous> (/app/server.js:19:5)
[2026-02-17T16:01:12.735Z] error: <dockerStatusService> TypeError: Cannot read properties of null (reading 'my-docker')
    at getDockerArguments (/app/.next/server/chunks/2045.js:44:14)
    at handler (/app/.next/server/pages/api/docker/status/[...service].js:88:96)
    at Object.apiResolver (/app/node_modules/.pnpm/next@12.3.4_react-dom@18.3.1_react@18.3.1__react@18.3.1/node_modules/next/dist/server/api-utils/node.js:366:15)
    at process.processTicksAndRejections (node:internal/process/task_queues:95:5)
    at async NextNodeServer.runApi (/app/node_modules/.pnpm/next@12.3.4_react-dom@18.3.1_react@18.3.1__react@18.3.1/node_modules/next/dist/server/next-server.js:481:9)
    at async Object.fn (/app/node_modules/.pnpm/next@12.3.4_react-dom@18.3.1_react@18.3.1__react@18.3.1/node_modules/next/dist/server/next-server.js:741:37)
    at async Router.execute (/app/node_modules/.pnpm/next@12.3.4_react-dom@18.3.1_react@18.3.1__react@18.3.1/node_modules/next/dist/server/router.js:252:36)
    at async NextNodeServer.run (/app/node_modules/.pnpm/next@12.3.4_react-dom@18.3.1_react@18.3.1__react@18.3.1/node_modules/next/dist/server/base-server.js:365:29)
    at async NextNodeServer.handleRequest (/app/node_modules/.pnpm/next@12.3.4_react-dom@18.3.1_react@18.3.1__react@18.3.1/node_modules/next/dist/server/base-server.js:303:20)
    at async Server.<anonymous> (/app/server.js:19:5)
[2026-02-17T16:01:12.741Z] error: <dockerStatusService> TypeError: Cannot read properties of null (reading 'my-docker')
    at getDockerArguments (/app/.next/server/chunks/2045.js:44:14)
    at handler (/app/.next/server/pages/api/docker/status/[...service].js:88:96)
    at Object.apiResolver (/app/node_modules/.pnpm/next@12.3.4_react-dom@18.3.1_react@18.3.1__react@18.3.1/node_modules/next/dist/server/api-utils/node.js:366:15)
    at process.processTicksAndRejections (node:internal/process/task_queues:95:5)
    at async NextNodeServer.runApi (/app/node_modules/.pnpm/next@12.3.4_react-dom@18.3.1_react@18.3.1__react@18.3.1/node_modules/next/dist/server/next-server.js:481:9)
    at async Object.fn (/app/node_modules/.pnpm/next@12.3.4_react-dom@18.3.1_react@18.3.1__react@18.3.1/node_modules/next/dist/server/next-server.js:741:37)
    at async Router.execute (/app/node_modules/.pnpm/next@12.3.4_react-dom@18.3.1_react@18.3.1__react@18.3.1/node_modules/next/dist/server/router.js:252:36)
    at async NextNodeServer.run (/app/node_modules/.pnpm/next@12.3.4_react-dom@18.3.1_react@18.3.1__react@18.3.1/node_modules/next/dist/server/base-server.js:365:29)
    at async NextNodeServer.handleRequest (/app/node_modules/.pnpm/next@12.3.4_react-dom@18.3.1_react@18.3.1__react@18.3.1/node_modules/next/dist/server/base-server.js:303:20)
    at async Server.<anonymous> (/app/server.js:19:5)
[2026-02-17T16:01:12.748Z] error: <dockerStatusService> TypeError: Cannot read properties of null (reading 'my-docker')
    at getDockerArguments (/app/.next/server/chunks/2045.js:44:14)
    at handler (/app/.next/server/pages/api/docker/status/[...service].js:88:96)
    at Object.apiResolver (/app/node_modules/.pnpm/next@12.3.4_react-dom@18.3.1_react@18.3.1__react@18.3.1/node_modules/next/dist/server/api-utils/node.js:366:15)
    at process.processTicksAndRejections (node:internal/process/task_queues:95:5)
    at async NextNodeServer.runApi (/app/node_modules/.pnpm/next@12.3.4_react-dom@18.3.1_react@18.3.1__react@18.3.1/node_modules/next/dist/server/next-server.js:481:9)
    at async Object.fn (/app/node_modules/.pnpm/next@12.3.4_react-dom@18.3.1_react@18.3.1__react@18.3.1/node_modules/next/dist/server/next-server.js:741:37)
    at async Router.execute (/app/node_modules/.pnpm/next@12.3.4_react-dom@18.3.1_react@18.3.1__react@18.3.1/node_modules/next/dist/server/router.js:252:36)
    at async NextNodeServer.run (/app/node_modules/.pnpm/next@12.3.4_react-dom@18.3.1_react@18.3.1__react@18.3.1/node_modules/next/dist/server/base-server.js:365:29)
    at async NextNodeServer.handleRequest (/app/node_modules/.pnpm/next@12.3.4_react-dom@18.3.1_react@18.3.1__react@18.3.1/node_modules/next/dist/server/base-server.js:303:20)
    at async Server.<anonymous> (/app/server.js:19:5)
[2026-02-17T16:01:12.762Z] error: <dockerStatusService> TypeError: Cannot read properties of null (reading 'my-docker')
    at getDockerArguments (/app/.next/server/chunks/2045.js:44:14)
    at handler (/app/.next/server/pages/api/docker/status/[...service].js:88:96)
    at Object.apiResolver (/app/node_modules/.pnpm/next@12.3.4_react-dom@18.3.1_react@18.3.1__react@18.3.1/node_modules/next/dist/server/api-utils/node.js:366:15)
    at process.processTicksAndRejections (node:internal/process/task_queues:95:5)
    at async NextNodeServer.runApi (/app/node_modules/.pnpm/next@12.3.4_react-dom@18.3.1_react@18.3.1__react@18.3.1/node_modules/next/dist/server/next-server.js:481:9)
    at async Object.fn (/app/node_modules/.pnpm/next@12.3.4_react-dom@18.3.1_react@18.3.1__react@18.3.1/node_modules/next/dist/server/next-server.js:741:37)
    at async Router.execute (/app/node_modules/.pnpm/next@12.3.4_react-dom@18.3.1_react@18.3.1__react@18.3.1/node_modules/next/dist/server/router.js:252:36)
    at async NextNodeServer.run (/app/node_modules/.pnpm/next@12.3.4_react-dom@18.3.1_react@18.3.1__react@18.3.1/node_modules/next/dist/server/base-server.js:365:29)
    at async NextNodeServer.handleRequest (/app/node_modules/.pnpm/next@12.3.4_react-dom@18.3.1_react@18.3.1__react@18.3.1/node_modules/next/dist/server/base-server.js:303:20)
    at async Server.<anonymous> (/app/server.js:19:5)
[2026-02-17T16:01:28.641Z] error: <dockerStatusService> TypeError: Cannot read properties of null (reading 'my-docker')
    at getDockerArguments (/app/.next/server/chunks/2045.js:44:14)
    at handler (/app/.next/server/pages/api/docker/status/[...service].js:88:96)
    at Object.apiResolver (/app/node_modules/.pnpm/next@12.3.4_react-dom@18.3.1_react@18.3.1__react@18.3.1/node_modules/next/dist/server/api-utils/node.js:366:15)
    at process.processTicksAndRejections (node:internal/process/task_queues:95:5)
    at async NextNodeServer.runApi (/app/node_modules/.pnpm/next@12.3.4_react-dom@18.3.1_react@18.3.1__react@18.3.1/node_modules/next/dist/server/next-server.js:481:9)
    at async Object.fn (/app/node_modules/.pnpm/next@12.3.4_react-dom@18.3.1_react@18.3.1__react@18.3.1/node_modules/next/dist/server/next-server.js:741:37)
    at async Router.execute (/app/node_modules/.pnpm/next@12.3.4_react-dom@18.3.1_react@18.3.1__react@18.3.1/node_modules/next/dist/server/router.js:252:36)
    at async NextNodeServer.run (/app/node_modules/.pnpm/next@12.3.4_react-dom@18.3.1_react@18.3.1__react@18.3.1/node_modules/next/dist/server/base-server.js:365:29)
    at async NextNodeServer.handleRequest (/app/node_modules/.pnpm/next@12.3.4_react-dom@18.3.1_react@18.3.1__react@18.3.1/node_modules/next/dist/server/base-server.js:303:20)
    at async Server.<anonymous> (/app/server.js:19:5)
[2026-02-17T16:01:28.665Z] error: <dockerStatusService> TypeError: Cannot read properties of null (reading 'my-docker')
    at getDockerArguments (/app/.next/server/chunks/2045.js:44:14)
    at handler (/app/.next/server/pages/api/docker/status/[...service].js:88:96)
    at Object.apiResolver (/app/node_modules/.pnpm/next@12.3.4_react-dom@18.3.1_react@18.3.1__react@18.3.1/node_modules/next/dist/server/api-utils/node.js:366:15)
    at process.processTicksAndRejections (node:internal/process/task_queues:95:5)
    at async NextNodeServer.runApi (/app/node_modules/.pnpm/next@12.3.4_react-dom@18.3.1_react@18.3.1__react@18.3.1/node_modules/next/dist/server/next-server.js:481:9)
    at async Object.fn (/app/node_modules/.pnpm/next@12.3.4_react-dom@18.3.1_react@18.3.1__react@18.3.1/node_modules/next/dist/server/next-server.js:741:37)
    at async Router.execute (/app/node_modules/.pnpm/next@12.3.4_react-dom@18.3.1_react@18.3.1__react@18.3.1/node_modules/next/dist/server/router.js:252:36)
    at async NextNodeServer.run (/app/node_modules/.pnpm/next@12.3.4_react-dom@18.3.1_react@18.3.1__react@18.3.1/node_modules/next/dist/server/base-server.js:365:29)
    at async NextNodeServer.handleRequest (/app/node_modules/.pnpm/next@12.3.4_react-dom@18.3.1_react@18.3.1__react@18.3.1/node_modules/next/dist/server/base-server.js:303:20)
    at async Server.<anonymous> (/app/server.js:19:5)
[2026-02-17T16:01:28.671Z] error: <dockerStatusService> TypeError: Cannot read properties of null (reading 'my-docker')
    at getDockerArguments (/app/.next/server/chunks/2045.js:44:14)
    at handler (/app/.next/server/pages/api/docker/status/[...service].js:88:96)
    at Object.apiResolver (/app/node_modules/.pnpm/next@12.3.4_react-dom@18.3.1_react@18.3.1__react@18.3.1/node_modules/next/dist/server/api-utils/node.js:366:15)
    at process.processTicksAndRejections (node:internal/process/task_queues:95:5)
    at async NextNodeServer.runApi (/app/node_modules/.pnpm/next@12.3.4_react-dom@18.3.1_react@18.3.1__react@18.3.1/node_modules/next/dist/server/next-server.js:481:9)
    at async Object.fn (/app/node_modules/.pnpm/next@12.3.4_react-dom@18.3.1_react@18.3.1__react@18.3.1/node_modules/next/dist/server/next-server.js:741:37)
    at async Router.execute (/app/node_modules/.pnpm/next@12.3.4_react-dom@18.3.1_react@18.3.1__react@18.3.1/node_modules/next/dist/server/router.js:252:36)
    at async NextNodeServer.run (/app/node_modules/.pnpm/next@12.3.4_react-dom@18.3.1_react@18.3.1__react@18.3.1/node_modules/next/dist/server/base-server.js:365:29)
    at async NextNodeServer.handleRequest (/app/node_modules/.pnpm/next@12.3.4_react-dom@18.3.1_react@18.3.1__react@18.3.1/node_modules/next/dist/server/base-server.js:303:20)
    at async Server.<anonymous> (/app/server.js:19:5)
[2026-02-17T16:01:28.685Z] error: <dockerStatusService> TypeError: Cannot read properties of null (reading 'my-docker')
    at getDockerArguments (/app/.next/server/chunks/2045.js:44:14)
    at handler (/app/.next/server/pages/api/docker/status/[...service].js:88:96)
    at Object.apiResolver (/app/node_modules/.pnpm/next@12.3.4_react-dom@18.3.1_react@18.3.1__react@18.3.1/node_modules/next/dist/server/api-utils/node.js:366:15)
    at process.processTicksAndRejections (node:internal/process/task_queues:95:5)
    at async NextNodeServer.runApi (/app/node_modules/.pnpm/next@12.3.4_react-dom@18.3.1_react@18.3.1__react@18.3.1/node_modules/next/dist/server/next-server.js:481:9)
    at async Object.fn (/app/node_modules/.pnpm/next@12.3.4_react-dom@18.3.1_react@18.3.1__react@18.3.1/node_modules/next/dist/server/next-server.js:741:37)
    at async Router.execute (/app/node_modules/.pnpm/next@12.3.4_react-dom@18.3.1_react@18.3.1__react@18.3.1/node_modules/next/dist/server/router.js:252:36)
    at async NextNodeServer.run (/app/node_modules/.pnpm/next@12.3.4_react-dom@18.3.1_react@18.3.1__react@18.3.1/node_modules/next/dist/server/base-server.js:365:29)
    at async NextNodeServer.handleRequest (/app/node_modules/.pnpm/next@12.3.4_react-dom@18.3.1_react@18.3.1__react@18.3.1/node_modules/next/dist/server/base-server.js:303:20)
    at async Server.<anonymous> (/app/server.js:19:5)
[2026-02-17T16:01:28.691Z] error: <dockerStatusService> TypeError: Cannot read properties of null (reading 'my-docker')
    at getDockerArguments (/app/.next/server/chunks/2045.js:44:14)
    at handler (/app/.next/server/pages/api/docker/status/[...service].js:88:96)
    at Object.apiResolver (/app/node_modules/.pnpm/next@12.3.4_react-dom@18.3.1_react@18.3.1__react@18.3.1/node_modules/next/dist/server/api-utils/node.js:366:15)
    at process.processTicksAndRejections (node:internal/process/task_queues:95:5)
    at async NextNodeServer.runApi (/app/node_modules/.pnpm/next@12.3.4_react-dom@18.3.1_react@18.3.1__react@18.3.1/node_modules/next/dist/server/next-server.js:481:9)
    at async Object.fn (/app/node_modules/.pnpm/next@12.3.4_react-dom@18.3.1_react@18.3.1__react@18.3.1/node_modules/next/dist/server/next-server.js:741:37)
    at async Router.execute (/app/node_modules/.pnpm/next@12.3.4_react-dom@18.3.1_react@18.3.1__react@18.3.1/node_modules/next/dist/server/router.js:252:36)
    at async NextNodeServer.run (/app/node_modules/.pnpm/next@12.3.4_react-dom@18.3.1_react@18.3.1__react@18.3.1/node_modules/next/dist/server/base-server.js:365:29)
    at async NextNodeServer.handleRequest (/app/node_modules/.pnpm/next@12.3.4_react-dom@18.3.1_react@18.3.1__react@18.3.1/node_modules/next/dist/server/base-server.js:303:20)
    at async Server.<anonymous> (/app/server.js:19:5)
[2026-02-17T16:01:28.701Z] error: <dockerStatusService> TypeError: Cannot read properties of null (reading 'my-docker')
    at getDockerArguments (/app/.next/server/chunks/2045.js:44:14)
    at handler (/app/.next/server/pages/api/docker/status/[...service].js:88:96)
    at Object.apiResolver (/app/node_modules/.pnpm/next@12.3.4_react-dom@18.3.1_react@18.3.1__react@18.3.1/node_modules/next/dist/server/api-utils/node.js:366:15)
    at process.processTicksAndRejections (node:internal/process/task_queues:95:5)
    at async NextNodeServer.runApi (/app/node_modules/.pnpm/next@12.3.4_react-dom@18.3.1_react@18.3.1__react@18.3.1/node_modules/next/dist/server/next-server.js:481:9)
    at async Object.fn (/app/node_modules/.pnpm/next@12.3.4_react-dom@18.3.1_react@18.3.1__react@18.3.1/node_modules/next/dist/server/next-server.js:741:37)
    at async Router.execute (/app/node_modules/.pnpm/next@12.3.4_react-dom@18.3.1_react@18.3.1__react@18.3.1/node_modules/next/dist/server/router.js:252:36)
    at async NextNodeServer.run (/app/node_modules/.pnpm/next@12.3.4_react-dom@18.3.1_react@18.3.1__react@18.3.1/node_modules/next/dist/server/base-server.js:365:29)
    at async NextNodeServer.handleRequest (/app/node_modules/.pnpm/next@12.3.4_react-dom@18.3.1_react@18.3.1__react@18.3.1/node_modules/next/dist/server/base-server.js:303:20)
    at async Server.<anonymous> (/app/server.js:19:5)
[2026-02-17T16:02:13.093Z] error: <dockerStatusService> TypeError: Cannot read properties of null (reading 'my-docker')
    at getDockerArguments (/app/.next/server/chunks/2045.js:44:14)
    at handler (/app/.next/server/pages/api/docker/status/[...service].js:88:96)
    at Object.apiResolver (/app/node_modules/.pnpm/next@12.3.4_react-dom@18.3.1_react@18.3.1__react@18.3.1/node_modules/next/dist/server/api-utils/node.js:366:15)
    at process.processTicksAndRejections (node:internal/process/task_queues:95:5)
    at async NextNodeServer.runApi (/app/node_modules/.pnpm/next@12.3.4_react-dom@18.3.1_react@18.3.1__react@18.3.1/node_modules/next/dist/server/next-server.js:481:9)
    at async Object.fn (/app/node_modules/.pnpm/next@12.3.4_react-dom@18.3.1_react@18.3.1__react@18.3.1/node_modules/next/dist/server/next-server.js:741:37)
    at async Router.execute (/app/node_modules/.pnpm/next@12.3.4_react-dom@18.3.1_react@18.3.1__react@18.3.1/node_modules/next/dist/server/router.js:252:36)
    at async NextNodeServer.run (/app/node_modules/.pnpm/next@12.3.4_react-dom@18.3.1_react@18.3.1__react@18.3.1/node_modules/next/dist/server/base-server.js:365:29)
    at async NextNodeServer.handleRequest (/app/node_modules/.pnpm/next@12.3.4_react-dom@18.3.1_react@18.3.1__react@18.3.1/node_modules/next/dist/server/base-server.js:303:20)
    at async Server.<anonymous> (/app/server.js:19:5)
[2026-02-17T16:02:13.131Z] error: <dockerStatusService> TypeError: Cannot read properties of null (reading 'my-docker')
    at getDockerArguments (/app/.next/server/chunks/2045.js:44:14)
    at handler (/app/.next/server/pages/api/docker/status/[...service].js:88:96)
    at Object.apiResolver (/app/node_modules/.pnpm/next@12.3.4_react-dom@18.3.1_react@18.3.1__react@18.3.1/node_modules/next/dist/server/api-utils/node.js:366:15)
    at process.processTicksAndRejections (node:internal/process/task_queues:95:5)
    at async NextNodeServer.runApi (/app/node_modules/.pnpm/next@12.3.4_react-dom@18.3.1_react@18.3.1__react@18.3.1/node_modules/next/dist/server/next-server.js:481:9)
    at async Object.fn (/app/node_modules/.pnpm/next@12.3.4_react-dom@18.3.1_react@18.3.1__react@18.3.1/node_modules/next/dist/server/next-server.js:741:37)
    at async Router.execute (/app/node_modules/.pnpm/next@12.3.4_react-dom@18.3.1_react@18.3.1__react@18.3.1/node_modules/next/dist/server/router.js:252:36)
    at async NextNodeServer.run (/app/node_modules/.pnpm/next@12.3.4_react-dom@18.3.1_react@18.3.1__react@18.3.1/node_modules/next/dist/server/base-server.js:365:29)
    at async NextNodeServer.handleRequest (/app/node_modules/.pnpm/next@12.3.4_react-dom@18.3.1_react@18.3.1__react@18.3.1/node_modules/next/dist/server/base-server.js:303:20)
    at async Server.<anonymous> (/app/server.js:19:5)
[2026-02-17T16:02:13.135Z] error: <dockerStatusService> TypeError: Cannot read properties of null (reading 'my-docker')
    at getDockerArguments (/app/.next/server/chunks/2045.js:44:14)
    at handler (/app/.next/server/pages/api/docker/status/[...service].js:88:96)
    at Object.apiResolver (/app/node_modules/.pnpm/next@12.3.4_react-dom@18.3.1_react@18.3.1__react@18.3.1/node_modules/next/dist/server/api-utils/node.js:366:15)
    at process.processTicksAndRejections (node:internal/process/task_queues:95:5)
    at async NextNodeServer.runApi (/app/node_modules/.pnpm/next@12.3.4_react-dom@18.3.1_react@18.3.1__react@18.3.1/node_modules/next/dist/server/next-server.js:481:9)
    at async Object.fn (/app/node_modules/.pnpm/next@12.3.4_react-dom@18.3.1_react@18.3.1__react@18.3.1/node_modules/next/dist/server/next-server.js:741:37)
    at async Router.execute (/app/node_modules/.pnpm/next@12.3.4_react-dom@18.3.1_react@18.3.1__react@18.3.1/node_modules/next/dist/server/router.js:252:36)
    at async NextNodeServer.run (/app/node_modules/.pnpm/next@12.3.4_react-dom@18.3.1_react@18.3.1__react@18.3.1/node_modules/next/dist/server/base-server.js:365:29)
    at async NextNodeServer.handleRequest (/app/node_modules/.pnpm/next@12.3.4_react-dom@18.3.1_react@18.3.1__react@18.3.1/node_modules/next/dist/server/base-server.js:303:20)
    at async Server.<anonymous> (/app/server.js:19:5)
[2026-02-17T16:02:13.139Z] error: <dockerStatusService> TypeError: Cannot read properties of null (reading 'my-docker')
    at getDockerArguments (/app/.next/server/chunks/2045.js:44:14)
    at handler (/app/.next/server/pages/api/docker/status/[...service].js:88:96)
    at Object.apiResolver (/app/node_modules/.pnpm/next@12.3.4_react-dom@18.3.1_react@18.3.1__react@18.3.1/node_modules/next/dist/server/api-utils/node.js:366:15)
    at process.processTicksAndRejections (node:internal/process/task_queues:95:5)
    at async NextNodeServer.runApi (/app/node_modules/.pnpm/next@12.3.4_react-dom@18.3.1_react@18.3.1__react@18.3.1/node_modules/next/dist/server/next-server.js:481:9)
    at async Object.fn (/app/node_modules/.pnpm/next@12.3.4_react-dom@18.3.1_react@18.3.1__react@18.3.1/node_modules/next/dist/server/next-server.js:741:37)
    at async Router.execute (/app/node_modules/.pnpm/next@12.3.4_react-dom@18.3.1_react@18.3.1__react@18.3.1/node_modules/next/dist/server/router.js:252:36)
    at async NextNodeServer.run (/app/node_modules/.pnpm/next@12.3.4_react-dom@18.3.1_react@18.3.1__react@18.3.1/node_modules/next/dist/server/base-server.js:365:29)
    at async NextNodeServer.handleRequest (/app/node_modules/.pnpm/next@12.3.4_react-dom@18.3.1_react@18.3.1__react@18.3.1/node_modules/next/dist/server/base-server.js:303:20)
    at async Server.<anonymous> (/app/server.js:19:5)
[2026-02-17T16:02:13.144Z] error: <dockerStatusService> TypeError: Cannot read properties of null (reading 'my-docker')
    at getDockerArguments (/app/.next/server/chunks/2045.js:44:14)
    at handler (/app/.next/server/pages/api/docker/status/[...service].js:88:96)
    at Object.apiResolver (/app/node_modules/.pnpm/next@12.3.4_react-dom@18.3.1_react@18.3.1__react@18.3.1/node_modules/next/dist/server/api-utils/node.js:366:15)
    at process.processTicksAndRejections (node:internal/process/task_queues:95:5)
    at async NextNodeServer.runApi (/app/node_modules/.pnpm/next@12.3.4_react-dom@18.3.1_react@18.3.1__react@18.3.1/node_modules/next/dist/server/next-server.js:481:9)
    at async Object.fn (/app/node_modules/.pnpm/next@12.3.4_react-dom@18.3.1_react@18.3.1__react@18.3.1/node_modules/next/dist/server/next-server.js:741:37)
    at async Router.execute (/app/node_modules/.pnpm/next@12.3.4_react-dom@18.3.1_react@18.3.1__react@18.3.1/node_modules/next/dist/server/router.js:252:36)
    at async NextNodeServer.run (/app/node_modules/.pnpm/next@12.3.4_react-dom@18.3.1_react@18.3.1__react@18.3.1/node_modules/next/dist/server/base-server.js:365:29)
    at async NextNodeServer.handleRequest (/app/node_modules/.pnpm/next@12.3.4_react-dom@18.3.1_react@18.3.1__react@18.3.1/node_modules/next/dist/server/base-server.js:303:20)
    at async Server.<anonymous> (/app/server.js:19:5)
[2026-02-17T16:02:13.152Z] error: <dockerStatusService> TypeError: Cannot read properties of null (reading 'my-docker')
    at getDockerArguments (/app/.next/server/chunks/2045.js:44:14)
    at handler (/app/.next/server/pages/api/docker/status/[...service].js:88:96)
    at Object.apiResolver (/app/node_modules/.pnpm/next@12.3.4_react-dom@18.3.1_react@18.3.1__react@18.3.1/node_modules/next/dist/server/api-utils/node.js:366:15)
    at process.processTicksAndRejections (node:internal/process/task_queues:95:5)
    at async NextNodeServer.runApi (/app/node_modules/.pnpm/next@12.3.4_react-dom@18.3.1_react@18.3.1__react@18.3.1/node_modules/next/dist/server/next-server.js:481:9)
    at async Object.fn (/app/node_modules/.pnpm/next@12.3.4_react-dom@18.3.1_react@18.3.1__react@18.3.1/node_modules/next/dist/server/next-server.js:741:37)
    at async Router.execute (/app/node_modules/.pnpm/next@12.3.4_react-dom@18.3.1_react@18.3.1__react@18.3.1/node_modules/next/dist/server/router.js:252:36)
    at async NextNodeServer.run (/app/node_modules/.pnpm/next@12.3.4_react-dom@18.3.1_react@18.3.1__react@18.3.1/node_modules/next/dist/server/base-server.js:365:29)
    at async NextNodeServer.handleRequest (/app/node_modules/.pnpm/next@12.3.4_react-dom@18.3.1_react@18.3.1__react@18.3.1/node_modules/next/dist/server/base-server.js:303:20)
    at async Server.<anonymous> (/app/server.js:19:5)
[2026-02-17T16:06:07.666Z] error: <dockerStatusService> TypeError: Cannot read properties of null (reading 'my-docker')
    at getDockerArguments (/app/.next/server/chunks/2045.js:44:14)
    at handler (/app/.next/server/pages/api/docker/status/[...service].js:88:96)
    at Object.apiResolver (/app/node_modules/.pnpm/next@12.3.4_react-dom@18.3.1_react@18.3.1__react@18.3.1/node_modules/next/dist/server/api-utils/node.js:366:15)
    at process.processTicksAndRejections (node:internal/process/task_queues:95:5)
    at async NextNodeServer.runApi (/app/node_modules/.pnpm/next@12.3.4_react-dom@18.3.1_react@18.3.1__react@18.3.1/node_modules/next/dist/server/next-server.js:481:9)
    at async Object.fn (/app/node_modules/.pnpm/next@12.3.4_react-dom@18.3.1_react@18.3.1__react@18.3.1/node_modules/next/dist/server/next-server.js:741:37)
    at async Router.execute (/app/node_modules/.pnpm/next@12.3.4_react-dom@18.3.1_react@18.3.1__react@18.3.1/node_modules/next/dist/server/router.js:252:36)
    at async NextNodeServer.run (/app/node_modules/.pnpm/next@12.3.4_react-dom@18.3.1_react@18.3.1__react@18.3.1/node_modules/next/dist/server/base-server.js:365:29)
    at async NextNodeServer.handleRequest (/app/node_modules/.pnpm/next@12.3.4_react-dom@18.3.1_react@18.3.1__react@18.3.1/node_modules/next/dist/server/base-server.js:303:20)
    at async Server.<anonymous> (/app/server.js:19:5)
[2026-02-17T16:06:07.679Z] error: <dockerStatusService> TypeError: Cannot read properties of null (reading 'my-docker')
    at getDockerArguments (/app/.next/server/chunks/2045.js:44:14)
    at handler (/app/.next/server/pages/api/docker/status/[...service].js:88:96)
    at Object.apiResolver (/app/node_modules/.pnpm/next@12.3.4_react-dom@18.3.1_react@18.3.1__react@18.3.1/node_modules/next/dist/server/api-utils/node.js:366:15)
    at process.processTicksAndRejections (node:internal/process/task_queues:95:5)
    at async NextNodeServer.runApi (/app/node_modules/.pnpm/next@12.3.4_react-dom@18.3.1_react@18.3.1__react@18.3.1/node_modules/next/dist/server/next-server.js:481:9)
    at async Object.fn (/app/node_modules/.pnpm/next@12.3.4_react-dom@18.3.1_react@18.3.1__react@18.3.1/node_modules/next/dist/server/next-server.js:741:37)
    at async Router.execute (/app/node_modules/.pnpm/next@12.3.4_react-dom@18.3.1_react@18.3.1__react@18.3.1/node_modules/next/dist/server/router.js:252:36)
    at async NextNodeServer.run (/app/node_modules/.pnpm/next@12.3.4_react-dom@18.3.1_react@18.3.1__react@18.3.1/node_modules/next/dist/server/base-server.js:365:29)
    at async NextNodeServer.handleRequest (/app/node_modules/.pnpm/next@12.3.4_react-dom@18.3.1_react@18.3.1__react@18.3.1/node_modules/next/dist/server/base-server.js:303:20)
    at async Server.<anonymous> (/app/server.js:19:5)
[2026-02-17T16:06:07.688Z] error: <dockerStatusService> TypeError: Cannot read properties of null (reading 'my-docker')
    at getDockerArguments (/app/.next/server/chunks/2045.js:44:14)
    at handler (/app/.next/server/pages/api/docker/status/[...service].js:88:96)
    at Object.apiResolver (/app/node_modules/.pnpm/next@12.3.4_react-dom@18.3.1_react@18.3.1__react@18.3.1/node_modules/next/dist/server/api-utils/node.js:366:15)
    at process.processTicksAndRejections (node:internal/process/task_queues:95:5)
    at async NextNodeServer.runApi (/app/node_modules/.pnpm/next@12.3.4_react-dom@18.3.1_react@18.3.1__react@18.3.1/node_modules/next/dist/server/next-server.js:481:9)
    at async Object.fn (/app/node_modules/.pnpm/next@12.3.4_react-dom@18.3.1_react@18.3.1__react@18.3.1/node_modules/next/dist/server/next-server.js:741:37)
    at async Router.execute (/app/node_modules/.pnpm/next@12.3.4_react-dom@18.3.1_react@18.3.1__react@18.3.1/node_modules/next/dist/server/router.js:252:36)
    at async NextNodeServer.run (/app/node_modules/.pnpm/next@12.3.4_react-dom@18.3.1_react@18.3.1__react@18.3.1/node_modules/next/dist/server/base-server.js:365:29)
    at async NextNodeServer.handleRequest (/app/node_modules/.pnpm/next@12.3.4_react-dom@18.3.1_react@18.3.1__react@18.3.1/node_modules/next/dist/server/base-server.js:303:20)
    at async Server.<anonymous> (/app/server.js:19:5)
[2026-02-17T16:06:07.692Z] error: <dockerStatusService> TypeError: Cannot read properties of null (reading 'my-docker')
    at getDockerArguments (/app/.next/server/chunks/2045.js:44:14)
    at handler (/app/.next/server/pages/api/docker/status/[...service].js:88:96)
    at Object.apiResolver (/app/node_modules/.pnpm/next@12.3.4_react-dom@18.3.1_react@18.3.1__react@18.3.1/node_modules/next/dist/server/api-utils/node.js:366:15)
    at process.processTicksAndRejections (node:internal/process/task_queues:95:5)
    at async NextNodeServer.runApi (/app/node_modules/.pnpm/next@12.3.4_react-dom@18.3.1_react@18.3.1__react@18.3.1/node_modules/next/dist/server/next-server.js:481:9)
    at async Object.fn (/app/node_modules/.pnpm/next@12.3.4_react-dom@18.3.1_react@18.3.1__react@18.3.1/node_modules/next/dist/server/next-server.js:741:37)
    at async Router.execute (/app/node_modules/.pnpm/next@12.3.4_react-dom@18.3.1_react@18.3.1__react@18.3.1/node_modules/next/dist/server/router.js:252:36)
    at async NextNodeServer.run (/app/node_modules/.pnpm/next@12.3.4_react-dom@18.3.1_react@18.3.1__react@18.3.1/node_modules/next/dist/server/base-server.js:365:29)
    at async NextNodeServer.handleRequest (/app/node_modules/.pnpm/next@12.3.4_react-dom@18.3.1_react@18.3.1__react@18.3.1/node_modules/next/dist/server/base-server.js:303:20)
    at async Server.<anonymous> (/app/server.js:19:5)
[2026-02-17T16:06:07.694Z] error: <dockerStatusService> TypeError: Cannot read properties of null (reading 'my-docker')
    at getDockerArguments (/app/.next/server/chunks/2045.js:44:14)
    at handler (/app/.next/server/pages/api/docker/status/[...service].js:88:96)
    at Object.apiResolver (/app/node_modules/.pnpm/next@12.3.4_react-dom@18.3.1_react@18.3.1__react@18.3.1/node_modules/next/dist/server/api-utils/node.js:366:15)
    at process.processTicksAndRejections (node:internal/process/task_queues:95:5)
    at async NextNodeServer.runApi (/app/node_modules/.pnpm/next@12.3.4_react-dom@18.3.1_react@18.3.1__react@18.3.1/node_modules/next/dist/server/next-server.js:481:9)
    at async Object.fn (/app/node_modules/.pnpm/next@12.3.4_react-dom@18.3.1_react@18.3.1__react@18.3.1/node_modules/next/dist/server/next-server.js:741:37)
    at async Router.execute (/app/node_modules/.pnpm/next@12.3.4_react-dom@18.3.1_react@18.3.1__react@18.3.1/node_modules/next/dist/server/router.js:252:36)
    at async NextNodeServer.run (/app/node_modules/.pnpm/next@12.3.4_react-dom@18.3.1_react@18.3.1__react@18.3.1/node_modules/next/dist/server/base-server.js:365:29)
    at async NextNodeServer.handleRequest (/app/node_modules/.pnpm/next@12.3.4_react-dom@18.3.1_react@18.3.1__react@18.3.1/node_modules/next/dist/server/base-server.js:303:20)
    at async Server.<anonymous> (/app/server.js:19:5)
[2026-02-17T16:06:07.699Z] error: <dockerStatusService> TypeError: Cannot read properties of null (reading 'my-docker')
    at getDockerArguments (/app/.next/server/chunks/2045.js:44:14)
    at handler (/app/.next/server/pages/api/docker/status/[...service].js:88:96)
    at Object.apiResolver (/app/node_modules/.pnpm/next@12.3.4_react-dom@18.3.1_react@18.3.1__react@18.3.1/node_modules/next/dist/server/api-utils/node.js:366:15)
    at process.processTicksAndRejections (node:internal/process/task_queues:95:5)
    at async NextNodeServer.runApi (/app/node_modules/.pnpm/next@12.3.4_react-dom@18.3.1_react@18.3.1__react@18.3.1/node_modules/next/dist/server/next-server.js:481:9)
    at async Object.fn (/app/node_modules/.pnpm/next@12.3.4_react-dom@18.3.1_react@18.3.1__react@18.3.1/node_modules/next/dist/server/next-server.js:741:37)
    at async Router.execute (/app/node_modules/.pnpm/next@12.3.4_react-dom@18.3.1_react@18.3.1__react@18.3.1/node_modules/next/dist/server/router.js:252:36)
    at async NextNodeServer.run (/app/node_modules/.pnpm/next@12.3.4_react-dom@18.3.1_react@18.3.1__react@18.3.1/node_modules/next/dist/server/base-server.js:365:29)
    at async NextNodeServer.handleRequest (/app/node_modules/.pnpm/next@12.3.4_react-dom@18.3.1_react@18.3.1__react@18.3.1/node_modules/next/dist/server/base-server.js:303:20)
    at async Server.<anonymous> (/app/server.js:19:5)
[2026-02-17T16:06:08.968Z] error: <dockerStatusService> TypeError: Cannot read properties of null (reading 'my-docker')
    at getDockerArguments (/app/.next/server/chunks/2045.js:44:14)
    at handler (/app/.next/server/pages/api/docker/status/[...service].js:88:96)
    at Object.apiResolver (/app/node_modules/.pnpm/next@12.3.4_react-dom@18.3.1_react@18.3.1__react@18.3.1/node_modules/next/dist/server/api-utils/node.js:366:15)
    at process.processTicksAndRejections (node:internal/process/task_queues:95:5)
    at async NextNodeServer.runApi (/app/node_modules/.pnpm/next@12.3.4_react-dom@18.3.1_react@18.3.1__react@18.3.1/node_modules/next/dist/server/next-server.js:481:9)
    at async Object.fn (/app/node_modules/.pnpm/next@12.3.4_react-dom@18.3.1_react@18.3.1__react@18.3.1/node_modules/next/dist/server/next-server.js:741:37)
    at async Router.execute (/app/node_modules/.pnpm/next@12.3.4_react-dom@18.3.1_react@18.3.1__react@18.3.1/node_modules/next/dist/server/router.js:252:36)
    at async NextNodeServer.run (/app/node_modules/.pnpm/next@12.3.4_react-dom@18.3.1_react@18.3.1__react@18.3.1/node_modules/next/dist/server/base-server.js:365:29)
    at async NextNodeServer.handleRequest (/app/node_modules/.pnpm/next@12.3.4_react-dom@18.3.1_react@18.3.1__react@18.3.1/node_modules/next/dist/server/base-server.js:303:20)
    at async Server.<anonymous> (/app/server.js:19:5)
[2026-02-17T16:06:08.972Z] error: <dockerStatusService> TypeError: Cannot read properties of null (reading 'my-docker')
    at getDockerArguments (/app/.next/server/chunks/2045.js:44:14)
    at handler (/app/.next/server/pages/api/docker/status/[...service].js:88:96)
    at Object.apiResolver (/app/node_modules/.pnpm/next@12.3.4_react-dom@18.3.1_react@18.3.1__react@18.3.1/node_modules/next/dist/server/api-utils/node.js:366:15)
    at process.processTicksAndRejections (node:internal/process/task_queues:95:5)
    at async NextNodeServer.runApi (/app/node_modules/.pnpm/next@12.3.4_react-dom@18.3.1_react@18.3.1__react@18.3.1/node_modules/next/dist/server/next-server.js:481:9)
    at async Object.fn (/app/node_modules/.pnpm/next@12.3.4_react-dom@18.3.1_react@18.3.1__react@18.3.1/node_modules/next/dist/server/next-server.js:741:37)
    at async Router.execute (/app/node_modules/.pnpm/next@12.3.4_react-dom@18.3.1_react@18.3.1__react@18.3.1/node_modules/next/dist/server/router.js:252:36)
    at async NextNodeServer.run (/app/node_modules/.pnpm/next@12.3.4_react-dom@18.3.1_react@18.3.1__react@18.3.1/node_modules/next/dist/server/base-server.js:365:29)
    at async NextNodeServer.handleRequest (/app/node_modules/.pnpm/next@12.3.4_react-dom@18.3.1_react@18.3.1__react@18.3.1/node_modules/next/dist/server/base-server.js:303:20)
    at async Server.<anonymous> (/app/server.js:19:5)
[2026-02-17T16:06:08.975Z] error: <dockerStatusService> TypeError: Cannot read properties of null (reading 'my-docker')
    at getDockerArguments (/app/.next/server/chunks/2045.js:44:14)
    at handler (/app/.next/server/pages/api/docker/status/[...service].js:88:96)
    at Object.apiResolver (/app/node_modules/.pnpm/next@12.3.4_react-dom@18.3.1_react@18.3.1__react@18.3.1/node_modules/next/dist/server/api-utils/node.js:366:15)
    at process.processTicksAndRejections (node:internal/process/task_queues:95:5)
    at async NextNodeServer.runApi (/app/node_modules/.pnpm/next@12.3.4_react-dom@18.3.1_react@18.3.1__react@18.3.1/node_modules/next/dist/server/next-server.js:481:9)
    at async Object.fn (/app/node_modules/.pnpm/next@12.3.4_react-dom@18.3.1_react@18.3.1__react@18.3.1/node_modules/next/dist/server/next-server.js:741:37)
    at async Router.execute (/app/node_modules/.pnpm/next@12.3.4_react-dom@18.3.1_react@18.3.1__react@18.3.1/node_modules/next/dist/server/router.js:252:36)
    at async NextNodeServer.run (/app/node_modules/.pnpm/next@12.3.4_react-dom@18.3.1_react@18.3.1__react@18.3.1/node_modules/next/dist/server/base-server.js:365:29)
    at async NextNodeServer.handleRequest (/app/node_modules/.pnpm/next@12.3.4_react-dom@18.3.1_react@18.3.1__react@18.3.1/node_modules/next/dist/server/base-server.js:303:20)
    at async Server.<anonymous> (/app/server.js:19:5)
[2026-02-17T16:06:08.978Z] error: <dockerStatusService> TypeError: Cannot read properties of null (reading 'my-docker')
    at getDockerArguments (/app/.next/server/chunks/2045.js:44:14)
    at handler (/app/.next/server/pages/api/docker/status/[...service].js:88:96)
    at Object.apiResolver (/app/node_modules/.pnpm/next@12.3.4_react-dom@18.3.1_react@18.3.1__react@18.3.1/node_modules/next/dist/server/api-utils/node.js:366:15)
    at process.processTicksAndRejections (node:internal/process/task_queues:95:5)
    at async NextNodeServer.runApi (/app/node_modules/.pnpm/next@12.3.4_react-dom@18.3.1_react@18.3.1__react@18.3.1/node_modules/next/dist/server/next-server.js:481:9)
    at async Object.fn (/app/node_modules/.pnpm/next@12.3.4_react-dom@18.3.1_react@18.3.1__react@18.3.1/node_modules/next/dist/server/next-server.js:741:37)
    at async Router.execute (/app/node_modules/.pnpm/next@12.3.4_react-dom@18.3.1_react@18.3.1__react@18.3.1/node_modules/next/dist/server/router.js:252:36)
    at async NextNodeServer.run (/app/node_modules/.pnpm/next@12.3.4_react-dom@18.3.1_react@18.3.1__react@18.3.1/node_modules/next/dist/server/base-server.js:365:29)
    at async NextNodeServer.handleRequest (/app/node_modules/.pnpm/next@12.3.4_react-dom@18.3.1_react@18.3.1__react@18.3.1/node_modules/next/dist/server/base-server.js:303:20)
    at async Server.<anonymous> (/app/server.js:19:5)
[2026-02-17T16:06:08.981Z] error: <dockerStatusService> TypeError: Cannot read properties of null (reading 'my-docker')
    at getDockerArguments (/app/.next/server/chunks/2045.js:44:14)
    at handler (/app/.next/server/pages/api/docker/status/[...service].js:88:96)
    at Object.apiResolver (/app/node_modules/.pnpm/next@12.3.4_react-dom@18.3.1_react@18.3.1__react@18.3.1/node_modules/next/dist/server/api-utils/node.js:366:15)
    at process.processTicksAndRejections (node:internal/process/task_queues:95:5)
    at async NextNodeServer.runApi (/app/node_modules/.pnpm/next@12.3.4_react-dom@18.3.1_react@18.3.1__react@18.3.1/node_modules/next/dist/server/next-server.js:481:9)
    at async Object.fn (/app/node_modules/.pnpm/next@12.3.4_react-dom@18.3.1_react@18.3.1__react@18.3.1/node_modules/next/dist/server/next-server.js:741:37)
    at async Router.execute (/app/node_modules/.pnpm/next@12.3.4_react-dom@18.3.1_react@18.3.1__react@18.3.1/node_modules/next/dist/server/router.js:252:36)
    at async NextNodeServer.run (/app/node_modules/.pnpm/next@12.3.4_react-dom@18.3.1_react@18.3.1__react@18.3.1/node_modules/next/dist/server/base-server.js:365:29)
    at async NextNodeServer.handleRequest (/app/node_modules/.pnpm/next@12.3.4_react-dom@18.3.1_react@18.3.1__react@18.3.1/node_modules/next/dist/server/base-server.js:303:20)
    at async Server.<anonymous> (/app/server.js:19:5)
[2026-02-17T16:06:08.984Z] error: <dockerStatusService> TypeError: Cannot read properties of null (reading 'my-docker')
    at getDockerArguments (/app/.next/server/chunks/2045.js:44:14)
    at handler (/app/.next/server/pages/api/docker/status/[...service].js:88:96)
    at Object.apiResolver (/app/node_modules/.pnpm/next@12.3.4_react-dom@18.3.1_react@18.3.1__react@18.3.1/node_modules/next/dist/server/api-utils/node.js:366:15)
    at process.processTicksAndRejections (node:internal/process/task_queues:95:5)
    at async NextNodeServer.runApi (/app/node_modules/.pnpm/next@12.3.4_react-dom@18.3.1_react@18.3.1__react@18.3.1/node_modules/next/dist/server/next-server.js:481:9)
    at async Object.fn (/app/node_modules/.pnpm/next@12.3.4_react-dom@18.3.1_react@18.3.1__react@18.3.1/node_modules/next/dist/server/next-server.js:741:37)
    at async Router.execute (/app/node_modules/.pnpm/next@12.3.4_react-dom@18.3.1_react@18.3.1__react@18.3.1/node_modules/next/dist/server/router.js:252:36)
    at async NextNodeServer.run (/app/node_modules/.pnpm/next@12.3.4_react-dom@18.3.1_react@18.3.1__react@18.3.1/node_modules/next/dist/server/base-server.js:365:29)
    at async NextNodeServer.handleRequest (/app/node_modules/.pnpm/next@12.3.4_react-dom@18.3.1_react@18.3.1__react@18.3.1/node_modules/next/dist/server/base-server.js:303:20)
    at async Server.<anonymous> (/app/server.js:19:5)
[2026-02-17T17:19:46.594Z] error: <dockerStatusService> TypeError: Cannot read properties of null (reading 'my-docker')
    at getDockerArguments (/app/.next/server/chunks/2045.js:44:14)
    at handler (/app/.next/server/pages/api/docker/status/[...service].js:88:96)
    at Object.apiResolver (/app/node_modules/.pnpm/next@12.3.4_react-dom@18.3.1_react@18.3.1__react@18.3.1/node_modules/next/dist/server/api-utils/node.js:366:15)
    at process.processTicksAndRejections (node:internal/process/task_queues:95:5)
    at async NextNodeServer.runApi (/app/node_modules/.pnpm/next@12.3.4_react-dom@18.3.1_react@18.3.1__react@18.3.1/node_modules/next/dist/server/next-server.js:481:9)
    at async Object.fn (/app/node_modules/.pnpm/next@12.3.4_react-dom@18.3.1_react@18.3.1__react@18.3.1/node_modules/next/dist/server/next-server.js:741:37)
    at async Router.execute (/app/node_modules/.pnpm/next@12.3.4_react-dom@18.3.1_react@18.3.1__react@18.3.1/node_modules/next/dist/server/router.js:252:36)
    at async NextNodeServer.run (/app/node_modules/.pnpm/next@12.3.4_react-dom@18.3.1_react@18.3.1__react@18.3.1/node_modules/next/dist/server/base-server.js:365:29)
    at async NextNodeServer.handleRequest (/app/node_modules/.pnpm/next@12.3.4_react-dom@18.3.1_react@18.3.1__react@18.3.1/node_modules/next/dist/server/base-server.js:303:20)
    at async Server.<anonymous> (/app/server.js:19:5)
[2026-02-17T17:19:46.602Z] error: <dockerStatusService> TypeError: Cannot read properties of null (reading 'my-docker')
    at getDockerArguments (/app/.next/server/chunks/2045.js:44:14)
    at handler (/app/.next/server/pages/api/docker/status/[...service].js:88:96)
    at Object.apiResolver (/app/node_modules/.pnpm/next@12.3.4_react-dom@18.3.1_react@18.3.1__react@18.3.1/node_modules/next/dist/server/api-utils/node.js:366:15)
    at process.processTicksAndRejections (node:internal/process/task_queues:95:5)
    at async NextNodeServer.runApi (/app/node_modules/.pnpm/next@12.3.4_react-dom@18.3.1_react@18.3.1__react@18.3.1/node_modules/next/dist/server/next-server.js:481:9)
    at async Object.fn (/app/node_modules/.pnpm/next@12.3.4_react-dom@18.3.1_react@18.3.1__react@18.3.1/node_modules/next/dist/server/next-server.js:741:37)
    at async Router.execute (/app/node_modules/.pnpm/next@12.3.4_react-dom@18.3.1_react@18.3.1__react@18.3.1/node_modules/next/dist/server/router.js:252:36)
    at async NextNodeServer.run (/app/node_modules/.pnpm/next@12.3.4_react-dom@18.3.1_react@18.3.1__react@18.3.1/node_modules/next/dist/server/base-server.js:365:29)
    at async NextNodeServer.handleRequest (/app/node_modules/.pnpm/next@12.3.4_react-dom@18.3.1_react@18.3.1__react@18.3.1/node_modules/next/dist/server/base-server.js:303:20)
    at async Server.<anonymous> (/app/server.js:19:5)
[2026-02-17T17:19:46.650Z] error: <dockerStatusService> TypeError: Cannot read properties of null (reading 'my-docker')
    at getDockerArguments (/app/.next/server/chunks/2045.js:44:14)
    at handler (/app/.next/server/pages/api/docker/status/[...service].js:88:96)
    at Object.apiResolver (/app/node_modules/.pnpm/next@12.3.4_react-dom@18.3.1_react@18.3.1__react@18.3.1/node_modules/next/dist/server/api-utils/node.js:366:15)
    at process.processTicksAndRejections (node:internal/process/task_queues:95:5)
    at async NextNodeServer.runApi (/app/node_modules/.pnpm/next@12.3.4_react-dom@18.3.1_react@18.3.1__react@18.3.1/node_modules/next/dist/server/next-server.js:481:9)
    at async Object.fn (/app/node_modules/.pnpm/next@12.3.4_react-dom@18.3.1_react@18.3.1__react@18.3.1/node_modules/next/dist/server/next-server.js:741:37)
    at async Router.execute (/app/node_modules/.pnpm/next@12.3.4_react-dom@18.3.1_react@18.3.1__react@18.3.1/node_modules/next/dist/server/router.js:252:36)
    at async NextNodeServer.run (/app/node_modules/.pnpm/next@12.3.4_react-dom@18.3.1_react@18.3.1__react@18.3.1/node_modules/next/dist/server/base-server.js:365:29)
    at async NextNodeServer.handleRequest (/app/node_modules/.pnpm/next@12.3.4_react-dom@18.3.1_react@18.3.1__react@18.3.1/node_modules/next/dist/server/base-server.js:303:20)
    at async Server.<anonymous> (/app/server.js:19:5)
[2026-02-17T17:19:46.655Z] error: <dockerStatusService> TypeError: Cannot read properties of null (reading 'my-docker')
    at getDockerArguments (/app/.next/server/chunks/2045.js:44:14)
    at handler (/app/.next/server/pages/api/docker/status/[...service].js:88:96)
    at Object.apiResolver (/app/node_modules/.pnpm/next@12.3.4_react-dom@18.3.1_react@18.3.1__react@18.3.1/node_modules/next/dist/server/api-utils/node.js:366:15)
    at process.processTicksAndRejections (node:internal/process/task_queues:95:5)
    at async NextNodeServer.runApi (/app/node_modules/.pnpm/next@12.3.4_react-dom@18.3.1_react@18.3.1__react@18.3.1/node_modules/next/dist/server/next-server.js:481:9)
    at async Object.fn (/app/node_modules/.pnpm/next@12.3.4_react-dom@18.3.1_react@18.3.1__react@18.3.1/node_modules/next/dist/server/next-server.js:741:37)
    at async Router.execute (/app/node_modules/.pnpm/next@12.3.4_react-dom@18.3.1_react@18.3.1__react@18.3.1/node_modules/next/dist/server/router.js:252:36)
    at async NextNodeServer.run (/app/node_modules/.pnpm/next@12.3.4_react-dom@18.3.1_react@18.3.1__react@18.3.1/node_modules/next/dist/server/base-server.js:365:29)
    at async NextNodeServer.handleRequest (/app/node_modules/.pnpm/next@12.3.4_react-dom@18.3.1_react@18.3.1__react@18.3.1/node_modules/next/dist/server/base-server.js:303:20)
    at async Server.<anonymous> (/app/server.js:19:5)
[2026-02-17T17:19:46.660Z] error: <dockerStatusService> TypeError: Cannot read properties of null (reading 'my-docker')
    at getDockerArguments (/app/.next/server/chunks/2045.js:44:14)
    at handler (/app/.next/server/pages/api/docker/status/[...service].js:88:96)
    at Object.apiResolver (/app/node_modules/.pnpm/next@12.3.4_react-dom@18.3.1_react@18.3.1__react@18.3.1/node_modules/next/dist/server/api-utils/node.js:366:15)
    at process.processTicksAndRejections (node:internal/process/task_queues:95:5)
    at async NextNodeServer.runApi (/app/node_modules/.pnpm/next@12.3.4_react-dom@18.3.1_react@18.3.1__react@18.3.1/node_modules/next/dist/server/next-server.js:481:9)
    at async Object.fn (/app/node_modules/.pnpm/next@12.3.4_react-dom@18.3.1_react@18.3.1__react@18.3.1/node_modules/next/dist/server/next-server.js:741:37)
    at async Router.execute (/app/node_modules/.pnpm/next@12.3.4_react-dom@18.3.1_react@18.3.1__react@18.3.1/node_modules/next/dist/server/router.js:252:36)
    at async NextNodeServer.run (/app/node_modules/.pnpm/next@12.3.4_react-dom@18.3.1_react@18.3.1__react@18.3.1/node_modules/next/dist/server/base-server.js:365:29)
    at async NextNodeServer.handleRequest (/app/node_modules/.pnpm/next@12.3.4_react-dom@18.3.1_react@18.3.1__react@18.3.1/node_modules/next/dist/server/base-server.js:303:20)
    at async Server.<anonymous> (/app/server.js:19:5)
[2026-02-17T17:19:46.676Z] error: <dockerStatusService> TypeError: Cannot read properties of null (reading 'my-docker')
    at getDockerArguments (/app/.next/server/chunks/2045.js:44:14)
    at handler (/app/.next/server/pages/api/docker/status/[...service].js:88:96)
    at Object.apiResolver (/app/node_modules/.pnpm/next@12.3.4_react-dom@18.3.1_react@18.3.1__react@18.3.1/node_modules/next/dist/server/api-utils/node.js:366:15)
    at process.processTicksAndRejections (node:internal/process/task_queues:95:5)
    at async NextNodeServer.runApi (/app/node_modules/.pnpm/next@12.3.4_react-dom@18.3.1_react@18.3.1__react@18.3.1/node_modules/next/dist/server/next-server.js:481:9)
    at async Object.fn (/app/node_modules/.pnpm/next@12.3.4_react-dom@18.3.1_react@18.3.1__react@18.3.1/node_modules/next/dist/server/next-server.js:741:37)
    at async Router.execute (/app/node_modules/.pnpm/next@12.3.4_react-dom@18.3.1_react@18.3.1__react@18.3.1/node_modules/next/dist/server/router.js:252:36)
    at async NextNodeServer.run (/app/node_modules/.pnpm/next@12.3.4_react-dom@18.3.1_react@18.3.1__react@18.3.1/node_modules/next/dist/server/base-server.js:365:29)
    at async NextNodeServer.handleRequest (/app/node_modules/.pnpm/next@12.3.4_react-dom@18.3.1_react@18.3.1__react@18.3.1/node_modules/next/dist/server/base-server.js:303:20)
    at async Server.<anonymous> (/app/server.js:19:5)
[2026-02-17T17:20:20.117Z] error: <dockerStatusService> TypeError: Cannot read properties of null (reading 'my-docker')
    at getDockerArguments (/app/.next/server/chunks/2045.js:44:14)
    at handler (/app/.next/server/pages/api/docker/status/[...service].js:88:96)
    at Object.apiResolver (/app/node_modules/.pnpm/next@12.3.4_react-dom@18.3.1_react@18.3.1__react@18.3.1/node_modules/next/dist/server/api-utils/node.js:366:15)
    at process.processTicksAndRejections (node:internal/process/task_queues:95:5)
    at async NextNodeServer.runApi (/app/node_modules/.pnpm/next@12.3.4_react-dom@18.3.1_react@18.3.1__react@18.3.1/node_modules/next/dist/server/next-server.js:481:9)
    at async Object.fn (/app/node_modules/.pnpm/next@12.3.4_react-dom@18.3.1_react@18.3.1__react@18.3.1/node_modules/next/dist/server/next-server.js:741:37)
    at async Router.execute (/app/node_modules/.pnpm/next@12.3.4_react-dom@18.3.1_react@18.3.1__react@18.3.1/node_modules/next/dist/server/router.js:252:36)
    at async NextNodeServer.run (/app/node_modules/.pnpm/next@12.3.4_react-dom@18.3.1_react@18.3.1__react@18.3.1/node_modules/next/dist/server/base-server.js:365:29)
    at async NextNodeServer.handleRequest (/app/node_modules/.pnpm/next@12.3.4_react-dom@18.3.1_react@18.3.1__react@18.3.1/node_modules/next/dist/server/base-server.js:303:20)
    at async Server.<anonymous> (/app/server.js:19:5)
[2026-02-17T17:20:20.121Z] error: <dockerStatusService> TypeError: Cannot read properties of null (reading 'my-docker')
    at getDockerArguments (/app/.next/server/chunks/2045.js:44:14)
    at handler (/app/.next/server/pages/api/docker/status/[...service].js:88:96)
    at Object.apiResolver (/app/node_modules/.pnpm/next@12.3.4_react-dom@18.3.1_react@18.3.1__react@18.3.1/node_modules/next/dist/server/api-utils/node.js:366:15)
    at process.processTicksAndRejections (node:internal/process/task_queues:95:5)
    at async NextNodeServer.runApi (/app/node_modules/.pnpm/next@12.3.4_react-dom@18.3.1_react@18.3.1__react@18.3.1/node_modules/next/dist/server/next-server.js:481:9)
    at async Object.fn (/app/node_modules/.pnpm/next@12.3.4_react-dom@18.3.1_react@18.3.1__react@18.3.1/node_modules/next/dist/server/next-server.js:741:37)
    at async Router.execute (/app/node_modules/.pnpm/next@12.3.4_react-dom@18.3.1_react@18.3.1__react@18.3.1/node_modules/next/dist/server/router.js:252:36)
    at async NextNodeServer.run (/app/node_modules/.pnpm/next@12.3.4_react-dom@18.3.1_react@18.3.1__react@18.3.1/node_modules/next/dist/server/base-server.js:365:29)
    at async NextNodeServer.handleRequest (/app/node_modules/.pnpm/next@12.3.4_react-dom@18.3.1_react@18.3.1__react@18.3.1/node_modules/next/dist/server/base-server.js:303:20)
    at async Server.<anonymous> (/app/server.js:19:5)
[2026-02-17T17:20:20.126Z] error: <dockerStatusService> TypeError: Cannot read properties of null (reading 'my-docker')
    at getDockerArguments (/app/.next/server/chunks/2045.js:44:14)
    at handler (/app/.next/server/pages/api/docker/status/[...service].js:88:96)
    at Object.apiResolver (/app/node_modules/.pnpm/next@12.3.4_react-dom@18.3.1_react@18.3.1__react@18.3.1/node_modules/next/dist/server/api-utils/node.js:366:15)
    at process.processTicksAndRejections (node:internal/process/task_queues:95:5)
    at async NextNodeServer.runApi (/app/node_modules/.pnpm/next@12.3.4_react-dom@18.3.1_react@18.3.1__react@18.3.1/node_modules/next/dist/server/next-server.js:481:9)
    at async Object.fn (/app/node_modules/.pnpm/next@12.3.4_react-dom@18.3.1_react@18.3.1__react@18.3.1/node_modules/next/dist/server/next-server.js:741:37)
    at async Router.execute (/app/node_modules/.pnpm/next@12.3.4_react-dom@18.3.1_react@18.3.1__react@18.3.1/node_modules/next/dist/server/router.js:252:36)
    at async NextNodeServer.run (/app/node_modules/.pnpm/next@12.3.4_react-dom@18.3.1_react@18.3.1__react@18.3.1/node_modules/next/dist/server/base-server.js:365:29)
    at async NextNodeServer.handleRequest (/app/node_modules/.pnpm/next@12.3.4_react-dom@18.3.1_react@18.3.1__react@18.3.1/node_modules/next/dist/server/base-server.js:303:20)
    at async Server.<anonymous> (/app/server.js:19:5)
[2026-02-17T17:20:20.131Z] error: <dockerStatusService> TypeError: Cannot read properties of null (reading 'my-docker')
    at getDockerArguments (/app/.next/server/chunks/2045.js:44:14)
    at handler (/app/.next/server/pages/api/docker/status/[...service].js:88:96)
    at Object.apiResolver (/app/node_modules/.pnpm/next@12.3.4_react-dom@18.3.1_react@18.3.1__react@18.3.1/node_modules/next/dist/server/api-utils/node.js:366:15)
    at process.processTicksAndRejections (node:internal/process/task_queues:95:5)
    at async NextNodeServer.runApi (/app/node_modules/.pnpm/next@12.3.4_react-dom@18.3.1_react@18.3.1__react@18.3.1/node_modules/next/dist/server/next-server.js:481:9)
    at async Object.fn (/app/node_modules/.pnpm/next@12.3.4_react-dom@18.3.1_react@18.3.1__react@18.3.1/node_modules/next/dist/server/next-server.js:741:37)
    at async Router.execute (/app/node_modules/.pnpm/next@12.3.4_react-dom@18.3.1_react@18.3.1__react@18.3.1/node_modules/next/dist/server/router.js:252:36)
    at async NextNodeServer.run (/app/node_modules/.pnpm/next@12.3.4_react-dom@18.3.1_react@18.3.1__react@18.3.1/node_modules/next/dist/server/base-server.js:365:29)
    at async NextNodeServer.handleRequest (/app/node_modules/.pnpm/next@12.3.4_react-dom@18.3.1_react@18.3.1__react@18.3.1/node_modules/next/dist/server/base-server.js:303:20)
    at async Server.<anonymous> (/app/server.js:19:5)
[2026-02-17T17:20:20.134Z] error: <dockerStatusService> TypeError: Cannot read properties of null (reading 'my-docker')
    at getDockerArguments (/app/.next/server/chunks/2045.js:44:14)
    at handler (/app/.next/server/pages/api/docker/status/[...service].js:88:96)
    at Object.apiResolver (/app/node_modules/.pnpm/next@12.3.4_react-dom@18.3.1_react@18.3.1__react@18.3.1/node_modules/next/dist/server/api-utils/node.js:366:15)
    at process.processTicksAndRejections (node:internal/process/task_queues:95:5)
    at async NextNodeServer.runApi (/app/node_modules/.pnpm/next@12.3.4_react-dom@18.3.1_react@18.3.1__react@18.3.1/node_modules/next/dist/server/next-server.js:481:9)
    at async Object.fn (/app/node_modules/.pnpm/next@12.3.4_react-dom@18.3.1_react@18.3.1__react@18.3.1/node_modules/next/dist/server/next-server.js:741:37)
    at async Router.execute (/app/node_modules/.pnpm/next@12.3.4_react-dom@18.3.1_react@18.3.1__react@18.3.1/node_modules/next/dist/server/router.js:252:36)
    at async NextNodeServer.run (/app/node_modules/.pnpm/next@12.3.4_react-dom@18.3.1_react@18.3.1__react@18.3.1/node_modules/next/dist/server/base-server.js:365:29)
    at async NextNodeServer.handleRequest (/app/node_modules/.pnpm/next@12.3.4_react-dom@18.3.1_react@18.3.1__react@18.3.1/node_modules/next/dist/server/base-server.js:303:20)
    at async Server.<anonymous> (/app/server.js:19:5)
[2026-02-17T17:20:20.138Z] error: <dockerStatusService> TypeError: Cannot read properties of null (reading 'my-docker')
    at getDockerArguments (/app/.next/server/chunks/2045.js:44:14)
    at handler (/app/.next/server/pages/api/docker/status/[...service].js:88:96)
    at Object.apiResolver (/app/node_modules/.pnpm/next@12.3.4_react-dom@18.3.1_react@18.3.1__react@18.3.1/node_modules/next/dist/server/api-utils/node.js:366:15)
    at process.processTicksAndRejections (node:internal/process/task_queues:95:5)
    at async NextNodeServer.runApi (/app/node_modules/.pnpm/next@12.3.4_react-dom@18.3.1_react@18.3.1__react@18.3.1/node_modules/next/dist/server/next-server.js:481:9)
    at async Object.fn (/app/node_modules/.pnpm/next@12.3.4_react-dom@18.3.1_react@18.3.1__react@18.3.1/node_modules/next/dist/server/next-server.js:741:37)
    at async Router.execute (/app/node_modules/.pnpm/next@12.3.4_react-dom@18.3.1_react@18.3.1__react@18.3.1/node_modules/next/dist/server/router.js:252:36)
    at async NextNodeServer.run (/app/node_modules/.pnpm/next@12.3.4_react-dom@18.3.1_react@18.3.1__react@18.3.1/node_modules/next/dist/server/base-server.js:365:29)
    at async NextNodeServer.handleRequest (/app/node_modules/.pnpm/next@12.3.4_react-dom@18.3.1_react@18.3.1__react@18.3.1/node_modules/next/dist/server/base-server.js:303:20)
    at async Server.<anonymous> (/app/server.js:19:5)
[2026-02-17T17:41:38.257Z] error: <dockerStatusService> TypeError: Cannot read properties of null (reading 'my-docker')
    at getDockerArguments (/app/.next/server/chunks/2045.js:44:14)
    at handler (/app/.next/server/pages/api/docker/status/[...service].js:88:96)
    at Object.apiResolver (/app/node_modules/.pnpm/next@12.3.4_react-dom@18.3.1_react@18.3.1__react@18.3.1/node_modules/next/dist/server/api-utils/node.js:366:15)
    at process.processTicksAndRejections (node:internal/process/task_queues:95:5)
    at async NextNodeServer.runApi (/app/node_modules/.pnpm/next@12.3.4_react-dom@18.3.1_react@18.3.1__react@18.3.1/node_modules/next/dist/server/next-server.js:481:9)
    at async Object.fn (/app/node_modules/.pnpm/next@12.3.4_react-dom@18.3.1_react@18.3.1__react@18.3.1/node_modules/next/dist/server/next-server.js:741:37)
    at async Router.execute (/app/node_modules/.pnpm/next@12.3.4_react-dom@18.3.1_react@18.3.1__react@18.3.1/node_modules/next/dist/server/router.js:252:36)
    at async NextNodeServer.run (/app/node_modules/.pnpm/next@12.3.4_react-dom@18.3.1_react@18.3.1__react@18.3.1/node_modules/next/dist/server/base-server.js:365:29)
    at async NextNodeServer.handleRequest (/app/node_modules/.pnpm/next@12.3.4_react-dom@18.3.1_react@18.3.1__react@18.3.1/node_modules/next/dist/server/base-server.js:303:20)
    at async Server.<anonymous> (/app/server.js:19:5)
[2026-02-17T17:41:38.266Z] error: <dockerStatusService> TypeError: Cannot read properties of null (reading 'my-docker')
    at getDockerArguments (/app/.next/server/chunks/2045.js:44:14)
    at handler (/app/.next/server/pages/api/docker/status/[...service].js:88:96)
    at Object.apiResolver (/app/node_modules/.pnpm/next@12.3.4_react-dom@18.3.1_react@18.3.1__react@18.3.1/node_modules/next/dist/server/api-utils/node.js:366:15)
    at process.processTicksAndRejections (node:internal/process/task_queues:95:5)
    at async NextNodeServer.runApi (/app/node_modules/.pnpm/next@12.3.4_react-dom@18.3.1_react@18.3.1__react@18.3.1/node_modules/next/dist/server/next-server.js:481:9)
    at async Object.fn (/app/node_modules/.pnpm/next@12.3.4_react-dom@18.3.1_react@18.3.1__react@18.3.1/node_modules/next/dist/server/next-server.js:741:37)
    at async Router.execute (/app/node_modules/.pnpm/next@12.3.4_react-dom@18.3.1_react@18.3.1__react@18.3.1/node_modules/next/dist/server/router.js:252:36)
    at async NextNodeServer.run (/app/node_modules/.pnpm/next@12.3.4_react-dom@18.3.1_react@18.3.1__react@18.3.1/node_modules/next/dist/server/base-server.js:365:29)
    at async NextNodeServer.handleRequest (/app/node_modules/.pnpm/next@12.3.4_react-dom@18.3.1_react@18.3.1__react@18.3.1/node_modules/next/dist/server/base-server.js:303:20)
    at async Server.<anonymous> (/app/server.js:19:5)
[2026-02-17T17:41:38.272Z] error: <dockerStatusService> TypeError: Cannot read properties of null (reading 'my-docker')
    at getDockerArguments (/app/.next/server/chunks/2045.js:44:14)
    at handler (/app/.next/server/pages/api/docker/status/[...service].js:88:96)
    at Object.apiResolver (/app/node_modules/.pnpm/next@12.3.4_react-dom@18.3.1_react@18.3.1__react@18.3.1/node_modules/next/dist/server/api-utils/node.js:366:15)
    at process.processTicksAndRejections (node:internal/process/task_queues:95:5)
    at async NextNodeServer.runApi (/app/node_modules/.pnpm/next@12.3.4_react-dom@18.3.1_react@18.3.1__react@18.3.1/node_modules/next/dist/server/next-server.js:481:9)
    at async Object.fn (/app/node_modules/.pnpm/next@12.3.4_react-dom@18.3.1_react@18.3.1__react@18.3.1/node_modules/next/dist/server/next-server.js:741:37)
    at async Router.execute (/app/node_modules/.pnpm/next@12.3.4_react-dom@18.3.1_react@18.3.1__react@18.3.1/node_modules/next/dist/server/router.js:252:36)
    at async NextNodeServer.run (/app/node_modules/.pnpm/next@12.3.4_react-dom@18.3.1_react@18.3.1__react@18.3.1/node_modules/next/dist/server/base-server.js:365:29)
    at async NextNodeServer.handleRequest (/app/node_modules/.pnpm/next@12.3.4_react-dom@18.3.1_react@18.3.1__react@18.3.1/node_modules/next/dist/server/base-server.js:303:20)
    at async Server.<anonymous> (/app/server.js:19:5)
[2026-02-17T17:41:38.275Z] error: <dockerStatusService> TypeError: Cannot read properties of null (reading 'my-docker')
    at getDockerArguments (/app/.next/server/chunks/2045.js:44:14)
    at handler (/app/.next/server/pages/api/docker/status/[...service].js:88:96)
    at Object.apiResolver (/app/node_modules/.pnpm/next@12.3.4_react-dom@18.3.1_react@18.3.1__react@18.3.1/node_modules/next/dist/server/api-utils/node.js:366:15)
    at process.processTicksAndRejections (node:internal/process/task_queues:95:5)
    at async NextNodeServer.runApi (/app/node_modules/.pnpm/next@12.3.4_react-dom@18.3.1_react@18.3.1__react@18.3.1/node_modules/next/dist/server/next-server.js:481:9)
    at async Object.fn (/app/node_modules/.pnpm/next@12.3.4_react-dom@18.3.1_react@18.3.1__react@18.3.1/node_modules/next/dist/server/next-server.js:741:37)
    at async Router.execute (/app/node_modules/.pnpm/next@12.3.4_react-dom@18.3.1_react@18.3.1__react@18.3.1/node_modules/next/dist/server/router.js:252:36)
    at async NextNodeServer.run (/app/node_modules/.pnpm/next@12.3.4_react-dom@18.3.1_react@18.3.1__react@18.3.1/node_modules/next/dist/server/base-server.js:365:29)
    at async NextNodeServer.handleRequest (/app/node_modules/.pnpm/next@12.3.4_react-dom@18.3.1_react@18.3.1__react@18.3.1/node_modules/next/dist/server/base-server.js:303:20)
    at async Server.<anonymous> (/app/server.js:19:5)
[2026-02-17T17:41:38.283Z] error: <dockerStatusService> TypeError: Cannot read properties of null (reading 'my-docker')
    at getDockerArguments (/app/.next/server/chunks/2045.js:44:14)
    at handler (/app/.next/server/pages/api/docker/status/[...service].js:88:96)
    at Object.apiResolver (/app/node_modules/.pnpm/next@12.3.4_react-dom@18.3.1_react@18.3.1__react@18.3.1/node_modules/next/dist/server/api-utils/node.js:366:15)
    at process.processTicksAndRejections (node:internal/process/task_queues:95:5)
    at async NextNodeServer.runApi (/app/node_modules/.pnpm/next@12.3.4_react-dom@18.3.1_react@18.3.1__react@18.3.1/node_modules/next/dist/server/next-server.js:481:9)
    at async Object.fn (/app/node_modules/.pnpm/next@12.3.4_react-dom@18.3.1_react@18.3.1__react@18.3.1/node_modules/next/dist/server/next-server.js:741:37)
    at async Router.execute (/app/node_modules/.pnpm/next@12.3.4_react-dom@18.3.1_react@18.3.1__react@18.3.1/node_modules/next/dist/server/router.js:252:36)
    at async NextNodeServer.run (/app/node_modules/.pnpm/next@12.3.4_react-dom@18.3.1_react@18.3.1__react@18.3.1/node_modules/next/dist/server/base-server.js:365:29)
    at async NextNodeServer.handleRequest (/app/node_modules/.pnpm/next@12.3.4_react-dom@18.3.1_react@18.3.1__react@18.3.1/node_modules/next/dist/server/base-server.js:303:20)
    at async Server.<anonymous> (/app/server.js:19:5)
[2026-02-17T17:41:38.287Z] error: <dockerStatusService> TypeError: Cannot read properties of null (reading 'my-docker')
    at getDockerArguments (/app/.next/server/chunks/2045.js:44:14)
    at handler (/app/.next/server/pages/api/docker/status/[...service].js:88:96)
    at Object.apiResolver (/app/node_modules/.pnpm/next@12.3.4_react-dom@18.3.1_react@18.3.1__react@18.3.1/node_modules/next/dist/server/api-utils/node.js:366:15)
    at process.processTicksAndRejections (node:internal/process/task_queues:95:5)
    at async NextNodeServer.runApi (/app/node_modules/.pnpm/next@12.3.4_react-dom@18.3.1_react@18.3.1__react@18.3.1/node_modules/next/dist/server/next-server.js:481:9)
    at async Object.fn (/app/node_modules/.pnpm/next@12.3.4_react-dom@18.3.1_react@18.3.1__react@18.3.1/node_modules/next/dist/server/next-server.js:741:37)
    at async Router.execute (/app/node_modules/.pnpm/next@12.3.4_react-dom@18.3.1_react@18.3.1__react@18.3.1/node_modules/next/dist/server/router.js:252:36)
    at async NextNodeServer.run (/app/node_modules/.pnpm/next@12.3.4_react-dom@18.3.1_react@18.3.1__react@18.3.1/node_modules/next/dist/server/base-server.js:365:29)
    at async NextNodeServer.handleRequest (/app/node_modules/.pnpm/next@12.3.4_react-dom@18.3.1_react@18.3.1__react@18.3.1/node_modules/next/dist/server/base-server.js:303:20)
    at async Server.<anonymous> (/app/server.js:19:5)
[2026-02-17T18:08:22.978Z] error: <dockerStatusService> TypeError: Cannot read properties of null (reading 'my-docker')
    at getDockerArguments (/app/.next/server/chunks/2045.js:44:14)
    at handler (/app/.next/server/pages/api/docker/status/[...service].js:88:96)
    at Object.apiResolver (/app/node_modules/.pnpm/next@12.3.4_react-dom@18.3.1_react@18.3.1__react@18.3.1/node_modules/next/dist/server/api-utils/node.js:366:15)
    at process.processTicksAndRejections (node:internal/process/task_queues:95:5)
    at async NextNodeServer.runApi (/app/node_modules/.pnpm/next@12.3.4_react-dom@18.3.1_react@18.3.1__react@18.3.1/node_modules/next/dist/server/next-server.js:481:9)
    at async Object.fn (/app/node_modules/.pnpm/next@12.3.4_react-dom@18.3.1_react@18.3.1__react@18.3.1/node_modules/next/dist/server/next-server.js:741:37)
    at async Router.execute (/app/node_modules/.pnpm/next@12.3.4_react-dom@18.3.1_react@18.3.1__react@18.3.1/node_modules/next/dist/server/router.js:252:36)
    at async NextNodeServer.run (/app/node_modules/.pnpm/next@12.3.4_react-dom@18.3.1_react@18.3.1__react@18.3.1/node_modules/next/dist/server/base-server.js:365:29)
    at async NextNodeServer.handleRequest (/app/node_modules/.pnpm/next@12.3.4_react-dom@18.3.1_react@18.3.1__react@18.3.1/node_modules/next/dist/server/base-server.js:303:20)
    at async Server.<anonymous> (/app/server.js:19:5)
[2026-02-17T18:08:22.987Z] error: <dockerStatusService> TypeError: Cannot read properties of null (reading 'my-docker')
    at getDockerArguments (/app/.next/server/chunks/2045.js:44:14)
    at handler (/app/.next/server/pages/api/docker/status/[...service].js:88:96)
    at Object.apiResolver (/app/node_modules/.pnpm/next@12.3.4_react-dom@18.3.1_react@18.3.1__react@18.3.1/node_modules/next/dist/server/api-utils/node.js:366:15)
    at process.processTicksAndRejections (node:internal/process/task_queues:95:5)
    at async NextNodeServer.runApi (/app/node_modules/.pnpm/next@12.3.4_react-dom@18.3.1_react@18.3.1__react@18.3.1/node_modules/next/dist/server/next-server.js:481:9)
    at async Object.fn (/app/node_modules/.pnpm/next@12.3.4_react-dom@18.3.1_react@18.3.1__react@18.3.1/node_modules/next/dist/server/next-server.js:741:37)
    at async Router.execute (/app/node_modules/.pnpm/next@12.3.4_react-dom@18.3.1_react@18.3.1__react@18.3.1/node_modules/next/dist/server/router.js:252:36)
    at async NextNodeServer.run (/app/node_modules/.pnpm/next@12.3.4_react-dom@18.3.1_react@18.3.1__react@18.3.1/node_modules/next/dist/server/base-server.js:365:29)
    at async NextNodeServer.handleRequest (/app/node_modules/.pnpm/next@12.3.4_react-dom@18.3.1_react@18.3.1__react@18.3.1/node_modules/next/dist/server/base-server.js:303:20)
    at async Server.<anonymous> (/app/server.js:19:5)
[2026-02-17T18:08:23.015Z] error: <dockerStatusService> TypeError: Cannot read properties of null (reading 'my-docker')
    at getDockerArguments (/app/.next/server/chunks/2045.js:44:14)
    at handler (/app/.next/server/pages/api/docker/status/[...service].js:88:96)
    at Object.apiResolver (/app/node_modules/.pnpm/next@12.3.4_react-dom@18.3.1_react@18.3.1__react@18.3.1/node_modules/next/dist/server/api-utils/node.js:366:15)
    at process.processTicksAndRejections (node:internal/process/task_queues:95:5)
    at async NextNodeServer.runApi (/app/node_modules/.pnpm/next@12.3.4_react-dom@18.3.1_react@18.3.1__react@18.3.1/node_modules/next/dist/server/next-server.js:481:9)
    at async Object.fn (/app/node_modules/.pnpm/next@12.3.4_react-dom@18.3.1_react@18.3.1__react@18.3.1/node_modules/next/dist/server/next-server.js:741:37)
    at async Router.execute (/app/node_modules/.pnpm/next@12.3.4_react-dom@18.3.1_react@18.3.1__react@18.3.1/node_modules/next/dist/server/router.js:252:36)
    at async NextNodeServer.run (/app/node_modules/.pnpm/next@12.3.4_react-dom@18.3.1_react@18.3.1__react@18.3.1/node_modules/next/dist/server/base-server.js:365:29)
    at async NextNodeServer.handleRequest (/app/node_modules/.pnpm/next@12.3.4_react-dom@18.3.1_react@18.3.1__react@18.3.1/node_modules/next/dist/server/base-server.js:303:20)
    at async Server.<anonymous> (/app/server.js:19:5)
[2026-02-17T18:08:23.020Z] error: <dockerStatusService> TypeError: Cannot read properties of null (reading 'my-docker')
    at getDockerArguments (/app/.next/server/chunks/2045.js:44:14)
    at handler (/app/.next/server/pages/api/docker/status/[...service].js:88:96)
    at Object.apiResolver (/app/node_modules/.pnpm/next@12.3.4_react-dom@18.3.1_react@18.3.1__react@18.3.1/node_modules/next/dist/server/api-utils/node.js:366:15)
    at process.processTicksAndRejections (node:internal/process/task_queues:95:5)
    at async NextNodeServer.runApi (/app/node_modules/.pnpm/next@12.3.4_react-dom@18.3.1_react@18.3.1__react@18.3.1/node_modules/next/dist/server/next-server.js:481:9)
    at async Object.fn (/app/node_modules/.pnpm/next@12.3.4_react-dom@18.3.1_react@18.3.1__react@18.3.1/node_modules/next/dist/server/next-server.js:741:37)
    at async Router.execute (/app/node_modules/.pnpm/next@12.3.4_react-dom@18.3.1_react@18.3.1__react@18.3.1/node_modules/next/dist/server/router.js:252:36)
    at async NextNodeServer.run (/app/node_modules/.pnpm/next@12.3.4_react-dom@18.3.1_react@18.3.1__react@18.3.1/node_modules/next/dist/server/base-server.js:365:29)
    at async NextNodeServer.handleRequest (/app/node_modules/.pnpm/next@12.3.4_react-dom@18.3.1_react@18.3.1__react@18.3.1/node_modules/next/dist/server/base-server.js:303:20)
    at async Server.<anonymous> (/app/server.js:19:5)
[2026-02-17T18:08:23.024Z] error: <dockerStatusService> TypeError: Cannot read properties of null (reading 'my-docker')
    at getDockerArguments (/app/.next/server/chunks/2045.js:44:14)
    at handler (/app/.next/server/pages/api/docker/status/[...service].js:88:96)
    at Object.apiResolver (/app/node_modules/.pnpm/next@12.3.4_react-dom@18.3.1_react@18.3.1__react@18.3.1/node_modules/next/dist/server/api-utils/node.js:366:15)
    at process.processTicksAndRejections (node:internal/process/task_queues:95:5)
    at async NextNodeServer.runApi (/app/node_modules/.pnpm/next@12.3.4_react-dom@18.3.1_react@18.3.1__react@18.3.1/node_modules/next/dist/server/next-server.js:481:9)
    at async Object.fn (/app/node_modules/.pnpm/next@12.3.4_react-dom@18.3.1_react@18.3.1__react@18.3.1/node_modules/next/dist/server/next-server.js:741:37)
    at async Router.execute (/app/node_modules/.pnpm/next@12.3.4_react-dom@18.3.1_react@18.3.1__react@18.3.1/node_modules/next/dist/server/router.js:252:36)
    at async NextNodeServer.run (/app/node_modules/.pnpm/next@12.3.4_react-dom@18.3.1_react@18.3.1__react@18.3.1/node_modules/next/dist/server/base-server.js:365:29)
    at async NextNodeServer.handleRequest (/app/node_modules/.pnpm/next@12.3.4_react-dom@18.3.1_react@18.3.1__react@18.3.1/node_modules/next/dist/server/base-server.js:303:20)
    at async Server.<anonymous> (/app/server.js:19:5)
[2026-02-17T18:08:23.033Z] error: <dockerStatusService> TypeError: Cannot read properties of null (reading 'my-docker')
    at getDockerArguments (/app/.next/server/chunks/2045.js:44:14)
    at handler (/app/.next/server/pages/api/docker/status/[...service].js:88:96)
    at Object.apiResolver (/app/node_modules/.pnpm/next@12.3.4_react-dom@18.3.1_react@18.3.1__react@18.3.1/node_modules/next/dist/server/api-utils/node.js:366:15)
    at process.processTicksAndRejections (node:internal/process/task_queues:95:5)
    at async NextNodeServer.runApi (/app/node_modules/.pnpm/next@12.3.4_react-dom@18.3.1_react@18.3.1__react@18.3.1/node_modules/next/dist/server/next-server.js:481:9)
    at async Object.fn (/app/node_modules/.pnpm/next@12.3.4_react-dom@18.3.1_react@18.3.1__react@18.3.1/node_modules/next/dist/server/next-server.js:741:37)
    at async Router.execute (/app/node_modules/.pnpm/next@12.3.4_react-dom@18.3.1_react@18.3.1__react@18.3.1/node_modules/next/dist/server/router.js:252:36)
    at async NextNodeServer.run (/app/node_modules/.pnpm/next@12.3.4_react-dom@18.3.1_react@18.3.1__react@18.3.1/node_modules/next/dist/server/base-server.js:365:29)
    at async NextNodeServer.handleRequest (/app/node_modules/.pnpm/next@12.3.4_react-dom@18.3.1_react@18.3.1__react@18.3.1/node_modules/next/dist/server/base-server.js:303:20)
    at async Server.<anonymous> (/app/server.js:19:5)
[2026-02-17T18:08:24.002Z] error: <dockerStatusService> TypeError: Cannot read properties of null (reading 'my-docker')
    at getDockerArguments (/app/.next/server/chunks/2045.js:44:14)
    at handler (/app/.next/server/pages/api/docker/status/[...service].js:88:96)
    at Object.apiResolver (/app/node_modules/.pnpm/next@12.3.4_react-dom@18.3.1_react@18.3.1__react@18.3.1/node_modules/next/dist/server/api-utils/node.js:366:15)
    at process.processTicksAndRejections (node:internal/process/task_queues:95:5)
    at async NextNodeServer.runApi (/app/node_modules/.pnpm/next@12.3.4_react-dom@18.3.1_react@18.3.1__react@18.3.1/node_modules/next/dist/server/next-server.js:481:9)
    at async Object.fn (/app/node_modules/.pnpm/next@12.3.4_react-dom@18.3.1_react@18.3.1__react@18.3.1/node_modules/next/dist/server/next-server.js:741:37)
    at async Router.execute (/app/node_modules/.pnpm/next@12.3.4_react-dom@18.3.1_react@18.3.1__react@18.3.1/node_modules/next/dist/server/router.js:252:36)
    at async NextNodeServer.run (/app/node_modules/.pnpm/next@12.3.4_react-dom@18.3.1_react@18.3.1__react@18.3.1/node_modules/next/dist/server/base-server.js:365:29)
    at async NextNodeServer.handleRequest (/app/node_modules/.pnpm/next@12.3.4_react-dom@18.3.1_react@18.3.1__react@18.3.1/node_modules/next/dist/server/base-server.js:303:20)
    at async Server.<anonymous> (/app/server.js:19:5)
[2026-02-17T18:08:24.020Z] error: <dockerStatusService> TypeError: Cannot read properties of null (reading 'my-docker')
    at getDockerArguments (/app/.next/server/chunks/2045.js:44:14)
    at handler (/app/.next/server/pages/api/docker/status/[...service].js:88:96)
    at Object.apiResolver (/app/node_modules/.pnpm/next@12.3.4_react-dom@18.3.1_react@18.3.1__react@18.3.1/node_modules/next/dist/server/api-utils/node.js:366:15)
    at process.processTicksAndRejections (node:internal/process/task_queues:95:5)
    at async NextNodeServer.runApi (/app/node_modules/.pnpm/next@12.3.4_react-dom@18.3.1_react@18.3.1__react@18.3.1/node_modules/next/dist/server/next-server.js:481:9)
    at async Object.fn (/app/node_modules/.pnpm/next@12.3.4_react-dom@18.3.1_react@18.3.1__react@18.3.1/node_modules/next/dist/server/next-server.js:741:37)
    at async Router.execute (/app/node_modules/.pnpm/next@12.3.4_react-dom@18.3.1_react@18.3.1__react@18.3.1/node_modules/next/dist/server/router.js:252:36)
    at async NextNodeServer.run (/app/node_modules/.pnpm/next@12.3.4_react-dom@18.3.1_react@18.3.1__react@18.3.1/node_modules/next/dist/server/base-server.js:365:29)
    at async NextNodeServer.handleRequest (/app/node_modules/.pnpm/next@12.3.4_react-dom@18.3.1_react@18.3.1__react@18.3.1/node_modules/next/dist/server/base-server.js:303:20)
    at async Server.<anonymous> (/app/server.js:19:5)
[2026-02-17T18:08:24.038Z] error: <dockerStatusService> TypeError: Cannot read properties of null (reading 'my-docker')
    at getDockerArguments (/app/.next/server/chunks/2045.js:44:14)
    at handler (/app/.next/server/pages/api/docker/status/[...service].js:88:96)
    at Object.apiResolver (/app/node_modules/.pnpm/next@12.3.4_react-dom@18.3.1_react@18.3.1__react@18.3.1/node_modules/next/dist/server/api-utils/node.js:366:15)
    at process.processTicksAndRejections (node:internal/process/task_queues:95:5)
    at async NextNodeServer.runApi (/app/node_modules/.pnpm/next@12.3.4_react-dom@18.3.1_react@18.3.1__react@18.3.1/node_modules/next/dist/server/next-server.js:481:9)
    at async Object.fn (/app/node_modules/.pnpm/next@12.3.4_react-dom@18.3.1_react@18.3.1__react@18.3.1/node_modules/next/dist/server/next-server.js:741:37)
    at async Router.execute (/app/node_modules/.pnpm/next@12.3.4_react-dom@18.3.1_react@18.3.1__react@18.3.1/node_modules/next/dist/server/router.js:252:36)
    at async NextNodeServer.run (/app/node_modules/.pnpm/next@12.3.4_react-dom@18.3.1_react@18.3.1__react@18.3.1/node_modules/next/dist/server/base-server.js:365:29)
    at async NextNodeServer.handleRequest (/app/node_modules/.pnpm/next@12.3.4_react-dom@18.3.1_react@18.3.1__react@18.3.1/node_modules/next/dist/server/base-server.js:303:20)
    at async Server.<anonymous> (/app/server.js:19:5)
[2026-02-17T18:08:24.055Z] error: <dockerStatusService> TypeError: Cannot read properties of null (reading 'my-docker')
    at getDockerArguments (/app/.next/server/chunks/2045.js:44:14)
    at handler (/app/.next/server/pages/api/docker/status/[...service].js:88:96)
    at Object.apiResolver (/app/node_modules/.pnpm/next@12.3.4_react-dom@18.3.1_react@18.3.1__react@18.3.1/node_modules/next/dist/server/api-utils/node.js:366:15)
    at process.processTicksAndRejections (node:internal/process/task_queues:95:5)
    at async NextNodeServer.runApi (/app/node_modules/.pnpm/next@12.3.4_react-dom@18.3.1_react@18.3.1__react@18.3.1/node_modules/next/dist/server/next-server.js:481:9)
    at async Object.fn (/app/node_modules/.pnpm/next@12.3.4_react-dom@18.3.1_react@18.3.1__react@18.3.1/node_modules/next/dist/server/next-server.js:741:37)
    at async Router.execute (/app/node_modules/.pnpm/next@12.3.4_react-dom@18.3.1_react@18.3.1__react@18.3.1/node_modules/next/dist/server/router.js:252:36)
    at async NextNodeServer.run (/app/node_modules/.pnpm/next@12.3.4_react-dom@18.3.1_react@18.3.1__react@18.3.1/node_modules/next/dist/server/base-server.js:365:29)
    at async NextNodeServer.handleRequest (/app/node_modules/.pnpm/next@12.3.4_react-dom@18.3.1_react@18.3.1__react@18.3.1/node_modules/next/dist/server/base-server.js:303:20)
    at async Server.<anonymous> (/app/server.js:19:5)
[2026-02-17T18:08:24.064Z] error: <dockerStatusService> TypeError: Cannot read properties of null (reading 'my-docker')
    at getDockerArguments (/app/.next/server/chunks/2045.js:44:14)
    at handler (/app/.next/server/pages/api/docker/status/[...service].js:88:96)
    at Object.apiResolver (/app/node_modules/.pnpm/next@12.3.4_react-dom@18.3.1_react@18.3.1__react@18.3.1/node_modules/next/dist/server/api-utils/node.js:366:15)
    at process.processTicksAndRejections (node:internal/process/task_queues:95:5)
    at async NextNodeServer.runApi (/app/node_modules/.pnpm/next@12.3.4_react-dom@18.3.1_react@18.3.1__react@18.3.1/node_modules/next/dist/server/next-server.js:481:9)
    at async Object.fn (/app/node_modules/.pnpm/next@12.3.4_react-dom@18.3.1_react@18.3.1__react@18.3.1/node_modules/next/dist/server/next-server.js:741:37)
    at async Router.execute (/app/node_modules/.pnpm/next@12.3.4_react-dom@18.3.1_react@18.3.1__react@18.3.1/node_modules/next/dist/server/router.js:252:36)
    at async NextNodeServer.run (/app/node_modules/.pnpm/next@12.3.4_react-dom@18.3.1_react@18.3.1__react@18.3.1/node_modules/next/dist/server/base-server.js:365:29)
    at async NextNodeServer.handleRequest (/app/node_modules/.pnpm/next@12.3.4_react-dom@18.3.1_react@18.3.1__react@18.3.1/node_modules/next/dist/server/base-server.js:303:20)
    at async Server.<anonymous> (/app/server.js:19:5)
[2026-02-17T18:08:24.076Z] error: <dockerStatusService> TypeError: Cannot read properties of null (reading 'my-docker')
    at getDockerArguments (/app/.next/server/chunks/2045.js:44:14)
    at handler (/app/.next/server/pages/api/docker/status/[...service].js:88:96)
    at Object.apiResolver (/app/node_modules/.pnpm/next@12.3.4_react-dom@18.3.1_react@18.3.1__react@18.3.1/node_modules/next/dist/server/api-utils/node.js:366:15)
    at process.processTicksAndRejections (node:internal/process/task_queues:95:5)
    at async NextNodeServer.runApi (/app/node_modules/.pnpm/next@12.3.4_react-dom@18.3.1_react@18.3.1__react@18.3.1/node_modules/next/dist/server/next-server.js:481:9)
    at async Object.fn (/app/node_modules/.pnpm/next@12.3.4_react-dom@18.3.1_react@18.3.1__react@18.3.1/node_modules/next/dist/server/next-server.js:741:37)
    at async Router.execute (/app/node_modules/.pnpm/next@12.3.4_react-dom@18.3.1_react@18.3.1__react@18.3.1/node_modules/next/dist/server/router.js:252:36)
    at async NextNodeServer.run (/app/node_modules/.pnpm/next@12.3.4_react-dom@18.3.1_react@18.3.1__react@18.3.1/node_modules/next/dist/server/base-server.js:365:29)
    at async NextNodeServer.handleRequest (/app/node_modules/.pnpm/next@12.3.4_react-dom@18.3.1_react@18.3.1__react@18.3.1/node_modules/next/dist/server/base-server.js:303:20)
    at async Server.<anonymous> (/app/server.js:19:5)
[2026-02-17T18:08:24.116Z] error: <dockerStatusService> TypeError: Cannot read properties of null (reading 'my-docker')
    at getDockerArguments (/app/.next/server/chunks/2045.js:44:14)
    at handler (/app/.next/server/pages/api/docker/status/[...service].js:88:96)
    at Object.apiResolver (/app/node_modules/.pnpm/next@12.3.4_react-dom@18.3.1_react@18.3.1__react@18.3.1/node_modules/next/dist/server/api-utils/node.js:366:15)
    at process.processTicksAndRejections (node:internal/process/task_queues:95:5)
    at async NextNodeServer.runApi (/app/node_modules/.pnpm/next@12.3.4_react-dom@18.3.1_react@18.3.1__react@18.3.1/node_modules/next/dist/server/next-server.js:481:9)
    at async Object.fn (/app/node_modules/.pnpm/next@12.3.4_react-dom@18.3.1_react@18.3.1__react@18.3.1/node_modules/next/dist/server/next-server.js:741:37)
    at async Router.execute (/app/node_modules/.pnpm/next@12.3.4_react-dom@18.3.1_react@18.3.1__react@18.3.1/node_modules/next/dist/server/router.js:252:36)
    at async NextNodeServer.run (/app/node_modules/.pnpm/next@12.3.4_react-dom@18.3.1_react@18.3.1__react@18.3.1/node_modules/next/dist/server/base-server.js:365:29)
    at async NextNodeServer.handleRequest (/app/node_modules/.pnpm/next@12.3.4_react-dom@18.3.1_react@18.3.1__react@18.3.1/node_modules/next/dist/server/base-server.js:303:20)
    at async Server.<anonymous> (/app/server.js:19:5)
[2026-02-17T18:11:38.114Z] error: <dockerStatusService> TypeError: Cannot read properties of null (reading 'my-docker')
    at getDockerArguments (/app/.next/server/chunks/2045.js:44:14)
    at handler (/app/.next/server/pages/api/docker/status/[...service].js:88:96)
    at Object.apiResolver (/app/node_modules/.pnpm/next@12.3.4_react-dom@18.3.1_react@18.3.1__react@18.3.1/node_modules/next/dist/server/api-utils/node.js:366:15)
    at process.processTicksAndRejections (node:internal/process/task_queues:95:5)
    at async NextNodeServer.runApi (/app/node_modules/.pnpm/next@12.3.4_react-dom@18.3.1_react@18.3.1__react@18.3.1/node_modules/next/dist/server/next-server.js:481:9)
    at async Object.fn (/app/node_modules/.pnpm/next@12.3.4_react-dom@18.3.1_react@18.3.1__react@18.3.1/node_modules/next/dist/server/next-server.js:741:37)
    at async Router.execute (/app/node_modules/.pnpm/next@12.3.4_react-dom@18.3.1_react@18.3.1__react@18.3.1/node_modules/next/dist/server/router.js:252:36)
    at async NextNodeServer.run (/app/node_modules/.pnpm/next@12.3.4_react-dom@18.3.1_react@18.3.1__react@18.3.1/node_modules/next/dist/server/base-server.js:365:29)
    at async NextNodeServer.handleRequest (/app/node_modules/.pnpm/next@12.3.4_react-dom@18.3.1_react@18.3.1__react@18.3.1/node_modules/next/dist/server/base-server.js:303:20)
    at async Server.<anonymous> (/app/server.js:19:5)
[2026-02-17T18:11:38.118Z] error: <dockerStatusService> TypeError: Cannot read properties of null (reading 'my-docker')
    at getDockerArguments (/app/.next/server/chunks/2045.js:44:14)
    at handler (/app/.next/server/pages/api/docker/status/[...service].js:88:96)
    at Object.apiResolver (/app/node_modules/.pnpm/next@12.3.4_react-dom@18.3.1_react@18.3.1__react@18.3.1/node_modules/next/dist/server/api-utils/node.js:366:15)
    at process.processTicksAndRejections (node:internal/process/task_queues:95:5)
    at async NextNodeServer.runApi (/app/node_modules/.pnpm/next@12.3.4_react-dom@18.3.1_react@18.3.1__react@18.3.1/node_modules/next/dist/server/next-server.js:481:9)
    at async Object.fn (/app/node_modules/.pnpm/next@12.3.4_react-dom@18.3.1_react@18.3.1__react@18.3.1/node_modules/next/dist/server/next-server.js:741:37)
    at async Router.execute (/app/node_modules/.pnpm/next@12.3.4_react-dom@18.3.1_react@18.3.1__react@18.3.1/node_modules/next/dist/server/router.js:252:36)
    at async NextNodeServer.run (/app/node_modules/.pnpm/next@12.3.4_react-dom@18.3.1_react@18.3.1__react@18.3.1/node_modules/next/dist/server/base-server.js:365:29)
    at async NextNodeServer.handleRequest (/app/node_modules/.pnpm/next@12.3.4_react-dom@18.3.1_react@18.3.1__react@18.3.1/node_modules/next/dist/server/base-server.js:303:20)
    at async Server.<anonymous> (/app/server.js:19:5)
[2026-02-17T18:11:38.124Z] error: <dockerStatusService> TypeError: Cannot read properties of null (reading 'my-docker')
    at getDockerArguments (/app/.next/server/chunks/2045.js:44:14)
    at handler (/app/.next/server/pages/api/docker/status/[...service].js:88:96)
    at Object.apiResolver (/app/node_modules/.pnpm/next@12.3.4_react-dom@18.3.1_react@18.3.1__react@18.3.1/node_modules/next/dist/server/api-utils/node.js:366:15)
    at process.processTicksAndRejections (node:internal/process/task_queues:95:5)
    at async NextNodeServer.runApi (/app/node_modules/.pnpm/next@12.3.4_react-dom@18.3.1_react@18.3.1__react@18.3.1/node_modules/next/dist/server/next-server.js:481:9)
    at async Object.fn (/app/node_modules/.pnpm/next@12.3.4_react-dom@18.3.1_react@18.3.1__react@18.3.1/node_modules/next/dist/server/next-server.js:741:37)
    at async Router.execute (/app/node_modules/.pnpm/next@12.3.4_react-dom@18.3.1_react@18.3.1__react@18.3.1/node_modules/next/dist/server/router.js:252:36)
    at async NextNodeServer.run (/app/node_modules/.pnpm/next@12.3.4_react-dom@18.3.1_react@18.3.1__react@18.3.1/node_modules/next/dist/server/base-server.js:365:29)
    at async NextNodeServer.handleRequest (/app/node_modules/.pnpm/next@12.3.4_react-dom@18.3.1_react@18.3.1__react@18.3.1/node_modules/next/dist/server/base-server.js:303:20)
    at async Server.<anonymous> (/app/server.js:19:5)
[2026-02-17T18:11:38.140Z] error: <dockerStatusService> TypeError: Cannot read properties of null (reading 'my-docker')
    at getDockerArguments (/app/.next/server/chunks/2045.js:44:14)
    at handler (/app/.next/server/pages/api/docker/status/[...service].js:88:96)
    at Object.apiResolver (/app/node_modules/.pnpm/next@12.3.4_react-dom@18.3.1_react@18.3.1__react@18.3.1/node_modules/next/dist/server/api-utils/node.js:366:15)
    at process.processTicksAndRejections (node:internal/process/task_queues:95:5)
    at async NextNodeServer.runApi (/app/node_modules/.pnpm/next@12.3.4_react-dom@18.3.1_react@18.3.1__react@18.3.1/node_modules/next/dist/server/next-server.js:481:9)
    at async Object.fn (/app/node_modules/.pnpm/next@12.3.4_react-dom@18.3.1_react@18.3.1__react@18.3.1/node_modules/next/dist/server/next-server.js:741:37)
    at async Router.execute (/app/node_modules/.pnpm/next@12.3.4_react-dom@18.3.1_react@18.3.1__react@18.3.1/node_modules/next/dist/server/router.js:252:36)
    at async NextNodeServer.run (/app/node_modules/.pnpm/next@12.3.4_react-dom@18.3.1_react@18.3.1__react@18.3.1/node_modules/next/dist/server/base-server.js:365:29)
    at async NextNodeServer.handleRequest (/app/node_modules/.pnpm/next@12.3.4_react-dom@18.3.1_react@18.3.1__react@18.3.1/node_modules/next/dist/server/base-server.js:303:20)
    at async Server.<anonymous> (/app/server.js:19:5)
[2026-02-17T18:11:38.144Z] error: <dockerStatusService> TypeError: Cannot read properties of null (reading 'my-docker')
    at getDockerArguments (/app/.next/server/chunks/2045.js:44:14)
    at handler (/app/.next/server/pages/api/docker/status/[...service].js:88:96)
    at Object.apiResolver (/app/node_modules/.pnpm/next@12.3.4_react-dom@18.3.1_react@18.3.1__react@18.3.1/node_modules/next/dist/server/api-utils/node.js:366:15)
    at process.processTicksAndRejections (node:internal/process/task_queues:95:5)
    at async NextNodeServer.runApi (/app/node_modules/.pnpm/next@12.3.4_react-dom@18.3.1_react@18.3.1__react@18.3.1/node_modules/next/dist/server/next-server.js:481:9)
    at async Object.fn (/app/node_modules/.pnpm/next@12.3.4_react-dom@18.3.1_react@18.3.1__react@18.3.1/node_modules/next/dist/server/next-server.js:741:37)
    at async Router.execute (/app/node_modules/.pnpm/next@12.3.4_react-dom@18.3.1_react@18.3.1__react@18.3.1/node_modules/next/dist/server/router.js:252:36)
    at async NextNodeServer.run (/app/node_modules/.pnpm/next@12.3.4_react-dom@18.3.1_react@18.3.1__react@18.3.1/node_modules/next/dist/server/base-server.js:365:29)
    at async NextNodeServer.handleRequest (/app/node_modules/.pnpm/next@12.3.4_react-dom@18.3.1_react@18.3.1__react@18.3.1/node_modules/next/dist/server/base-server.js:303:20)
    at async Server.<anonymous> (/app/server.js:19:5)
[2026-02-17T18:11:38.148Z] error: <dockerStatusService> TypeError: Cannot read properties of null (reading 'my-docker')
    at getDockerArguments (/app/.next/server/chunks/2045.js:44:14)
    at handler (/app/.next/server/pages/api/docker/status/[...service].js:88:96)
    at Object.apiResolver (/app/node_modules/.pnpm/next@12.3.4_react-dom@18.3.1_react@18.3.1__react@18.3.1/node_modules/next/dist/server/api-utils/node.js:366:15)
    at process.processTicksAndRejections (node:internal/process/task_queues:95:5)
    at async NextNodeServer.runApi (/app/node_modules/.pnpm/next@12.3.4_react-dom@18.3.1_react@18.3.1__react@18.3.1/node_modules/next/dist/server/next-server.js:481:9)
    at async Object.fn (/app/node_modules/.pnpm/next@12.3.4_react-dom@18.3.1_react@18.3.1__react@18.3.1/node_modules/next/dist/server/next-server.js:741:37)
    at async Router.execute (/app/node_modules/.pnpm/next@12.3.4_react-dom@18.3.1_react@18.3.1__react@18.3.1/node_modules/next/dist/server/router.js:252:36)
    at async NextNodeServer.run (/app/node_modules/.pnpm/next@12.3.4_react-dom@18.3.1_react@18.3.1__react@18.3.1/node_modules/next/dist/server/base-server.js:365:29)
    at async NextNodeServer.handleRequest (/app/node_modules/.pnpm/next@12.3.4_react-dom@18.3.1_react@18.3.1__react@18.3.1/node_modules/next/dist/server/base-server.js:303:20)
    at async Server.<anonymous> (/app/server.js:19:5)
[2026-02-17T18:11:38.152Z] error: <dockerStatusService> TypeError: Cannot read properties of null (reading 'my-docker')
    at getDockerArguments (/app/.next/server/chunks/2045.js:44:14)
    at handler (/app/.next/server/pages/api/docker/status/[...service].js:88:96)
    at Object.apiResolver (/app/node_modules/.pnpm/next@12.3.4_react-dom@18.3.1_react@18.3.1__react@18.3.1/node_modules/next/dist/server/api-utils/node.js:366:15)
    at process.processTicksAndRejections (node:internal/process/task_queues:95:5)
    at async NextNodeServer.runApi (/app/node_modules/.pnpm/next@12.3.4_react-dom@18.3.1_react@18.3.1__react@18.3.1/node_modules/next/dist/server/next-server.js:481:9)
    at async Object.fn (/app/node_modules/.pnpm/next@12.3.4_react-dom@18.3.1_react@18.3.1__react@18.3.1/node_modules/next/dist/server/next-server.js:741:37)
    at async Router.execute (/app/node_modules/.pnpm/next@12.3.4_react-dom@18.3.1_react@18.3.1__react@18.3.1/node_modules/next/dist/server/router.js:252:36)
    at async NextNodeServer.run (/app/node_modules/.pnpm/next@12.3.4_react-dom@18.3.1_react@18.3.1__react@18.3.1/node_modules/next/dist/server/base-server.js:365:29)
    at async NextNodeServer.handleRequest (/app/node_modules/.pnpm/next@12.3.4_react-dom@18.3.1_react@18.3.1__react@18.3.1/node_modules/next/dist/server/base-server.js:303:20)
    at async Server.<anonymous> (/app/server.js:19:5)
[2026-02-17T18:11:39.942Z] error: <dockerStatusService> TypeError: Cannot read properties of null (reading 'my-docker')
    at getDockerArguments (/app/.next/server/chunks/2045.js:44:14)
    at handler (/app/.next/server/pages/api/docker/status/[...service].js:88:96)
    at Object.apiResolver (/app/node_modules/.pnpm/next@12.3.4_react-dom@18.3.1_react@18.3.1__react@18.3.1/node_modules/next/dist/server/api-utils/node.js:366:15)
    at process.processTicksAndRejections (node:internal/process/task_queues:95:5)
    at async NextNodeServer.runApi (/app/node_modules/.pnpm/next@12.3.4_react-dom@18.3.1_react@18.3.1__react@18.3.1/node_modules/next/dist/server/next-server.js:481:9)
    at async Object.fn (/app/node_modules/.pnpm/next@12.3.4_react-dom@18.3.1_react@18.3.1__react@18.3.1/node_modules/next/dist/server/next-server.js:741:37)
    at async Router.execute (/app/node_modules/.pnpm/next@12.3.4_react-dom@18.3.1_react@18.3.1__react@18.3.1/node_modules/next/dist/server/router.js:252:36)
    at async NextNodeServer.run (/app/node_modules/.pnpm/next@12.3.4_react-dom@18.3.1_react@18.3.1__react@18.3.1/node_modules/next/dist/server/base-server.js:365:29)
    at async NextNodeServer.handleRequest (/app/node_modules/.pnpm/next@12.3.4_react-dom@18.3.1_react@18.3.1__react@18.3.1/node_modules/next/dist/server/base-server.js:303:20)
    at async Server.<anonymous> (/app/server.js:19:5)
[2026-02-17T18:11:39.945Z] error: <dockerStatusService> TypeError: Cannot read properties of null (reading 'my-docker')
    at getDockerArguments (/app/.next/server/chunks/2045.js:44:14)
    at handler (/app/.next/server/pages/api/docker/status/[...service].js:88:96)
    at Object.apiResolver (/app/node_modules/.pnpm/next@12.3.4_react-dom@18.3.1_react@18.3.1__react@18.3.1/node_modules/next/dist/server/api-utils/node.js:366:15)
    at process.processTicksAndRejections (node:internal/process/task_queues:95:5)
    at async NextNodeServer.runApi (/app/node_modules/.pnpm/next@12.3.4_react-dom@18.3.1_react@18.3.1__react@18.3.1/node_modules/next/dist/server/next-server.js:481:9)
    at async Object.fn (/app/node_modules/.pnpm/next@12.3.4_react-dom@18.3.1_react@18.3.1__react@18.3.1/node_modules/next/dist/server/next-server.js:741:37)
    at async Router.execute (/app/node_modules/.pnpm/next@12.3.4_react-dom@18.3.1_react@18.3.1__react@18.3.1/node_modules/next/dist/server/router.js:252:36)
    at async NextNodeServer.run (/app/node_modules/.pnpm/next@12.3.4_react-dom@18.3.1_react@18.3.1__react@18.3.1/node_modules/next/dist/server/base-server.js:365:29)
    at async NextNodeServer.handleRequest (/app/node_modules/.pnpm/next@12.3.4_react-dom@18.3.1_react@18.3.1__react@18.3.1/node_modules/next/dist/server/base-server.js:303:20)
    at async Server.<anonymous> (/app/server.js:19:5)
[2026-02-17T18:11:39.949Z] error: <dockerStatusService> TypeError: Cannot read properties of null (reading 'my-docker')
    at getDockerArguments (/app/.next/server/chunks/2045.js:44:14)
    at handler (/app/.next/server/pages/api/docker/status/[...service].js:88:96)
    at Object.apiResolver (/app/node_modules/.pnpm/next@12.3.4_react-dom@18.3.1_react@18.3.1__react@18.3.1/node_modules/next/dist/server/api-utils/node.js:366:15)
    at process.processTicksAndRejections (node:internal/process/task_queues:95:5)
    at async NextNodeServer.runApi (/app/node_modules/.pnpm/next@12.3.4_react-dom@18.3.1_react@18.3.1__react@18.3.1/node_modules/next/dist/server/next-server.js:481:9)
    at async Object.fn (/app/node_modules/.pnpm/next@12.3.4_react-dom@18.3.1_react@18.3.1__react@18.3.1/node_modules/next/dist/server/next-server.js:741:37)
    at async Router.execute (/app/node_modules/.pnpm/next@12.3.4_react-dom@18.3.1_react@18.3.1__react@18.3.1/node_modules/next/dist/server/router.js:252:36)
    at async NextNodeServer.run (/app/node_modules/.pnpm/next@12.3.4_react-dom@18.3.1_react@18.3.1__react@18.3.1/node_modules/next/dist/server/base-server.js:365:29)
    at async NextNodeServer.handleRequest (/app/node_modules/.pnpm/next@12.3.4_react-dom@18.3.1_react@18.3.1__react@18.3.1/node_modules/next/dist/server/base-server.js:303:20)
    at async Server.<anonymous> (/app/server.js:19:5)
[2026-02-17T18:11:39.955Z] error: <dockerStatusService> TypeError: Cannot read properties of null (reading 'my-docker')
    at getDockerArguments (/app/.next/server/chunks/2045.js:44:14)
    at handler (/app/.next/server/pages/api/docker/status/[...service].js:88:96)
    at Object.apiResolver (/app/node_modules/.pnpm/next@12.3.4_react-dom@18.3.1_react@18.3.1__react@18.3.1/node_modules/next/dist/server/api-utils/node.js:366:15)
    at process.processTicksAndRejections (node:internal/process/task_queues:95:5)
    at async NextNodeServer.runApi (/app/node_modules/.pnpm/next@12.3.4_react-dom@18.3.1_react@18.3.1__react@18.3.1/node_modules/next/dist/server/next-server.js:481:9)
    at async Object.fn (/app/node_modules/.pnpm/next@12.3.4_react-dom@18.3.1_react@18.3.1__react@18.3.1/node_modules/next/dist/server/next-server.js:741:37)
    at async Router.execute (/app/node_modules/.pnpm/next@12.3.4_react-dom@18.3.1_react@18.3.1__react@18.3.1/node_modules/next/dist/server/router.js:252:36)
    at async NextNodeServer.run (/app/node_modules/.pnpm/next@12.3.4_react-dom@18.3.1_react@18.3.1__react@18.3.1/node_modules/next/dist/server/base-server.js:365:29)
    at async NextNodeServer.handleRequest (/app/node_modules/.pnpm/next@12.3.4_react-dom@18.3.1_react@18.3.1__react@18.3.1/node_modules/next/dist/server/base-server.js:303:20)
    at async Server.<anonymous> (/app/server.js:19:5)
[2026-02-17T18:11:39.958Z] error: <dockerStatusService> TypeError: Cannot read properties of null (reading 'my-docker')
    at getDockerArguments (/app/.next/server/chunks/2045.js:44:14)
    at handler (/app/.next/server/pages/api/docker/status/[...service].js:88:96)
    at Object.apiResolver (/app/node_modules/.pnpm/next@12.3.4_react-dom@18.3.1_react@18.3.1__react@18.3.1/node_modules/next/dist/server/api-utils/node.js:366:15)
    at process.processTicksAndRejections (node:internal/process/task_queues:95:5)
    at async NextNodeServer.runApi (/app/node_modules/.pnpm/next@12.3.4_react-dom@18.3.1_react@18.3.1__react@18.3.1/node_modules/next/dist/server/next-server.js:481:9)
    at async Object.fn (/app/node_modules/.pnpm/next@12.3.4_react-dom@18.3.1_react@18.3.1__react@18.3.1/node_modules/next/dist/server/next-server.js:741:37)
    at async Router.execute (/app/node_modules/.pnpm/next@12.3.4_react-dom@18.3.1_react@18.3.1__react@18.3.1/node_modules/next/dist/server/router.js:252:36)
    at async NextNodeServer.run (/app/node_modules/.pnpm/next@12.3.4_react-dom@18.3.1_react@18.3.1__react@18.3.1/node_modules/next/dist/server/base-server.js:365:29)
    at async NextNodeServer.handleRequest (/app/node_modules/.pnpm/next@12.3.4_react-dom@18.3.1_react@18.3.1__react@18.3.1/node_modules/next/dist/server/base-server.js:303:20)
    at async Server.<anonymous> (/app/server.js:19:5)
[2026-02-17T18:11:39.972Z] error: <dockerStatusService> TypeError: Cannot read properties of null (reading 'my-docker')
    at getDockerArguments (/app/.next/server/chunks/2045.js:44:14)
    at handler (/app/.next/server/pages/api/docker/status/[...service].js:88:96)
    at Object.apiResolver (/app/node_modules/.pnpm/next@12.3.4_react-dom@18.3.1_react@18.3.1__react@18.3.1/node_modules/next/dist/server/api-utils/node.js:366:15)
    at process.processTicksAndRejections (node:internal/process/task_queues:95:5)
    at async NextNodeServer.runApi (/app/node_modules/.pnpm/next@12.3.4_react-dom@18.3.1_react@18.3.1__react@18.3.1/node_modules/next/dist/server/next-server.js:481:9)
    at async Object.fn (/app/node_modules/.pnpm/next@12.3.4_react-dom@18.3.1_react@18.3.1__react@18.3.1/node_modules/next/dist/server/next-server.js:741:37)
    at async Router.execute (/app/node_modules/.pnpm/next@12.3.4_react-dom@18.3.1_react@18.3.1__react@18.3.1/node_modules/next/dist/server/router.js:252:36)
    at async NextNodeServer.run (/app/node_modules/.pnpm/next@12.3.4_react-dom@18.3.1_react@18.3.1__react@18.3.1/node_modules/next/dist/server/base-server.js:365:29)
    at async NextNodeServer.handleRequest (/app/node_modules/.pnpm/next@12.3.4_react-dom@18.3.1_react@18.3.1__react@18.3.1/node_modules/next/dist/server/base-server.js:303:20)
    at async Server.<anonymous> (/app/server.js:19:5)
[2026-02-17T18:11:39.978Z] error: <dockerStatusService> TypeError: Cannot read properties of null (reading 'my-docker')
    at getDockerArguments (/app/.next/server/chunks/2045.js:44:14)
    at handler (/app/.next/server/pages/api/docker/status/[...service].js:88:96)
    at Object.apiResolver (/app/node_modules/.pnpm/next@12.3.4_react-dom@18.3.1_react@18.3.1__react@18.3.1/node_modules/next/dist/server/api-utils/node.js:366:15)
    at process.processTicksAndRejections (node:internal/process/task_queues:95:5)
    at async NextNodeServer.runApi (/app/node_modules/.pnpm/next@12.3.4_react-dom@18.3.1_react@18.3.1__react@18.3.1/node_modules/next/dist/server/next-server.js:481:9)
    at async Object.fn (/app/node_modules/.pnpm/next@12.3.4_react-dom@18.3.1_react@18.3.1__react@18.3.1/node_modules/next/dist/server/next-server.js:741:37)
    at async Router.execute (/app/node_modules/.pnpm/next@12.3.4_react-dom@18.3.1_react@18.3.1__react@18.3.1/node_modules/next/dist/server/router.js:252:36)
    at async NextNodeServer.run (/app/node_modules/.pnpm/next@12.3.4_react-dom@18.3.1_react@18.3.1__react@18.3.1/node_modules/next/dist/server/base-server.js:365:29)
    at async NextNodeServer.handleRequest (/app/node_modules/.pnpm/next@12.3.4_react-dom@18.3.1_react@18.3.1__react@18.3.1/node_modules/next/dist/server/base-server.js:303:20)
    at async Server.<anonymous> (/app/server.js:19:5)
[2026-02-17T18:14:57.561Z] error: <dockerStatusService> TypeError: Cannot read properties of null (reading 'my-docker')
    at getDockerArguments (/app/.next/server/chunks/2045.js:44:14)
    at handler (/app/.next/server/pages/api/docker/status/[...service].js:88:96)
    at Object.apiResolver (/app/node_modules/.pnpm/next@12.3.4_react-dom@18.3.1_react@18.3.1__react@18.3.1/node_modules/next/dist/server/api-utils/node.js:366:15)
    at process.processTicksAndRejections (node:internal/process/task_queues:95:5)
    at async NextNodeServer.runApi (/app/node_modules/.pnpm/next@12.3.4_react-dom@18.3.1_react@18.3.1__react@18.3.1/node_modules/next/dist/server/next-server.js:481:9)
    at async Object.fn (/app/node_modules/.pnpm/next@12.3.4_react-dom@18.3.1_react@18.3.1__react@18.3.1/node_modules/next/dist/server/next-server.js:741:37)
    at async Router.execute (/app/node_modules/.pnpm/next@12.3.4_react-dom@18.3.1_react@18.3.1__react@18.3.1/node_modules/next/dist/server/router.js:252:36)
    at async NextNodeServer.run (/app/node_modules/.pnpm/next@12.3.4_react-dom@18.3.1_react@18.3.1__react@18.3.1/node_modules/next/dist/server/base-server.js:365:29)
    at async NextNodeServer.handleRequest (/app/node_modules/.pnpm/next@12.3.4_react-dom@18.3.1_react@18.3.1__react@18.3.1/node_modules/next/dist/server/base-server.js:303:20)
    at async Server.<anonymous> (/app/server.js:19:5)
[2026-02-17T18:14:57.566Z] error: <dockerStatusService> TypeError: Cannot read properties of null (reading 'my-docker')
    at getDockerArguments (/app/.next/server/chunks/2045.js:44:14)
    at handler (/app/.next/server/pages/api/docker/status/[...service].js:88:96)
    at Object.apiResolver (/app/node_modules/.pnpm/next@12.3.4_react-dom@18.3.1_react@18.3.1__react@18.3.1/node_modules/next/dist/server/api-utils/node.js:366:15)
    at process.processTicksAndRejections (node:internal/process/task_queues:95:5)
    at async NextNodeServer.runApi (/app/node_modules/.pnpm/next@12.3.4_react-dom@18.3.1_react@18.3.1__react@18.3.1/node_modules/next/dist/server/next-server.js:481:9)
    at async Object.fn (/app/node_modules/.pnpm/next@12.3.4_react-dom@18.3.1_react@18.3.1__react@18.3.1/node_modules/next/dist/server/next-server.js:741:37)
    at async Router.execute (/app/node_modules/.pnpm/next@12.3.4_react-dom@18.3.1_react@18.3.1__react@18.3.1/node_modules/next/dist/server/router.js:252:36)
    at async NextNodeServer.run (/app/node_modules/.pnpm/next@12.3.4_react-dom@18.3.1_react@18.3.1__react@18.3.1/node_modules/next/dist/server/base-server.js:365:29)
    at async NextNodeServer.handleRequest (/app/node_modules/.pnpm/next@12.3.4_react-dom@18.3.1_react@18.3.1__react@18.3.1/node_modules/next/dist/server/base-server.js:303:20)
    at async Server.<anonymous> (/app/server.js:19:5)
[2026-02-17T18:14:57.577Z] error: <dockerStatusService> TypeError: Cannot read properties of null (reading 'my-docker')
    at getDockerArguments (/app/.next/server/chunks/2045.js:44:14)
    at handler (/app/.next/server/pages/api/docker/status/[...service].js:88:96)
    at Object.apiResolver (/app/node_modules/.pnpm/next@12.3.4_react-dom@18.3.1_react@18.3.1__react@18.3.1/node_modules/next/dist/server/api-utils/node.js:366:15)
    at process.processTicksAndRejections (node:internal/process/task_queues:95:5)
    at async NextNodeServer.runApi (/app/node_modules/.pnpm/next@12.3.4_react-dom@18.3.1_react@18.3.1__react@18.3.1/node_modules/next/dist/server/next-server.js:481:9)
    at async Object.fn (/app/node_modules/.pnpm/next@12.3.4_react-dom@18.3.1_react@18.3.1__react@18.3.1/node_modules/next/dist/server/next-server.js:741:37)
    at async Router.execute (/app/node_modules/.pnpm/next@12.3.4_react-dom@18.3.1_react@18.3.1__react@18.3.1/node_modules/next/dist/server/router.js:252:36)
    at async NextNodeServer.run (/app/node_modules/.pnpm/next@12.3.4_react-dom@18.3.1_react@18.3.1__react@18.3.1/node_modules/next/dist/server/base-server.js:365:29)
    at async NextNodeServer.handleRequest (/app/node_modules/.pnpm/next@12.3.4_react-dom@18.3.1_react@18.3.1__react@18.3.1/node_modules/next/dist/server/base-server.js:303:20)
    at async Server.<anonymous> (/app/server.js:19:5)
[2026-02-17T18:14:57.583Z] error: <dockerStatusService> TypeError: Cannot read properties of null (reading 'my-docker')
    at getDockerArguments (/app/.next/server/chunks/2045.js:44:14)
    at handler (/app/.next/server/pages/api/docker/status/[...service].js:88:96)
    at Object.apiResolver (/app/node_modules/.pnpm/next@12.3.4_react-dom@18.3.1_react@18.3.1__react@18.3.1/node_modules/next/dist/server/api-utils/node.js:366:15)
    at process.processTicksAndRejections (node:internal/process/task_queues:95:5)
    at async NextNodeServer.runApi (/app/node_modules/.pnpm/next@12.3.4_react-dom@18.3.1_react@18.3.1__react@18.3.1/node_modules/next/dist/server/next-server.js:481:9)
    at async Object.fn (/app/node_modules/.pnpm/next@12.3.4_react-dom@18.3.1_react@18.3.1__react@18.3.1/node_modules/next/dist/server/next-server.js:741:37)
    at async Router.execute (/app/node_modules/.pnpm/next@12.3.4_react-dom@18.3.1_react@18.3.1__react@18.3.1/node_modules/next/dist/server/router.js:252:36)
    at async NextNodeServer.run (/app/node_modules/.pnpm/next@12.3.4_react-dom@18.3.1_react@18.3.1__react@18.3.1/node_modules/next/dist/server/base-server.js:365:29)
    at async NextNodeServer.handleRequest (/app/node_modules/.pnpm/next@12.3.4_react-dom@18.3.1_react@18.3.1__react@18.3.1/node_modules/next/dist/server/base-server.js:303:20)
    at async Server.<anonymous> (/app/server.js:19:5)
[2026-02-17T18:14:57.587Z] error: <dockerStatusService> TypeError: Cannot read properties of null (reading 'my-docker')
    at getDockerArguments (/app/.next/server/chunks/2045.js:44:14)
    at handler (/app/.next/server/pages/api/docker/status/[...service].js:88:96)
    at Object.apiResolver (/app/node_modules/.pnpm/next@12.3.4_react-dom@18.3.1_react@18.3.1__react@18.3.1/node_modules/next/dist/server/api-utils/node.js:366:15)
    at process.processTicksAndRejections (node:internal/process/task_queues:95:5)
    at async NextNodeServer.runApi (/app/node_modules/.pnpm/next@12.3.4_react-dom@18.3.1_react@18.3.1__react@18.3.1/node_modules/next/dist/server/next-server.js:481:9)
    at async Object.fn (/app/node_modules/.pnpm/next@12.3.4_react-dom@18.3.1_react@18.3.1__react@18.3.1/node_modules/next/dist/server/next-server.js:741:37)
    at async Router.execute (/app/node_modules/.pnpm/next@12.3.4_react-dom@18.3.1_react@18.3.1__react@18.3.1/node_modules/next/dist/server/router.js:252:36)
    at async NextNodeServer.run (/app/node_modules/.pnpm/next@12.3.4_react-dom@18.3.1_react@18.3.1__react@18.3.1/node_modules/next/dist/server/base-server.js:365:29)
    at async NextNodeServer.handleRequest (/app/node_modules/.pnpm/next@12.3.4_react-dom@18.3.1_react@18.3.1__react@18.3.1/node_modules/next/dist/server/base-server.js:303:20)
    at async Server.<anonymous> (/app/server.js:19:5)
[2026-02-17T18:14:57.603Z] error: <dockerStatusService> TypeError: Cannot read properties of null (reading 'my-docker')
    at getDockerArguments (/app/.next/server/chunks/2045.js:44:14)
    at handler (/app/.next/server/pages/api/docker/status/[...service].js:88:96)
    at Object.apiResolver (/app/node_modules/.pnpm/next@12.3.4_react-dom@18.3.1_react@18.3.1__react@18.3.1/node_modules/next/dist/server/api-utils/node.js:366:15)
    at process.processTicksAndRejections (node:internal/process/task_queues:95:5)
    at async NextNodeServer.runApi (/app/node_modules/.pnpm/next@12.3.4_react-dom@18.3.1_react@18.3.1__react@18.3.1/node_modules/next/dist/server/next-server.js:481:9)
    at async Object.fn (/app/node_modules/.pnpm/next@12.3.4_react-dom@18.3.1_react@18.3.1__react@18.3.1/node_modules/next/dist/server/next-server.js:741:37)
    at async Router.execute (/app/node_modules/.pnpm/next@12.3.4_react-dom@18.3.1_react@18.3.1__react@18.3.1/node_modules/next/dist/server/router.js:252:36)
    at async NextNodeServer.run (/app/node_modules/.pnpm/next@12.3.4_react-dom@18.3.1_react@18.3.1__react@18.3.1/node_modules/next/dist/server/base-server.js:365:29)
    at async NextNodeServer.handleRequest (/app/node_modules/.pnpm/next@12.3.4_react-dom@18.3.1_react@18.3.1__react@18.3.1/node_modules/next/dist/server/base-server.js:303:20)
    at async Server.<anonymous> (/app/server.js:19:5)
[2026-02-17T18:14:57.608Z] error: <dockerStatusService> TypeError: Cannot read properties of null (reading 'my-docker')
    at getDockerArguments (/app/.next/server/chunks/2045.js:44:14)
    at handler (/app/.next/server/pages/api/docker/status/[...service].js:88:96)
    at Object.apiResolver (/app/node_modules/.pnpm/next@12.3.4_react-dom@18.3.1_react@18.3.1__react@18.3.1/node_modules/next/dist/server/api-utils/node.js:366:15)
    at process.processTicksAndRejections (node:internal/process/task_queues:95:5)
    at async NextNodeServer.runApi (/app/node_modules/.pnpm/next@12.3.4_react-dom@18.3.1_react@18.3.1__react@18.3.1/node_modules/next/dist/server/next-server.js:481:9)
    at async Object.fn (/app/node_modules/.pnpm/next@12.3.4_react-dom@18.3.1_react@18.3.1__react@18.3.1/node_modules/next/dist/server/next-server.js:741:37)
    at async Router.execute (/app/node_modules/.pnpm/next@12.3.4_react-dom@18.3.1_react@18.3.1__react@18.3.1/node_modules/next/dist/server/router.js:252:36)
    at async NextNodeServer.run (/app/node_modules/.pnpm/next@12.3.4_react-dom@18.3.1_react@18.3.1__react@18.3.1/node_modules/next/dist/server/base-server.js:365:29)
    at async NextNodeServer.handleRequest (/app/node_modules/.pnpm/next@12.3.4_react-dom@18.3.1_react@18.3.1__react@18.3.1/node_modules/next/dist/server/base-server.js:303:20)
    at async Server.<anonymous> (/app/server.js:19:5)
[2026-02-17T18:14:58.669Z] error: <dockerStatusService> TypeError: Cannot read properties of null (reading 'my-docker')
    at getDockerArguments (/app/.next/server/chunks/2045.js:44:14)
    at handler (/app/.next/server/pages/api/docker/status/[...service].js:88:96)
    at Object.apiResolver (/app/node_modules/.pnpm/next@12.3.4_react-dom@18.3.1_react@18.3.1__react@18.3.1/node_modules/next/dist/server/api-utils/node.js:366:15)
    at process.processTicksAndRejections (node:internal/process/task_queues:95:5)
    at async NextNodeServer.runApi (/app/node_modules/.pnpm/next@12.3.4_react-dom@18.3.1_react@18.3.1__react@18.3.1/node_modules/next/dist/server/next-server.js:481:9)
    at async Object.fn (/app/node_modules/.pnpm/next@12.3.4_react-dom@18.3.1_react@18.3.1__react@18.3.1/node_modules/next/dist/server/next-server.js:741:37)
    at async Router.execute (/app/node_modules/.pnpm/next@12.3.4_react-dom@18.3.1_react@18.3.1__react@18.3.1/node_modules/next/dist/server/router.js:252:36)
    at async NextNodeServer.run (/app/node_modules/.pnpm/next@12.3.4_react-dom@18.3.1_react@18.3.1__react@18.3.1/node_modules/next/dist/server/base-server.js:365:29)
    at async NextNodeServer.handleRequest (/app/node_modules/.pnpm/next@12.3.4_react-dom@18.3.1_react@18.3.1__react@18.3.1/node_modules/next/dist/server/base-server.js:303:20)
    at async Server.<anonymous> (/app/server.js:19:5)
[2026-02-17T18:14:58.674Z] error: <dockerStatusService> TypeError: Cannot read properties of null (reading 'my-docker')
    at getDockerArguments (/app/.next/server/chunks/2045.js:44:14)
    at handler (/app/.next/server/pages/api/docker/status/[...service].js:88:96)
    at Object.apiResolver (/app/node_modules/.pnpm/next@12.3.4_react-dom@18.3.1_react@18.3.1__react@18.3.1/node_modules/next/dist/server/api-utils/node.js:366:15)
    at process.processTicksAndRejections (node:internal/process/task_queues:95:5)
    at async NextNodeServer.runApi (/app/node_modules/.pnpm/next@12.3.4_react-dom@18.3.1_react@18.3.1__react@18.3.1/node_modules/next/dist/server/next-server.js:481:9)
    at async Object.fn (/app/node_modules/.pnpm/next@12.3.4_react-dom@18.3.1_react@18.3.1__react@18.3.1/node_modules/next/dist/server/next-server.js:741:37)
    at async Router.execute (/app/node_modules/.pnpm/next@12.3.4_react-dom@18.3.1_react@18.3.1__react@18.3.1/node_modules/next/dist/server/router.js:252:36)
    at async NextNodeServer.run (/app/node_modules/.pnpm/next@12.3.4_react-dom@18.3.1_react@18.3.1__react@18.3.1/node_modules/next/dist/server/base-server.js:365:29)
    at async NextNodeServer.handleRequest (/app/node_modules/.pnpm/next@12.3.4_react-dom@18.3.1_react@18.3.1__react@18.3.1/node_modules/next/dist/server/base-server.js:303:20)
    at async Server.<anonymous> (/app/server.js:19:5)
[2026-02-17T18:14:58.679Z] error: <dockerStatusService> TypeError: Cannot read properties of null (reading 'my-docker')
    at getDockerArguments (/app/.next/server/chunks/2045.js:44:14)
    at handler (/app/.next/server/pages/api/docker/status/[...service].js:88:96)
    at Object.apiResolver (/app/node_modules/.pnpm/next@12.3.4_react-dom@18.3.1_react@18.3.1__react@18.3.1/node_modules/next/dist/server/api-utils/node.js:366:15)
    at process.processTicksAndRejections (node:internal/process/task_queues:95:5)
    at async NextNodeServer.runApi (/app/node_modules/.pnpm/next@12.3.4_react-dom@18.3.1_react@18.3.1__react@18.3.1/node_modules/next/dist/server/next-server.js:481:9)
    at async Object.fn (/app/node_modules/.pnpm/next@12.3.4_react-dom@18.3.1_react@18.3.1__react@18.3.1/node_modules/next/dist/server/next-server.js:741:37)
    at async Router.execute (/app/node_modules/.pnpm/next@12.3.4_react-dom@18.3.1_react@18.3.1__react@18.3.1/node_modules/next/dist/server/router.js:252:36)
    at async NextNodeServer.run (/app/node_modules/.pnpm/next@12.3.4_react-dom@18.3.1_react@18.3.1__react@18.3.1/node_modules/next/dist/server/base-server.js:365:29)
    at async NextNodeServer.handleRequest (/app/node_modules/.pnpm/next@12.3.4_react-dom@18.3.1_react@18.3.1__react@18.3.1/node_modules/next/dist/server/base-server.js:303:20)
    at async Server.<anonymous> (/app/server.js:19:5)
[2026-02-17T18:14:58.684Z] error: <dockerStatusService> TypeError: Cannot read properties of null (reading 'my-docker')
    at getDockerArguments (/app/.next/server/chunks/2045.js:44:14)
    at handler (/app/.next/server/pages/api/docker/status/[...service].js:88:96)
    at Object.apiResolver (/app/node_modules/.pnpm/next@12.3.4_react-dom@18.3.1_react@18.3.1__react@18.3.1/node_modules/next/dist/server/api-utils/node.js:366:15)
    at process.processTicksAndRejections (node:internal/process/task_queues:95:5)
    at async NextNodeServer.runApi (/app/node_modules/.pnpm/next@12.3.4_react-dom@18.3.1_react@18.3.1__react@18.3.1/node_modules/next/dist/server/next-server.js:481:9)
    at async Object.fn (/app/node_modules/.pnpm/next@12.3.4_react-dom@18.3.1_react@18.3.1__react@18.3.1/node_modules/next/dist/server/next-server.js:741:37)
    at async Router.execute (/app/node_modules/.pnpm/next@12.3.4_react-dom@18.3.1_react@18.3.1__react@18.3.1/node_modules/next/dist/server/router.js:252:36)
    at async NextNodeServer.run (/app/node_modules/.pnpm/next@12.3.4_react-dom@18.3.1_react@18.3.1__react@18.3.1/node_modules/next/dist/server/base-server.js:365:29)
    at async NextNodeServer.handleRequest (/app/node_modules/.pnpm/next@12.3.4_react-dom@18.3.1_react@18.3.1__react@18.3.1/node_modules/next/dist/server/base-server.js:303:20)
    at async Server.<anonymous> (/app/server.js:19:5)
[2026-02-17T18:14:58.690Z] error: <dockerStatusService> TypeError: Cannot read properties of null (reading 'my-docker')
    at getDockerArguments (/app/.next/server/chunks/2045.js:44:14)
    at handler (/app/.next/server/pages/api/docker/status/[...service].js:88:96)
    at Object.apiResolver (/app/node_modules/.pnpm/next@12.3.4_react-dom@18.3.1_react@18.3.1__react@18.3.1/node_modules/next/dist/server/api-utils/node.js:366:15)
    at process.processTicksAndRejections (node:internal/process/task_queues:95:5)
    at async NextNodeServer.runApi (/app/node_modules/.pnpm/next@12.3.4_react-dom@18.3.1_react@18.3.1__react@18.3.1/node_modules/next/dist/server/next-server.js:481:9)
    at async Object.fn (/app/node_modules/.pnpm/next@12.3.4_react-dom@18.3.1_react@18.3.1__react@18.3.1/node_modules/next/dist/server/next-server.js:741:37)
    at async Router.execute (/app/node_modules/.pnpm/next@12.3.4_react-dom@18.3.1_react@18.3.1__react@18.3.1/node_modules/next/dist/server/router.js:252:36)
    at async NextNodeServer.run (/app/node_modules/.pnpm/next@12.3.4_react-dom@18.3.1_react@18.3.1__react@18.3.1/node_modules/next/dist/server/base-server.js:365:29)
    at async NextNodeServer.handleRequest (/app/node_modules/.pnpm/next@12.3.4_react-dom@18.3.1_react@18.3.1__react@18.3.1/node_modules/next/dist/server/base-server.js:303:20)
    at async Server.<anonymous> (/app/server.js:19:5)
[2026-02-17T18:14:58.697Z] error: <dockerStatusService> TypeError: Cannot read properties of null (reading 'my-docker')
    at getDockerArguments (/app/.next/server/chunks/2045.js:44:14)
    at handler (/app/.next/server/pages/api/docker/status/[...service].js:88:96)
    at Object.apiResolver (/app/node_modules/.pnpm/next@12.3.4_react-dom@18.3.1_react@18.3.1__react@18.3.1/node_modules/next/dist/server/api-utils/node.js:366:15)
    at process.processTicksAndRejections (node:internal/process/task_queues:95:5)
    at async NextNodeServer.runApi (/app/node_modules/.pnpm/next@12.3.4_react-dom@18.3.1_react@18.3.1__react@18.3.1/node_modules/next/dist/server/next-server.js:481:9)
    at async Object.fn (/app/node_modules/.pnpm/next@12.3.4_react-dom@18.3.1_react@18.3.1__react@18.3.1/node_modules/next/dist/server/next-server.js:741:37)
    at async Router.execute (/app/node_modules/.pnpm/next@12.3.4_react-dom@18.3.1_react@18.3.1__react@18.3.1/node_modules/next/dist/server/router.js:252:36)
    at async NextNodeServer.run (/app/node_modules/.pnpm/next@12.3.4_react-dom@18.3.1_react@18.3.1__react@18.3.1/node_modules/next/dist/server/base-server.js:365:29)
    at async NextNodeServer.handleRequest (/app/node_modules/.pnpm/next@12.3.4_react-dom@18.3.1_react@18.3.1__react@18.3.1/node_modules/next/dist/server/base-server.js:303:20)
    at async Server.<anonymous> (/app/server.js:19:5)
[2026-02-17T18:14:58.701Z] error: <dockerStatusService> TypeError: Cannot read properties of null (reading 'my-docker')
    at getDockerArguments (/app/.next/server/chunks/2045.js:44:14)
    at handler (/app/.next/server/pages/api/docker/status/[...service].js:88:96)
    at Object.apiResolver (/app/node_modules/.pnpm/next@12.3.4_react-dom@18.3.1_react@18.3.1__react@18.3.1/node_modules/next/dist/server/api-utils/node.js:366:15)
    at process.processTicksAndRejections (node:internal/process/task_queues:95:5)
    at async NextNodeServer.runApi (/app/node_modules/.pnpm/next@12.3.4_react-dom@18.3.1_react@18.3.1__react@18.3.1/node_modules/next/dist/server/next-server.js:481:9)
    at async Object.fn (/app/node_modules/.pnpm/next@12.3.4_react-dom@18.3.1_react@18.3.1__react@18.3.1/node_modules/next/dist/server/next-server.js:741:37)
    at async Router.execute (/app/node_modules/.pnpm/next@12.3.4_react-dom@18.3.1_react@18.3.1__react@18.3.1/node_modules/next/dist/server/router.js:252:36)
    at async NextNodeServer.run (/app/node_modules/.pnpm/next@12.3.4_react-dom@18.3.1_react@18.3.1__react@18.3.1/node_modules/next/dist/server/base-server.js:365:29)
    at async NextNodeServer.handleRequest (/app/node_modules/.pnpm/next@12.3.4_react-dom@18.3.1_react@18.3.1__react@18.3.1/node_modules/next/dist/server/base-server.js:303:20)
    at async Server.<anonymous> (/app/server.js:19:5)
[2026-02-17T18:14:59.091Z] error: <dockerStatusService> TypeError: Cannot read properties of null (reading 'my-docker')
    at getDockerArguments (/app/.next/server/chunks/2045.js:44:14)
    at handler (/app/.next/server/pages/api/docker/status/[...service].js:88:96)
    at Object.apiResolver (/app/node_modules/.pnpm/next@12.3.4_react-dom@18.3.1_react@18.3.1__react@18.3.1/node_modules/next/dist/server/api-utils/node.js:366:15)
    at process.processTicksAndRejections (node:internal/process/task_queues:95:5)
    at async NextNodeServer.runApi (/app/node_modules/.pnpm/next@12.3.4_react-dom@18.3.1_react@18.3.1__react@18.3.1/node_modules/next/dist/server/next-server.js:481:9)
    at async Object.fn (/app/node_modules/.pnpm/next@12.3.4_react-dom@18.3.1_react@18.3.1__react@18.3.1/node_modules/next/dist/server/next-server.js:741:37)
    at async Router.execute (/app/node_modules/.pnpm/next@12.3.4_react-dom@18.3.1_react@18.3.1__react@18.3.1/node_modules/next/dist/server/router.js:252:36)
    at async NextNodeServer.run (/app/node_modules/.pnpm/next@12.3.4_react-dom@18.3.1_react@18.3.1__react@18.3.1/node_modules/next/dist/server/base-server.js:365:29)
    at async NextNodeServer.handleRequest (/app/node_modules/.pnpm/next@12.3.4_react-dom@18.3.1_react@18.3.1__react@18.3.1/node_modules/next/dist/server/base-server.js:303:20)
    at async Server.<anonymous> (/app/server.js:19:5)
[2026-02-17T18:14:59.093Z] error: <dockerStatusService> TypeError: Cannot read properties of null (reading 'my-docker')
    at getDockerArguments (/app/.next/server/chunks/2045.js:44:14)
    at handler (/app/.next/server/pages/api/docker/status/[...service].js:88:96)
    at Object.apiResolver (/app/node_modules/.pnpm/next@12.3.4_react-dom@18.3.1_react@18.3.1__react@18.3.1/node_modules/next/dist/server/api-utils/node.js:366:15)
    at process.processTicksAndRejections (node:internal/process/task_queues:95:5)
    at async NextNodeServer.runApi (/app/node_modules/.pnpm/next@12.3.4_react-dom@18.3.1_react@18.3.1__react@18.3.1/node_modules/next/dist/server/next-server.js:481:9)
    at async Object.fn (/app/node_modules/.pnpm/next@12.3.4_react-dom@18.3.1_react@18.3.1__react@18.3.1/node_modules/next/dist/server/next-server.js:741:37)
    at async Router.execute (/app/node_modules/.pnpm/next@12.3.4_react-dom@18.3.1_react@18.3.1__react@18.3.1/node_modules/next/dist/server/router.js:252:36)
    at async NextNodeServer.run (/app/node_modules/.pnpm/next@12.3.4_react-dom@18.3.1_react@18.3.1__react@18.3.1/node_modules/next/dist/server/base-server.js:365:29)
    at async NextNodeServer.handleRequest (/app/node_modules/.pnpm/next@12.3.4_react-dom@18.3.1_react@18.3.1__react@18.3.1/node_modules/next/dist/server/base-server.js:303:20)
    at async Server.<anonymous> (/app/server.js:19:5)
[2026-02-17T18:14:59.098Z] error: <dockerStatusService> TypeError: Cannot read properties of null (reading 'my-docker')
    at getDockerArguments (/app/.next/server/chunks/2045.js:44:14)
    at handler (/app/.next/server/pages/api/docker/status/[...service].js:88:96)
    at Object.apiResolver (/app/node_modules/.pnpm/next@12.3.4_react-dom@18.3.1_react@18.3.1__react@18.3.1/node_modules/next/dist/server/api-utils/node.js:366:15)
    at process.processTicksAndRejections (node:internal/process/task_queues:95:5)
    at async NextNodeServer.runApi (/app/node_modules/.pnpm/next@12.3.4_react-dom@18.3.1_react@18.3.1__react@18.3.1/node_modules/next/dist/server/next-server.js:481:9)
    at async Object.fn (/app/node_modules/.pnpm/next@12.3.4_react-dom@18.3.1_react@18.3.1__react@18.3.1/node_modules/next/dist/server/next-server.js:741:37)
    at async Router.execute (/app/node_modules/.pnpm/next@12.3.4_react-dom@18.3.1_react@18.3.1__react@18.3.1/node_modules/next/dist/server/router.js:252:36)
    at async NextNodeServer.run (/app/node_modules/.pnpm/next@12.3.4_react-dom@18.3.1_react@18.3.1__react@18.3.1/node_modules/next/dist/server/base-server.js:365:29)
    at async NextNodeServer.handleRequest (/app/node_modules/.pnpm/next@12.3.4_react-dom@18.3.1_react@18.3.1__react@18.3.1/node_modules/next/dist/server/base-server.js:303:20)
    at async Server.<anonymous> (/app/server.js:19:5)
[2026-02-17T18:14:59.101Z] error: <dockerStatusService> TypeError: Cannot read properties of null (reading 'my-docker')
    at getDockerArguments (/app/.next/server/chunks/2045.js:44:14)
    at handler (/app/.next/server/pages/api/docker/status/[...service].js:88:96)
    at Object.apiResolver (/app/node_modules/.pnpm/next@12.3.4_react-dom@18.3.1_react@18.3.1__react@18.3.1/node_modules/next/dist/server/api-utils/node.js:366:15)
    at process.processTicksAndRejections (node:internal/process/task_queues:95:5)
    at async NextNodeServer.runApi (/app/node_modules/.pnpm/next@12.3.4_react-dom@18.3.1_react@18.3.1__react@18.3.1/node_modules/next/dist/server/next-server.js:481:9)
    at async Object.fn (/app/node_modules/.pnpm/next@12.3.4_react-dom@18.3.1_react@18.3.1__react@18.3.1/node_modules/next/dist/server/next-server.js:741:37)
    at async Router.execute (/app/node_modules/.pnpm/next@12.3.4_react-dom@18.3.1_react@18.3.1__react@18.3.1/node_modules/next/dist/server/router.js:252:36)
    at async NextNodeServer.run (/app/node_modules/.pnpm/next@12.3.4_react-dom@18.3.1_react@18.3.1__react@18.3.1/node_modules/next/dist/server/base-server.js:365:29)
    at async NextNodeServer.handleRequest (/app/node_modules/.pnpm/next@12.3.4_react-dom@18.3.1_react@18.3.1__react@18.3.1/node_modules/next/dist/server/base-server.js:303:20)
    at async Server.<anonymous> (/app/server.js:19:5)
[2026-02-17T18:14:59.103Z] error: <dockerStatusService> TypeError: Cannot read properties of null (reading 'my-docker')
    at getDockerArguments (/app/.next/server/chunks/2045.js:44:14)
    at handler (/app/.next/server/pages/api/docker/status/[...service].js:88:96)
    at Object.apiResolver (/app/node_modules/.pnpm/next@12.3.4_react-dom@18.3.1_react@18.3.1__react@18.3.1/node_modules/next/dist/server/api-utils/node.js:366:15)
    at process.processTicksAndRejections (node:internal/process/task_queues:95:5)
    at async NextNodeServer.runApi (/app/node_modules/.pnpm/next@12.3.4_react-dom@18.3.1_react@18.3.1__react@18.3.1/node_modules/next/dist/server/next-server.js:481:9)
    at async Object.fn (/app/node_modules/.pnpm/next@12.3.4_react-dom@18.3.1_react@18.3.1__react@18.3.1/node_modules/next/dist/server/next-server.js:741:37)
    at async Router.execute (/app/node_modules/.pnpm/next@12.3.4_react-dom@18.3.1_react@18.3.1__react@18.3.1/node_modules/next/dist/server/router.js:252:36)
    at async NextNodeServer.run (/app/node_modules/.pnpm/next@12.3.4_react-dom@18.3.1_react@18.3.1__react@18.3.1/node_modules/next/dist/server/base-server.js:365:29)
    at async NextNodeServer.handleRequest (/app/node_modules/.pnpm/next@12.3.4_react-dom@18.3.1_react@18.3.1__react@18.3.1/node_modules/next/dist/server/base-server.js:303:20)
    at async Server.<anonymous> (/app/server.js:19:5)
[2026-02-17T18:14:59.106Z] error: <dockerStatusService> TypeError: Cannot read properties of null (reading 'my-docker')
    at getDockerArguments (/app/.next/server/chunks/2045.js:44:14)
    at handler (/app/.next/server/pages/api/docker/status/[...service].js:88:96)
    at Object.apiResolver (/app/node_modules/.pnpm/next@12.3.4_react-dom@18.3.1_react@18.3.1__react@18.3.1/node_modules/next/dist/server/api-utils/node.js:366:15)
    at process.processTicksAndRejections (node:internal/process/task_queues:95:5)
    at async NextNodeServer.runApi (/app/node_modules/.pnpm/next@12.3.4_react-dom@18.3.1_react@18.3.1__react@18.3.1/node_modules/next/dist/server/next-server.js:481:9)
    at async Object.fn (/app/node_modules/.pnpm/next@12.3.4_react-dom@18.3.1_react@18.3.1__react@18.3.1/node_modules/next/dist/server/next-server.js:741:37)
    at async Router.execute (/app/node_modules/.pnpm/next@12.3.4_react-dom@18.3.1_react@18.3.1__react@18.3.1/node_modules/next/dist/server/router.js:252:36)
    at async NextNodeServer.run (/app/node_modules/.pnpm/next@12.3.4_react-dom@18.3.1_react@18.3.1__react@18.3.1/node_modules/next/dist/server/base-server.js:365:29)
    at async NextNodeServer.handleRequest (/app/node_modules/.pnpm/next@12.3.4_react-dom@18.3.1_react@18.3.1__react@18.3.1/node_modules/next/dist/server/base-server.js:303:20)
    at async Server.<anonymous> (/app/server.js:19:5)
[2026-02-17T18:14:59.140Z] error: <dockerStatusService> TypeError: Cannot read properties of null (reading 'my-docker')
    at getDockerArguments (/app/.next/server/chunks/2045.js:44:14)
    at handler (/app/.next/server/pages/api/docker/status/[...service].js:88:96)
    at Object.apiResolver (/app/node_modules/.pnpm/next@12.3.4_react-dom@18.3.1_react@18.3.1__react@18.3.1/node_modules/next/dist/server/api-utils/node.js:366:15)
    at process.processTicksAndRejections (node:internal/process/task_queues:95:5)
    at async NextNodeServer.runApi (/app/node_modules/.pnpm/next@12.3.4_react-dom@18.3.1_react@18.3.1__react@18.3.1/node_modules/next/dist/server/next-server.js:481:9)
    at async Object.fn (/app/node_modules/.pnpm/next@12.3.4_react-dom@18.3.1_react@18.3.1__react@18.3.1/node_modules/next/dist/server/next-server.js:741:37)
    at async Router.execute (/app/node_modules/.pnpm/next@12.3.4_react-dom@18.3.1_react@18.3.1__react@18.3.1/node_modules/next/dist/server/router.js:252:36)
    at async NextNodeServer.run (/app/node_modules/.pnpm/next@12.3.4_react-dom@18.3.1_react@18.3.1__react@18.3.1/node_modules/next/dist/server/base-server.js:365:29)
    at async NextNodeServer.handleRequest (/app/node_modules/.pnpm/next@12.3.4_react-dom@18.3.1_react@18.3.1__react@18.3.1/node_modules/next/dist/server/base-server.js:303:20)
    at async Server.<anonymous> (/app/server.js:19:5)
[2026-02-17T18:23:16.733Z] error: <dockerStatusService> TypeError: Cannot read properties of null (reading 'my-docker')
    at getDockerArguments (/app/.next/server/chunks/2045.js:44:14)
    at handler (/app/.next/server/pages/api/docker/status/[...service].js:88:96)
    at Object.apiResolver (/app/node_modules/.pnpm/next@12.3.4_react-dom@18.3.1_react@18.3.1__react@18.3.1/node_modules/next/dist/server/api-utils/node.js:366:15)
    at process.processTicksAndRejections (node:internal/process/task_queues:95:5)
    at async NextNodeServer.runApi (/app/node_modules/.pnpm/next@12.3.4_react-dom@18.3.1_react@18.3.1__react@18.3.1/node_modules/next/dist/server/next-server.js:481:9)
    at async Object.fn (/app/node_modules/.pnpm/next@12.3.4_react-dom@18.3.1_react@18.3.1__react@18.3.1/node_modules/next/dist/server/next-server.js:741:37)
    at async Router.execute (/app/node_modules/.pnpm/next@12.3.4_react-dom@18.3.1_react@18.3.1__react@18.3.1/node_modules/next/dist/server/router.js:252:36)
    at async NextNodeServer.run (/app/node_modules/.pnpm/next@12.3.4_react-dom@18.3.1_react@18.3.1__react@18.3.1/node_modules/next/dist/server/base-server.js:365:29)
    at async NextNodeServer.handleRequest (/app/node_modules/.pnpm/next@12.3.4_react-dom@18.3.1_react@18.3.1__react@18.3.1/node_modules/next/dist/server/base-server.js:303:20)
    at async Server.<anonymous> (/app/server.js:19:5)
[2026-02-17T18:23:16.743Z] error: <dockerStatusService> TypeError: Cannot read properties of null (reading 'my-docker')
    at getDockerArguments (/app/.next/server/chunks/2045.js:44:14)
    at handler (/app/.next/server/pages/api/docker/status/[...service].js:88:96)
    at Object.apiResolver (/app/node_modules/.pnpm/next@12.3.4_react-dom@18.3.1_react@18.3.1__react@18.3.1/node_modules/next/dist/server/api-utils/node.js:366:15)
    at process.processTicksAndRejections (node:internal/process/task_queues:95:5)
    at async NextNodeServer.runApi (/app/node_modules/.pnpm/next@12.3.4_react-dom@18.3.1_react@18.3.1__react@18.3.1/node_modules/next/dist/server/next-server.js:481:9)
    at async Object.fn (/app/node_modules/.pnpm/next@12.3.4_react-dom@18.3.1_react@18.3.1__react@18.3.1/node_modules/next/dist/server/next-server.js:741:37)
    at async Router.execute (/app/node_modules/.pnpm/next@12.3.4_react-dom@18.3.1_react@18.3.1__react@18.3.1/node_modules/next/dist/server/router.js:252:36)
    at async NextNodeServer.run (/app/node_modules/.pnpm/next@12.3.4_react-dom@18.3.1_react@18.3.1__react@18.3.1/node_modules/next/dist/server/base-server.js:365:29)
    at async NextNodeServer.handleRequest (/app/node_modules/.pnpm/next@12.3.4_react-dom@18.3.1_react@18.3.1__react@18.3.1/node_modules/next/dist/server/base-server.js:303:20)
    at async Server.<anonymous> (/app/server.js:19:5)
[2026-02-17T18:23:16.748Z] error: <dockerStatusService> TypeError: Cannot read properties of null (reading 'my-docker')
    at getDockerArguments (/app/.next/server/chunks/2045.js:44:14)
    at handler (/app/.next/server/pages/api/docker/status/[...service].js:88:96)
    at Object.apiResolver (/app/node_modules/.pnpm/next@12.3.4_react-dom@18.3.1_react@18.3.1__react@18.3.1/node_modules/next/dist/server/api-utils/node.js:366:15)
    at process.processTicksAndRejections (node:internal/process/task_queues:95:5)
    at async NextNodeServer.runApi (/app/node_modules/.pnpm/next@12.3.4_react-dom@18.3.1_react@18.3.1__react@18.3.1/node_modules/next/dist/server/next-server.js:481:9)
    at async Object.fn (/app/node_modules/.pnpm/next@12.3.4_react-dom@18.3.1_react@18.3.1__react@18.3.1/node_modules/next/dist/server/next-server.js:741:37)
    at async Router.execute (/app/node_modules/.pnpm/next@12.3.4_react-dom@18.3.1_react@18.3.1__react@18.3.1/node_modules/next/dist/server/router.js:252:36)
    at async NextNodeServer.run (/app/node_modules/.pnpm/next@12.3.4_react-dom@18.3.1_react@18.3.1__react@18.3.1/node_modules/next/dist/server/base-server.js:365:29)
    at async NextNodeServer.handleRequest (/app/node_modules/.pnpm/next@12.3.4_react-dom@18.3.1_react@18.3.1__react@18.3.1/node_modules/next/dist/server/base-server.js:303:20)
    at async Server.<anonymous> (/app/server.js:19:5)
[2026-02-17T18:23:16.764Z] error: <dockerStatusService> TypeError: Cannot read properties of null (reading 'my-docker')
    at getDockerArguments (/app/.next/server/chunks/2045.js:44:14)
    at handler (/app/.next/server/pages/api/docker/status/[...service].js:88:96)
    at Object.apiResolver (/app/node_modules/.pnpm/next@12.3.4_react-dom@18.3.1_react@18.3.1__react@18.3.1/node_modules/next/dist/server/api-utils/node.js:366:15)
    at process.processTicksAndRejections (node:internal/process/task_queues:95:5)
    at async NextNodeServer.runApi (/app/node_modules/.pnpm/next@12.3.4_react-dom@18.3.1_react@18.3.1__react@18.3.1/node_modules/next/dist/server/next-server.js:481:9)
    at async Object.fn (/app/node_modules/.pnpm/next@12.3.4_react-dom@18.3.1_react@18.3.1__react@18.3.1/node_modules/next/dist/server/next-server.js:741:37)
    at async Router.execute (/app/node_modules/.pnpm/next@12.3.4_react-dom@18.3.1_react@18.3.1__react@18.3.1/node_modules/next/dist/server/router.js:252:36)
    at async NextNodeServer.run (/app/node_modules/.pnpm/next@12.3.4_react-dom@18.3.1_react@18.3.1__react@18.3.1/node_modules/next/dist/server/base-server.js:365:29)
    at async NextNodeServer.handleRequest (/app/node_modules/.pnpm/next@12.3.4_react-dom@18.3.1_react@18.3.1__react@18.3.1/node_modules/next/dist/server/base-server.js:303:20)
    at async Server.<anonymous> (/app/server.js:19:5)
[2026-02-17T18:23:16.768Z] error: <dockerStatusService> TypeError: Cannot read properties of null (reading 'my-docker')
    at getDockerArguments (/app/.next/server/chunks/2045.js:44:14)
    at handler (/app/.next/server/pages/api/docker/status/[...service].js:88:96)
    at Object.apiResolver (/app/node_modules/.pnpm/next@12.3.4_react-dom@18.3.1_react@18.3.1__react@18.3.1/node_modules/next/dist/server/api-utils/node.js:366:15)
    at process.processTicksAndRejections (node:internal/process/task_queues:95:5)
    at async NextNodeServer.runApi (/app/node_modules/.pnpm/next@12.3.4_react-dom@18.3.1_react@18.3.1__react@18.3.1/node_modules/next/dist/server/next-server.js:481:9)
    at async Object.fn (/app/node_modules/.pnpm/next@12.3.4_react-dom@18.3.1_react@18.3.1__react@18.3.1/node_modules/next/dist/server/next-server.js:741:37)
    at async Router.execute (/app/node_modules/.pnpm/next@12.3.4_react-dom@18.3.1_react@18.3.1__react@18.3.1/node_modules/next/dist/server/router.js:252:36)
    at async NextNodeServer.run (/app/node_modules/.pnpm/next@12.3.4_react-dom@18.3.1_react@18.3.1__react@18.3.1/node_modules/next/dist/server/base-server.js:365:29)
    at async NextNodeServer.handleRequest (/app/node_modules/.pnpm/next@12.3.4_react-dom@18.3.1_react@18.3.1__react@18.3.1/node_modules/next/dist/server/base-server.js:303:20)
    at async Server.<anonymous> (/app/server.js:19:5)
[2026-02-17T18:23:16.772Z] error: <dockerStatusService> TypeError: Cannot read properties of null (reading 'my-docker')
    at getDockerArguments (/app/.next/server/chunks/2045.js:44:14)
    at handler (/app/.next/server/pages/api/docker/status/[...service].js:88:96)
    at Object.apiResolver (/app/node_modules/.pnpm/next@12.3.4_react-dom@18.3.1_react@18.3.1__react@18.3.1/node_modules/next/dist/server/api-utils/node.js:366:15)
    at process.processTicksAndRejections (node:internal/process/task_queues:95:5)
    at async NextNodeServer.runApi (/app/node_modules/.pnpm/next@12.3.4_react-dom@18.3.1_react@18.3.1__react@18.3.1/node_modules/next/dist/server/next-server.js:481:9)
    at async Object.fn (/app/node_modules/.pnpm/next@12.3.4_react-dom@18.3.1_react@18.3.1__react@18.3.1/node_modules/next/dist/server/next-server.js:741:37)
    at async Router.execute (/app/node_modules/.pnpm/next@12.3.4_react-dom@18.3.1_react@18.3.1__react@18.3.1/node_modules/next/dist/server/router.js:252:36)
    at async NextNodeServer.run (/app/node_modules/.pnpm/next@12.3.4_react-dom@18.3.1_react@18.3.1__react@18.3.1/node_modules/next/dist/server/base-server.js:365:29)
    at async NextNodeServer.handleRequest (/app/node_modules/.pnpm/next@12.3.4_react-dom@18.3.1_react@18.3.1__react@18.3.1/node_modules/next/dist/server/base-server.js:303:20)
    at async Server.<anonymous> (/app/server.js:19:5)
[2026-02-17T18:23:16.775Z] error: <dockerStatusService> TypeError: Cannot read properties of null (reading 'my-docker')
    at getDockerArguments (/app/.next/server/chunks/2045.js:44:14)
    at handler (/app/.next/server/pages/api/docker/status/[...service].js:88:96)
    at Object.apiResolver (/app/node_modules/.pnpm/next@12.3.4_react-dom@18.3.1_react@18.3.1__react@18.3.1/node_modules/next/dist/server/api-utils/node.js:366:15)
    at process.processTicksAndRejections (node:internal/process/task_queues:95:5)
    at async NextNodeServer.runApi (/app/node_modules/.pnpm/next@12.3.4_react-dom@18.3.1_react@18.3.1__react@18.3.1/node_modules/next/dist/server/next-server.js:481:9)
    at async Object.fn (/app/node_modules/.pnpm/next@12.3.4_react-dom@18.3.1_react@18.3.1__react@18.3.1/node_modules/next/dist/server/next-server.js:741:37)
    at async Router.execute (/app/node_modules/.pnpm/next@12.3.4_react-dom@18.3.1_react@18.3.1__react@18.3.1/node_modules/next/dist/server/router.js:252:36)
    at async NextNodeServer.run (/app/node_modules/.pnpm/next@12.3.4_react-dom@18.3.1_react@18.3.1__react@18.3.1/node_modules/next/dist/server/base-server.js:365:29)
    at async NextNodeServer.handleRequest (/app/node_modules/.pnpm/next@12.3.4_react-dom@18.3.1_react@18.3.1__react@18.3.1/node_modules/next/dist/server/base-server.js:303:20)
    at async Server.<anonymous> (/app/server.js:19:5)
[2026-02-17T18:23:17.808Z] error: <dockerStatusService> TypeError: Cannot read properties of null (reading 'my-docker')
    at getDockerArguments (/app/.next/server/chunks/2045.js:44:14)
    at handler (/app/.next/server/pages/api/docker/status/[...service].js:88:96)
    at Object.apiResolver (/app/node_modules/.pnpm/next@12.3.4_react-dom@18.3.1_react@18.3.1__react@18.3.1/node_modules/next/dist/server/api-utils/node.js:366:15)
    at process.processTicksAndRejections (node:internal/process/task_queues:95:5)
    at async NextNodeServer.runApi (/app/node_modules/.pnpm/next@12.3.4_react-dom@18.3.1_react@18.3.1__react@18.3.1/node_modules/next/dist/server/next-server.js:481:9)
    at async Object.fn (/app/node_modules/.pnpm/next@12.3.4_react-dom@18.3.1_react@18.3.1__react@18.3.1/node_modules/next/dist/server/next-server.js:741:37)
    at async Router.execute (/app/node_modules/.pnpm/next@12.3.4_react-dom@18.3.1_react@18.3.1__react@18.3.1/node_modules/next/dist/server/router.js:252:36)
    at async NextNodeServer.run (/app/node_modules/.pnpm/next@12.3.4_react-dom@18.3.1_react@18.3.1__react@18.3.1/node_modules/next/dist/server/base-server.js:365:29)
    at async NextNodeServer.handleRequest (/app/node_modules/.pnpm/next@12.3.4_react-dom@18.3.1_react@18.3.1__react@18.3.1/node_modules/next/dist/server/base-server.js:303:20)
    at async Server.<anonymous> (/app/server.js:19:5)
[2026-02-17T18:23:17.813Z] error: <dockerStatusService> TypeError: Cannot read properties of null (reading 'my-docker')
    at getDockerArguments (/app/.next/server/chunks/2045.js:44:14)
    at handler (/app/.next/server/pages/api/docker/status/[...service].js:88:96)
    at Object.apiResolver (/app/node_modules/.pnpm/next@12.3.4_react-dom@18.3.1_react@18.3.1__react@18.3.1/node_modules/next/dist/server/api-utils/node.js:366:15)
    at process.processTicksAndRejections (node:internal/process/task_queues:95:5)
    at async NextNodeServer.runApi (/app/node_modules/.pnpm/next@12.3.4_react-dom@18.3.1_react@18.3.1__react@18.3.1/node_modules/next/dist/server/next-server.js:481:9)
    at async Object.fn (/app/node_modules/.pnpm/next@12.3.4_react-dom@18.3.1_react@18.3.1__react@18.3.1/node_modules/next/dist/server/next-server.js:741:37)
    at async Router.execute (/app/node_modules/.pnpm/next@12.3.4_react-dom@18.3.1_react@18.3.1__react@18.3.1/node_modules/next/dist/server/router.js:252:36)
    at async NextNodeServer.run (/app/node_modules/.pnpm/next@12.3.4_react-dom@18.3.1_react@18.3.1__react@18.3.1/node_modules/next/dist/server/base-server.js:365:29)
    at async NextNodeServer.handleRequest (/app/node_modules/.pnpm/next@12.3.4_react-dom@18.3.1_react@18.3.1__react@18.3.1/node_modules/next/dist/server/base-server.js:303:20)
    at async Server.<anonymous> (/app/server.js:19:5)
[2026-02-17T18:23:17.817Z] error: <dockerStatusService> TypeError: Cannot read properties of null (reading 'my-docker')
    at getDockerArguments (/app/.next/server/chunks/2045.js:44:14)
    at handler (/app/.next/server/pages/api/docker/status/[...service].js:88:96)
    at Object.apiResolver (/app/node_modules/.pnpm/next@12.3.4_react-dom@18.3.1_react@18.3.1__react@18.3.1/node_modules/next/dist/server/api-utils/node.js:366:15)
    at process.processTicksAndRejections (node:internal/process/task_queues:95:5)
    at async NextNodeServer.runApi (/app/node_modules/.pnpm/next@12.3.4_react-dom@18.3.1_react@18.3.1__react@18.3.1/node_modules/next/dist/server/next-server.js:481:9)
    at async Object.fn (/app/node_modules/.pnpm/next@12.3.4_react-dom@18.3.1_react@18.3.1__react@18.3.1/node_modules/next/dist/server/next-server.js:741:37)
    at async Router.execute (/app/node_modules/.pnpm/next@12.3.4_react-dom@18.3.1_react@18.3.1__react@18.3.1/node_modules/next/dist/server/router.js:252:36)
    at async NextNodeServer.run (/app/node_modules/.pnpm/next@12.3.4_react-dom@18.3.1_react@18.3.1__react@18.3.1/node_modules/next/dist/server/base-server.js:365:29)
    at async NextNodeServer.handleRequest (/app/node_modules/.pnpm/next@12.3.4_react-dom@18.3.1_react@18.3.1__react@18.3.1/node_modules/next/dist/server/base-server.js:303:20)
    at async Server.<anonymous> (/app/server.js:19:5)
[2026-02-17T18:23:17.820Z] error: <dockerStatusService> TypeError: Cannot read properties of null (reading 'my-docker')
    at getDockerArguments (/app/.next/server/chunks/2045.js:44:14)
    at handler (/app/.next/server/pages/api/docker/status/[...service].js:88:96)
    at Object.apiResolver (/app/node_modules/.pnpm/next@12.3.4_react-dom@18.3.1_react@18.3.1__react@18.3.1/node_modules/next/dist/server/api-utils/node.js:366:15)
    at process.processTicksAndRejections (node:internal/process/task_queues:95:5)
    at async NextNodeServer.runApi (/app/node_modules/.pnpm/next@12.3.4_react-dom@18.3.1_react@18.3.1__react@18.3.1/node_modules/next/dist/server/next-server.js:481:9)
    at async Object.fn (/app/node_modules/.pnpm/next@12.3.4_react-dom@18.3.1_react@18.3.1__react@18.3.1/node_modules/next/dist/server/next-server.js:741:37)
    at async Router.execute (/app/node_modules/.pnpm/next@12.3.4_react-dom@18.3.1_react@18.3.1__react@18.3.1/node_modules/next/dist/server/router.js:252:36)
    at async NextNodeServer.run (/app/node_modules/.pnpm/next@12.3.4_react-dom@18.3.1_react@18.3.1__react@18.3.1/node_modules/next/dist/server/base-server.js:365:29)
    at async NextNodeServer.handleRequest (/app/node_modules/.pnpm/next@12.3.4_react-dom@18.3.1_react@18.3.1__react@18.3.1/node_modules/next/dist/server/base-server.js:303:20)
    at async Server.<anonymous> (/app/server.js:19:5)
[2026-02-17T18:23:17.823Z] error: <dockerStatusService> TypeError: Cannot read properties of null (reading 'my-docker')
    at getDockerArguments (/app/.next/server/chunks/2045.js:44:14)
    at handler (/app/.next/server/pages/api/docker/status/[...service].js:88:96)
    at Object.apiResolver (/app/node_modules/.pnpm/next@12.3.4_react-dom@18.3.1_react@18.3.1__react@18.3.1/node_modules/next/dist/server/api-utils/node.js:366:15)
    at process.processTicksAndRejections (node:internal/process/task_queues:95:5)
    at async NextNodeServer.runApi (/app/node_modules/.pnpm/next@12.3.4_react-dom@18.3.1_react@18.3.1__react@18.3.1/node_modules/next/dist/server/next-server.js:481:9)
    at async Object.fn (/app/node_modules/.pnpm/next@12.3.4_react-dom@18.3.1_react@18.3.1__react@18.3.1/node_modules/next/dist/server/next-server.js:741:37)
    at async Router.execute (/app/node_modules/.pnpm/next@12.3.4_react-dom@18.3.1_react@18.3.1__react@18.3.1/node_modules/next/dist/server/router.js:252:36)
    at async NextNodeServer.run (/app/node_modules/.pnpm/next@12.3.4_react-dom@18.3.1_react@18.3.1__react@18.3.1/node_modules/next/dist/server/base-server.js:365:29)
    at async NextNodeServer.handleRequest (/app/node_modules/.pnpm/next@12.3.4_react-dom@18.3.1_react@18.3.1__react@18.3.1/node_modules/next/dist/server/base-server.js:303:20)
    at async Server.<anonymous> (/app/server.js:19:5)
[2026-02-17T18:23:17.826Z] error: <dockerStatusService> TypeError: Cannot read properties of null (reading 'my-docker')
    at getDockerArguments (/app/.next/server/chunks/2045.js:44:14)
    at handler (/app/.next/server/pages/api/docker/status/[...service].js:88:96)
    at Object.apiResolver (/app/node_modules/.pnpm/next@12.3.4_react-dom@18.3.1_react@18.3.1__react@18.3.1/node_modules/next/dist/server/api-utils/node.js:366:15)
    at process.processTicksAndRejections (node:internal/process/task_queues:95:5)
    at async NextNodeServer.runApi (/app/node_modules/.pnpm/next@12.3.4_react-dom@18.3.1_react@18.3.1__react@18.3.1/node_modules/next/dist/server/next-server.js:481:9)
    at async Object.fn (/app/node_modules/.pnpm/next@12.3.4_react-dom@18.3.1_react@18.3.1__react@18.3.1/node_modules/next/dist/server/next-server.js:741:37)
    at async Router.execute (/app/node_modules/.pnpm/next@12.3.4_react-dom@18.3.1_react@18.3.1__react@18.3.1/node_modules/next/dist/server/router.js:252:36)
    at async NextNodeServer.run (/app/node_modules/.pnpm/next@12.3.4_react-dom@18.3.1_react@18.3.1__react@18.3.1/node_modules/next/dist/server/base-server.js:365:29)
    at async NextNodeServer.handleRequest (/app/node_modules/.pnpm/next@12.3.4_react-dom@18.3.1_react@18.3.1__react@18.3.1/node_modules/next/dist/server/base-server.js:303:20)
    at async Server.<anonymous> (/app/server.js:19:5)
[2026-02-17T18:23:17.830Z] error: <dockerStatusService> TypeError: Cannot read properties of null (reading 'my-docker')
    at getDockerArguments (/app/.next/server/chunks/2045.js:44:14)
    at handler (/app/.next/server/pages/api/docker/status/[...service].js:88:96)
    at Object.apiResolver (/app/node_modules/.pnpm/next@12.3.4_react-dom@18.3.1_react@18.3.1__react@18.3.1/node_modules/next/dist/server/api-utils/node.js:366:15)
    at process.processTicksAndRejections (node:internal/process/task_queues:95:5)
    at async NextNodeServer.runApi (/app/node_modules/.pnpm/next@12.3.4_react-dom@18.3.1_react@18.3.1__react@18.3.1/node_modules/next/dist/server/next-server.js:481:9)
    at async Object.fn (/app/node_modules/.pnpm/next@12.3.4_react-dom@18.3.1_react@18.3.1__react@18.3.1/node_modules/next/dist/server/next-server.js:741:37)
    at async Router.execute (/app/node_modules/.pnpm/next@12.3.4_react-dom@18.3.1_react@18.3.1__react@18.3.1/node_modules/next/dist/server/router.js:252:36)
    at async NextNodeServer.run (/app/node_modules/.pnpm/next@12.3.4_react-dom@18.3.1_react@18.3.1__react@18.3.1/node_modules/next/dist/server/base-server.js:365:29)
    at async NextNodeServer.handleRequest (/app/node_modules/.pnpm/next@12.3.4_react-dom@18.3.1_react@18.3.1__react@18.3.1/node_modules/next/dist/server/base-server.js:303:20)
    at async Server.<anonymous> (/app/server.js:19:5)
[2026-02-17T18:23:28.725Z] error: <dockerStatusService> TypeError: Cannot read properties of null (reading 'my-docker')
    at getDockerArguments (/app/.next/server/chunks/2045.js:44:14)
    at handler (/app/.next/server/pages/api/docker/status/[...service].js:88:96)
    at Object.apiResolver (/app/node_modules/.pnpm/next@12.3.4_react-dom@18.3.1_react@18.3.1__react@18.3.1/node_modules/next/dist/server/api-utils/node.js:366:15)
    at process.processTicksAndRejections (node:internal/process/task_queues:95:5)
    at async NextNodeServer.runApi (/app/node_modules/.pnpm/next@12.3.4_react-dom@18.3.1_react@18.3.1__react@18.3.1/node_modules/next/dist/server/next-server.js:481:9)
    at async Object.fn (/app/node_modules/.pnpm/next@12.3.4_react-dom@18.3.1_react@18.3.1__react@18.3.1/node_modules/next/dist/server/next-server.js:741:37)
    at async Router.execute (/app/node_modules/.pnpm/next@12.3.4_react-dom@18.3.1_react@18.3.1__react@18.3.1/node_modules/next/dist/server/router.js:252:36)
    at async NextNodeServer.run (/app/node_modules/.pnpm/next@12.3.4_react-dom@18.3.1_react@18.3.1__react@18.3.1/node_modules/next/dist/server/base-server.js:365:29)
    at async NextNodeServer.handleRequest (/app/node_modules/.pnpm/next@12.3.4_react-dom@18.3.1_react@18.3.1__react@18.3.1/node_modules/next/dist/server/base-server.js:303:20)
    at async Server.<anonymous> (/app/server.js:19:5)
[2026-02-17T18:23:28.729Z] error: <dockerStatusService> TypeError: Cannot read properties of null (reading 'my-docker')
    at getDockerArguments (/app/.next/server/chunks/2045.js:44:14)
    at handler (/app/.next/server/pages/api/docker/status/[...service].js:88:96)
    at Object.apiResolver (/app/node_modules/.pnpm/next@12.3.4_react-dom@18.3.1_react@18.3.1__react@18.3.1/node_modules/next/dist/server/api-utils/node.js:366:15)
    at process.processTicksAndRejections (node:internal/process/task_queues:95:5)
    at async NextNodeServer.runApi (/app/node_modules/.pnpm/next@12.3.4_react-dom@18.3.1_react@18.3.1__react@18.3.1/node_modules/next/dist/server/next-server.js:481:9)
    at async Object.fn (/app/node_modules/.pnpm/next@12.3.4_react-dom@18.3.1_react@18.3.1__react@18.3.1/node_modules/next/dist/server/next-server.js:741:37)
    at async Router.execute (/app/node_modules/.pnpm/next@12.3.4_react-dom@18.3.1_react@18.3.1__react@18.3.1/node_modules/next/dist/server/router.js:252:36)
    at async NextNodeServer.run (/app/node_modules/.pnpm/next@12.3.4_react-dom@18.3.1_react@18.3.1__react@18.3.1/node_modules/next/dist/server/base-server.js:365:29)
    at async NextNodeServer.handleRequest (/app/node_modules/.pnpm/next@12.3.4_react-dom@18.3.1_react@18.3.1__react@18.3.1/node_modules/next/dist/server/base-server.js:303:20)
    at async Server.<anonymous> (/app/server.js:19:5)
[2026-02-17T18:23:28.732Z] error: <dockerStatusService> TypeError: Cannot read properties of null (reading 'my-docker')
    at getDockerArguments (/app/.next/server/chunks/2045.js:44:14)
    at handler (/app/.next/server/pages/api/docker/status/[...service].js:88:96)
    at Object.apiResolver (/app/node_modules/.pnpm/next@12.3.4_react-dom@18.3.1_react@18.3.1__react@18.3.1/node_modules/next/dist/server/api-utils/node.js:366:15)
    at process.processTicksAndRejections (node:internal/process/task_queues:95:5)
    at async NextNodeServer.runApi (/app/node_modules/.pnpm/next@12.3.4_react-dom@18.3.1_react@18.3.1__react@18.3.1/node_modules/next/dist/server/next-server.js:481:9)
    at async Object.fn (/app/node_modules/.pnpm/next@12.3.4_react-dom@18.3.1_react@18.3.1__react@18.3.1/node_modules/next/dist/server/next-server.js:741:37)
    at async Router.execute (/app/node_modules/.pnpm/next@12.3.4_react-dom@18.3.1_react@18.3.1__react@18.3.1/node_modules/next/dist/server/router.js:252:36)
    at async NextNodeServer.run (/app/node_modules/.pnpm/next@12.3.4_react-dom@18.3.1_react@18.3.1__react@18.3.1/node_modules/next/dist/server/base-server.js:365:29)
    at async NextNodeServer.handleRequest (/app/node_modules/.pnpm/next@12.3.4_react-dom@18.3.1_react@18.3.1__react@18.3.1/node_modules/next/dist/server/base-server.js:303:20)
    at async Server.<anonymous> (/app/server.js:19:5)
[2026-02-17T18:23:28.735Z] error: <dockerStatusService> TypeError: Cannot read properties of null (reading 'my-docker')
    at getDockerArguments (/app/.next/server/chunks/2045.js:44:14)
    at handler (/app/.next/server/pages/api/docker/status/[...service].js:88:96)
    at Object.apiResolver (/app/node_modules/.pnpm/next@12.3.4_react-dom@18.3.1_react@18.3.1__react@18.3.1/node_modules/next/dist/server/api-utils/node.js:366:15)
    at process.processTicksAndRejections (node:internal/process/task_queues:95:5)
    at async NextNodeServer.runApi (/app/node_modules/.pnpm/next@12.3.4_react-dom@18.3.1_react@18.3.1__react@18.3.1/node_modules/next/dist/server/next-server.js:481:9)
    at async Object.fn (/app/node_modules/.pnpm/next@12.3.4_react-dom@18.3.1_react@18.3.1__react@18.3.1/node_modules/next/dist/server/next-server.js:741:37)
    at async Router.execute (/app/node_modules/.pnpm/next@12.3.4_react-dom@18.3.1_react@18.3.1__react@18.3.1/node_modules/next/dist/server/router.js:252:36)
    at async NextNodeServer.run (/app/node_modules/.pnpm/next@12.3.4_react-dom@18.3.1_react@18.3.1__react@18.3.1/node_modules/next/dist/server/base-server.js:365:29)
    at async NextNodeServer.handleRequest (/app/node_modules/.pnpm/next@12.3.4_react-dom@18.3.1_react@18.3.1__react@18.3.1/node_modules/next/dist/server/base-server.js:303:20)
    at async Server.<anonymous> (/app/server.js:19:5)
[2026-02-17T18:23:28.738Z] error: <dockerStatusService> TypeError: Cannot read properties of null (reading 'my-docker')
    at getDockerArguments (/app/.next/server/chunks/2045.js:44:14)
    at handler (/app/.next/server/pages/api/docker/status/[...service].js:88:96)
    at Object.apiResolver (/app/node_modules/.pnpm/next@12.3.4_react-dom@18.3.1_react@18.3.1__react@18.3.1/node_modules/next/dist/server/api-utils/node.js:366:15)
    at process.processTicksAndRejections (node:internal/process/task_queues:95:5)
    at async NextNodeServer.runApi (/app/node_modules/.pnpm/next@12.3.4_react-dom@18.3.1_react@18.3.1__react@18.3.1/node_modules/next/dist/server/next-server.js:481:9)
    at async Object.fn (/app/node_modules/.pnpm/next@12.3.4_react-dom@18.3.1_react@18.3.1__react@18.3.1/node_modules/next/dist/server/next-server.js:741:37)
    at async Router.execute (/app/node_modules/.pnpm/next@12.3.4_react-dom@18.3.1_react@18.3.1__react@18.3.1/node_modules/next/dist/server/router.js:252:36)
    at async NextNodeServer.run (/app/node_modules/.pnpm/next@12.3.4_react-dom@18.3.1_react@18.3.1__react@18.3.1/node_modules/next/dist/server/base-server.js:365:29)
    at async NextNodeServer.handleRequest (/app/node_modules/.pnpm/next@12.3.4_react-dom@18.3.1_react@18.3.1__react@18.3.1/node_modules/next/dist/server/base-server.js:303:20)
    at async Server.<anonymous> (/app/server.js:19:5)
[2026-02-17T18:23:28.741Z] error: <dockerStatusService> TypeError: Cannot read properties of null (reading 'my-docker')
    at getDockerArguments (/app/.next/server/chunks/2045.js:44:14)
    at handler (/app/.next/server/pages/api/docker/status/[...service].js:88:96)
    at Object.apiResolver (/app/node_modules/.pnpm/next@12.3.4_react-dom@18.3.1_react@18.3.1__react@18.3.1/node_modules/next/dist/server/api-utils/node.js:366:15)
    at process.processTicksAndRejections (node:internal/process/task_queues:95:5)
    at async NextNodeServer.runApi (/app/node_modules/.pnpm/next@12.3.4_react-dom@18.3.1_react@18.3.1__react@18.3.1/node_modules/next/dist/server/next-server.js:481:9)
    at async Object.fn (/app/node_modules/.pnpm/next@12.3.4_react-dom@18.3.1_react@18.3.1__react@18.3.1/node_modules/next/dist/server/next-server.js:741:37)
    at async Router.execute (/app/node_modules/.pnpm/next@12.3.4_react-dom@18.3.1_react@18.3.1__react@18.3.1/node_modules/next/dist/server/router.js:252:36)
    at async NextNodeServer.run (/app/node_modules/.pnpm/next@12.3.4_react-dom@18.3.1_react@18.3.1__react@18.3.1/node_modules/next/dist/server/base-server.js:365:29)
    at async NextNodeServer.handleRequest (/app/node_modules/.pnpm/next@12.3.4_react-dom@18.3.1_react@18.3.1__react@18.3.1/node_modules/next/dist/server/base-server.js:303:20)
    at async Server.<anonymous> (/app/server.js:19:5)
[2026-02-17T18:23:28.758Z] error: <dockerStatusService> TypeError: Cannot read properties of null (reading 'my-docker')
    at getDockerArguments (/app/.next/server/chunks/2045.js:44:14)
    at handler (/app/.next/server/pages/api/docker/status/[...service].js:88:96)
    at Object.apiResolver (/app/node_modules/.pnpm/next@12.3.4_react-dom@18.3.1_react@18.3.1__react@18.3.1/node_modules/next/dist/server/api-utils/node.js:366:15)
    at process.processTicksAndRejections (node:internal/process/task_queues:95:5)
    at async NextNodeServer.runApi (/app/node_modules/.pnpm/next@12.3.4_react-dom@18.3.1_react@18.3.1__react@18.3.1/node_modules/next/dist/server/next-server.js:481:9)
    at async Object.fn (/app/node_modules/.pnpm/next@12.3.4_react-dom@18.3.1_react@18.3.1__react@18.3.1/node_modules/next/dist/server/next-server.js:741:37)
    at async Router.execute (/app/node_modules/.pnpm/next@12.3.4_react-dom@18.3.1_react@18.3.1__react@18.3.1/node_modules/next/dist/server/router.js:252:36)
    at async NextNodeServer.run (/app/node_modules/.pnpm/next@12.3.4_react-dom@18.3.1_react@18.3.1__react@18.3.1/node_modules/next/dist/server/base-server.js:365:29)
    at async NextNodeServer.handleRequest (/app/node_modules/.pnpm/next@12.3.4_react-dom@18.3.1_react@18.3.1__react@18.3.1/node_modules/next/dist/server/base-server.js:303:20)
    at async Server.<anonymous> (/app/server.js:19:5)
[2026-02-17T18:25:18.528Z] error: <dockerStatusService> TypeError: Cannot read properties of null (reading 'my-docker')
    at getDockerArguments (/app/.next/server/chunks/2045.js:44:14)
    at handler (/app/.next/server/pages/api/docker/status/[...service].js:88:96)
    at Object.apiResolver (/app/node_modules/.pnpm/next@12.3.4_react-dom@18.3.1_react@18.3.1__react@18.3.1/node_modules/next/dist/server/api-utils/node.js:366:15)
    at process.processTicksAndRejections (node:internal/process/task_queues:95:5)
    at async NextNodeServer.runApi (/app/node_modules/.pnpm/next@12.3.4_react-dom@18.3.1_react@18.3.1__react@18.3.1/node_modules/next/dist/server/next-server.js:481:9)
    at async Object.fn (/app/node_modules/.pnpm/next@12.3.4_react-dom@18.3.1_react@18.3.1__react@18.3.1/node_modules/next/dist/server/next-server.js:741:37)
    at async Router.execute (/app/node_modules/.pnpm/next@12.3.4_react-dom@18.3.1_react@18.3.1__react@18.3.1/node_modules/next/dist/server/router.js:252:36)
    at async NextNodeServer.run (/app/node_modules/.pnpm/next@12.3.4_react-dom@18.3.1_react@18.3.1__react@18.3.1/node_modules/next/dist/server/base-server.js:365:29)
    at async NextNodeServer.handleRequest (/app/node_modules/.pnpm/next@12.3.4_react-dom@18.3.1_react@18.3.1__react@18.3.1/node_modules/next/dist/server/base-server.js:303:20)
    at async Server.<anonymous> (/app/server.js:19:5)
[2026-02-17T18:25:18.572Z] error: <dockerStatusService> TypeError: Cannot read properties of null (reading 'my-docker')
    at getDockerArguments (/app/.next/server/chunks/2045.js:44:14)
    at handler (/app/.next/server/pages/api/docker/status/[...service].js:88:96)
    at Object.apiResolver (/app/node_modules/.pnpm/next@12.3.4_react-dom@18.3.1_react@18.3.1__react@18.3.1/node_modules/next/dist/server/api-utils/node.js:366:15)
    at process.processTicksAndRejections (node:internal/process/task_queues:95:5)
    at async NextNodeServer.runApi (/app/node_modules/.pnpm/next@12.3.4_react-dom@18.3.1_react@18.3.1__react@18.3.1/node_modules/next/dist/server/next-server.js:481:9)
    at async Object.fn (/app/node_modules/.pnpm/next@12.3.4_react-dom@18.3.1_react@18.3.1__react@18.3.1/node_modules/next/dist/server/next-server.js:741:37)
    at async Router.execute (/app/node_modules/.pnpm/next@12.3.4_react-dom@18.3.1_react@18.3.1__react@18.3.1/node_modules/next/dist/server/router.js:252:36)
    at async NextNodeServer.run (/app/node_modules/.pnpm/next@12.3.4_react-dom@18.3.1_react@18.3.1__react@18.3.1/node_modules/next/dist/server/base-server.js:365:29)
    at async NextNodeServer.handleRequest (/app/node_modules/.pnpm/next@12.3.4_react-dom@18.3.1_react@18.3.1__react@18.3.1/node_modules/next/dist/server/base-server.js:303:20)
    at async Server.<anonymous> (/app/server.js:19:5)
[2026-02-17T18:25:18.577Z] error: <dockerStatusService> TypeError: Cannot read properties of null (reading 'my-docker')
    at getDockerArguments (/app/.next/server/chunks/2045.js:44:14)
    at handler (/app/.next/server/pages/api/docker/status/[...service].js:88:96)
    at Object.apiResolver (/app/node_modules/.pnpm/next@12.3.4_react-dom@18.3.1_react@18.3.1__react@18.3.1/node_modules/next/dist/server/api-utils/node.js:366:15)
    at process.processTicksAndRejections (node:internal/process/task_queues:95:5)
    at async NextNodeServer.runApi (/app/node_modules/.pnpm/next@12.3.4_react-dom@18.3.1_react@18.3.1__react@18.3.1/node_modules/next/dist/server/next-server.js:481:9)
    at async Object.fn (/app/node_modules/.pnpm/next@12.3.4_react-dom@18.3.1_react@18.3.1__react@18.3.1/node_modules/next/dist/server/next-server.js:741:37)
    at async Router.execute (/app/node_modules/.pnpm/next@12.3.4_react-dom@18.3.1_react@18.3.1__react@18.3.1/node_modules/next/dist/server/router.js:252:36)
    at async NextNodeServer.run (/app/node_modules/.pnpm/next@12.3.4_react-dom@18.3.1_react@18.3.1__react@18.3.1/node_modules/next/dist/server/base-server.js:365:29)
    at async NextNodeServer.handleRequest (/app/node_modules/.pnpm/next@12.3.4_react-dom@18.3.1_react@18.3.1__react@18.3.1/node_modules/next/dist/server/base-server.js:303:20)
    at async Server.<anonymous> (/app/server.js:19:5)
[2026-02-17T18:25:18.584Z] error: <dockerStatusService> TypeError: Cannot read properties of null (reading 'my-docker')
    at getDockerArguments (/app/.next/server/chunks/2045.js:44:14)
    at handler (/app/.next/server/pages/api/docker/status/[...service].js:88:96)
    at Object.apiResolver (/app/node_modules/.pnpm/next@12.3.4_react-dom@18.3.1_react@18.3.1__react@18.3.1/node_modules/next/dist/server/api-utils/node.js:366:15)
    at process.processTicksAndRejections (node:internal/process/task_queues:95:5)
    at async NextNodeServer.runApi (/app/node_modules/.pnpm/next@12.3.4_react-dom@18.3.1_react@18.3.1__react@18.3.1/node_modules/next/dist/server/next-server.js:481:9)
    at async Object.fn (/app/node_modules/.pnpm/next@12.3.4_react-dom@18.3.1_react@18.3.1__react@18.3.1/node_modules/next/dist/server/next-server.js:741:37)
    at async Router.execute (/app/node_modules/.pnpm/next@12.3.4_react-dom@18.3.1_react@18.3.1__react@18.3.1/node_modules/next/dist/server/router.js:252:36)
    at async NextNodeServer.run (/app/node_modules/.pnpm/next@12.3.4_react-dom@18.3.1_react@18.3.1__react@18.3.1/node_modules/next/dist/server/base-server.js:365:29)
    at async NextNodeServer.handleRequest (/app/node_modules/.pnpm/next@12.3.4_react-dom@18.3.1_react@18.3.1__react@18.3.1/node_modules/next/dist/server/base-server.js:303:20)
    at async Server.<anonymous> (/app/server.js:19:5)
[2026-02-17T18:25:18.592Z] error: <dockerStatusService> TypeError: Cannot read properties of null (reading 'my-docker')
    at getDockerArguments (/app/.next/server/chunks/2045.js:44:14)
    at handler (/app/.next/server/pages/api/docker/status/[...service].js:88:96)
    at Object.apiResolver (/app/node_modules/.pnpm/next@12.3.4_react-dom@18.3.1_react@18.3.1__react@18.3.1/node_modules/next/dist/server/api-utils/node.js:366:15)
    at process.processTicksAndRejections (node:internal/process/task_queues:95:5)
    at async NextNodeServer.runApi (/app/node_modules/.pnpm/next@12.3.4_react-dom@18.3.1_react@18.3.1__react@18.3.1/node_modules/next/dist/server/next-server.js:481:9)
    at async Object.fn (/app/node_modules/.pnpm/next@12.3.4_react-dom@18.3.1_react@18.3.1__react@18.3.1/node_modules/next/dist/server/next-server.js:741:37)
    at async Router.execute (/app/node_modules/.pnpm/next@12.3.4_react-dom@18.3.1_react@18.3.1__react@18.3.1/node_modules/next/dist/server/router.js:252:36)
    at async NextNodeServer.run (/app/node_modules/.pnpm/next@12.3.4_react-dom@18.3.1_react@18.3.1__react@18.3.1/node_modules/next/dist/server/base-server.js:365:29)
    at async NextNodeServer.handleRequest (/app/node_modules/.pnpm/next@12.3.4_react-dom@18.3.1_react@18.3.1__react@18.3.1/node_modules/next/dist/server/base-server.js:303:20)
    at async Server.<anonymous> (/app/server.js:19:5)
[2026-02-17T18:25:18.599Z] error: <dockerStatusService> TypeError: Cannot read properties of null (reading 'my-docker')
    at getDockerArguments (/app/.next/server/chunks/2045.js:44:14)
    at handler (/app/.next/server/pages/api/docker/status/[...service].js:88:96)
    at Object.apiResolver (/app/node_modules/.pnpm/next@12.3.4_react-dom@18.3.1_react@18.3.1__react@18.3.1/node_modules/next/dist/server/api-utils/node.js:366:15)
    at process.processTicksAndRejections (node:internal/process/task_queues:95:5)
    at async NextNodeServer.runApi (/app/node_modules/.pnpm/next@12.3.4_react-dom@18.3.1_react@18.3.1__react@18.3.1/node_modules/next/dist/server/next-server.js:481:9)
    at async Object.fn (/app/node_modules/.pnpm/next@12.3.4_react-dom@18.3.1_react@18.3.1__react@18.3.1/node_modules/next/dist/server/next-server.js:741:37)
    at async Router.execute (/app/node_modules/.pnpm/next@12.3.4_react-dom@18.3.1_react@18.3.1__react@18.3.1/node_modules/next/dist/server/router.js:252:36)
    at async NextNodeServer.run (/app/node_modules/.pnpm/next@12.3.4_react-dom@18.3.1_react@18.3.1__react@18.3.1/node_modules/next/dist/server/base-server.js:365:29)
    at async NextNodeServer.handleRequest (/app/node_modules/.pnpm/next@12.3.4_react-dom@18.3.1_react@18.3.1__react@18.3.1/node_modules/next/dist/server/base-server.js:303:20)
    at async Server.<anonymous> (/app/server.js:19:5)
[2026-02-17T18:25:18.613Z] error: <dockerStatusService> TypeError: Cannot read properties of null (reading 'my-docker')
    at getDockerArguments (/app/.next/server/chunks/2045.js:44:14)
    at handler (/app/.next/server/pages/api/docker/status/[...service].js:88:96)
    at Object.apiResolver (/app/node_modules/.pnpm/next@12.3.4_react-dom@18.3.1_react@18.3.1__react@18.3.1/node_modules/next/dist/server/api-utils/node.js:366:15)
    at process.processTicksAndRejections (node:internal/process/task_queues:95:5)
    at async NextNodeServer.runApi (/app/node_modules/.pnpm/next@12.3.4_react-dom@18.3.1_react@18.3.1__react@18.3.1/node_modules/next/dist/server/next-server.js:481:9)
    at async Object.fn (/app/node_modules/.pnpm/next@12.3.4_react-dom@18.3.1_react@18.3.1__react@18.3.1/node_modules/next/dist/server/next-server.js:741:37)
    at async Router.execute (/app/node_modules/.pnpm/next@12.3.4_react-dom@18.3.1_react@18.3.1__react@18.3.1/node_modules/next/dist/server/router.js:252:36)
    at async NextNodeServer.run (/app/node_modules/.pnpm/next@12.3.4_react-dom@18.3.1_react@18.3.1__react@18.3.1/node_modules/next/dist/server/base-server.js:365:29)
    at async NextNodeServer.handleRequest (/app/node_modules/.pnpm/next@12.3.4_react-dom@18.3.1_react@18.3.1__react@18.3.1/node_modules/next/dist/server/base-server.js:303:20)
    at async Server.<anonymous> (/app/server.js:19:5)
[2026-02-18T09:21:00.427Z] error: <dockerStatusService> TypeError: Cannot read properties of null (reading 'my-docker')
    at getDockerArguments (/app/.next/server/chunks/2045.js:44:14)
    at handler (/app/.next/server/pages/api/docker/status/[...service].js:88:96)
    at Object.apiResolver (/app/node_modules/.pnpm/next@12.3.4_react-dom@18.3.1_react@18.3.1__react@18.3.1/node_modules/next/dist/server/api-utils/node.js:366:15)
    at process.processTicksAndRejections (node:internal/process/task_queues:95:5)
    at async NextNodeServer.runApi (/app/node_modules/.pnpm/next@12.3.4_react-dom@18.3.1_react@18.3.1__react@18.3.1/node_modules/next/dist/server/next-server.js:481:9)
    at async Object.fn (/app/node_modules/.pnpm/next@12.3.4_react-dom@18.3.1_react@18.3.1__react@18.3.1/node_modules/next/dist/server/next-server.js:741:37)
    at async Router.execute (/app/node_modules/.pnpm/next@12.3.4_react-dom@18.3.1_react@18.3.1__react@18.3.1/node_modules/next/dist/server/router.js:252:36)
    at async NextNodeServer.run (/app/node_modules/.pnpm/next@12.3.4_react-dom@18.3.1_react@18.3.1__react@18.3.1/node_modules/next/dist/server/base-server.js:365:29)
    at async NextNodeServer.handleRequest (/app/node_modules/.pnpm/next@12.3.4_react-dom@18.3.1_react@18.3.1__react@18.3.1/node_modules/next/dist/server/base-server.js:303:20)
    at async Server.<anonymous> (/app/server.js:19:5)
[2026-02-18T09:21:00.435Z] error: <dockerStatusService> TypeError: Cannot read properties of null (reading 'my-docker')
    at getDockerArguments (/app/.next/server/chunks/2045.js:44:14)
    at handler (/app/.next/server/pages/api/docker/status/[...service].js:88:96)
    at Object.apiResolver (/app/node_modules/.pnpm/next@12.3.4_react-dom@18.3.1_react@18.3.1__react@18.3.1/node_modules/next/dist/server/api-utils/node.js:366:15)
    at process.processTicksAndRejections (node:internal/process/task_queues:95:5)
    at async NextNodeServer.runApi (/app/node_modules/.pnpm/next@12.3.4_react-dom@18.3.1_react@18.3.1__react@18.3.1/node_modules/next/dist/server/next-server.js:481:9)
    at async Object.fn (/app/node_modules/.pnpm/next@12.3.4_react-dom@18.3.1_react@18.3.1__react@18.3.1/node_modules/next/dist/server/next-server.js:741:37)
    at async Router.execute (/app/node_modules/.pnpm/next@12.3.4_react-dom@18.3.1_react@18.3.1__react@18.3.1/node_modules/next/dist/server/router.js:252:36)
    at async NextNodeServer.run (/app/node_modules/.pnpm/next@12.3.4_react-dom@18.3.1_react@18.3.1__react@18.3.1/node_modules/next/dist/server/base-server.js:365:29)
    at async NextNodeServer.handleRequest (/app/node_modules/.pnpm/next@12.3.4_react-dom@18.3.1_react@18.3.1__react@18.3.1/node_modules/next/dist/server/base-server.js:303:20)
    at async Server.<anonymous> (/app/server.js:19:5)
[2026-02-18T09:21:00.443Z] error: <dockerStatusService> TypeError: Cannot read properties of null (reading 'my-docker')
    at getDockerArguments (/app/.next/server/chunks/2045.js:44:14)
    at handler (/app/.next/server/pages/api/docker/status/[...service].js:88:96)
    at Object.apiResolver (/app/node_modules/.pnpm/next@12.3.4_react-dom@18.3.1_react@18.3.1__react@18.3.1/node_modules/next/dist/server/api-utils/node.js:366:15)
    at process.processTicksAndRejections (node:internal/process/task_queues:95:5)
    at async NextNodeServer.runApi (/app/node_modules/.pnpm/next@12.3.4_react-dom@18.3.1_react@18.3.1__react@18.3.1/node_modules/next/dist/server/next-server.js:481:9)
    at async Object.fn (/app/node_modules/.pnpm/next@12.3.4_react-dom@18.3.1_react@18.3.1__react@18.3.1/node_modules/next/dist/server/next-server.js:741:37)
    at async Router.execute (/app/node_modules/.pnpm/next@12.3.4_react-dom@18.3.1_react@18.3.1__react@18.3.1/node_modules/next/dist/server/router.js:252:36)
    at async NextNodeServer.run (/app/node_modules/.pnpm/next@12.3.4_react-dom@18.3.1_react@18.3.1__react@18.3.1/node_modules/next/dist/server/base-server.js:365:29)
    at async NextNodeServer.handleRequest (/app/node_modules/.pnpm/next@12.3.4_react-dom@18.3.1_react@18.3.1__react@18.3.1/node_modules/next/dist/server/base-server.js:303:20)
    at async Server.<anonymous> (/app/server.js:19:5)
[2026-02-18T09:21:00.451Z] error: <dockerStatusService> TypeError: Cannot read properties of null (reading 'my-docker')
    at getDockerArguments (/app/.next/server/chunks/2045.js:44:14)
    at handler (/app/.next/server/pages/api/docker/status/[...service].js:88:96)
    at Object.apiResolver (/app/node_modules/.pnpm/next@12.3.4_react-dom@18.3.1_react@18.3.1__react@18.3.1/node_modules/next/dist/server/api-utils/node.js:366:15)
    at process.processTicksAndRejections (node:internal/process/task_queues:95:5)
    at async NextNodeServer.runApi (/app/node_modules/.pnpm/next@12.3.4_react-dom@18.3.1_react@18.3.1__react@18.3.1/node_modules/next/dist/server/next-server.js:481:9)
    at async Object.fn (/app/node_modules/.pnpm/next@12.3.4_react-dom@18.3.1_react@18.3.1__react@18.3.1/node_modules/next/dist/server/next-server.js:741:37)
    at async Router.execute (/app/node_modules/.pnpm/next@12.3.4_react-dom@18.3.1_react@18.3.1__react@18.3.1/node_modules/next/dist/server/router.js:252:36)
    at async NextNodeServer.run (/app/node_modules/.pnpm/next@12.3.4_react-dom@18.3.1_react@18.3.1__react@18.3.1/node_modules/next/dist/server/base-server.js:365:29)
    at async NextNodeServer.handleRequest (/app/node_modules/.pnpm/next@12.3.4_react-dom@18.3.1_react@18.3.1__react@18.3.1/node_modules/next/dist/server/base-server.js:303:20)
    at async Server.<anonymous> (/app/server.js:19:5)
[2026-02-18T09:21:00.457Z] error: <dockerStatusService> TypeError: Cannot read properties of null (reading 'my-docker')
    at getDockerArguments (/app/.next/server/chunks/2045.js:44:14)
    at handler (/app/.next/server/pages/api/docker/status/[...service].js:88:96)
    at Object.apiResolver (/app/node_modules/.pnpm/next@12.3.4_react-dom@18.3.1_react@18.3.1__react@18.3.1/node_modules/next/dist/server/api-utils/node.js:366:15)
    at process.processTicksAndRejections (node:internal/process/task_queues:95:5)
    at async NextNodeServer.runApi (/app/node_modules/.pnpm/next@12.3.4_react-dom@18.3.1_react@18.3.1__react@18.3.1/node_modules/next/dist/server/next-server.js:481:9)
    at async Object.fn (/app/node_modules/.pnpm/next@12.3.4_react-dom@18.3.1_react@18.3.1__react@18.3.1/node_modules/next/dist/server/next-server.js:741:37)
    at async Router.execute (/app/node_modules/.pnpm/next@12.3.4_react-dom@18.3.1_react@18.3.1__react@18.3.1/node_modules/next/dist/server/router.js:252:36)
    at async NextNodeServer.run (/app/node_modules/.pnpm/next@12.3.4_react-dom@18.3.1_react@18.3.1__react@18.3.1/node_modules/next/dist/server/base-server.js:365:29)
    at async NextNodeServer.handleRequest (/app/node_modules/.pnpm/next@12.3.4_react-dom@18.3.1_react@18.3.1__react@18.3.1/node_modules/next/dist/server/base-server.js:303:20)
    at async Server.<anonymous> (/app/server.js:19:5)
[2026-02-18T09:21:00.471Z] error: <dockerStatusService> TypeError: Cannot read properties of null (reading 'my-docker')
    at getDockerArguments (/app/.next/server/chunks/2045.js:44:14)
    at handler (/app/.next/server/pages/api/docker/status/[...service].js:88:96)
    at Object.apiResolver (/app/node_modules/.pnpm/next@12.3.4_react-dom@18.3.1_react@18.3.1__react@18.3.1/node_modules/next/dist/server/api-utils/node.js:366:15)
    at process.processTicksAndRejections (node:internal/process/task_queues:95:5)
    at async NextNodeServer.runApi (/app/node_modules/.pnpm/next@12.3.4_react-dom@18.3.1_react@18.3.1__react@18.3.1/node_modules/next/dist/server/next-server.js:481:9)
    at async Object.fn (/app/node_modules/.pnpm/next@12.3.4_react-dom@18.3.1_react@18.3.1__react@18.3.1/node_modules/next/dist/server/next-server.js:741:37)
    at async Router.execute (/app/node_modules/.pnpm/next@12.3.4_react-dom@18.3.1_react@18.3.1__react@18.3.1/node_modules/next/dist/server/router.js:252:36)
    at async NextNodeServer.run (/app/node_modules/.pnpm/next@12.3.4_react-dom@18.3.1_react@18.3.1__react@18.3.1/node_modules/next/dist/server/base-server.js:365:29)
    at async NextNodeServer.handleRequest (/app/node_modules/.pnpm/next@12.3.4_react-dom@18.3.1_react@18.3.1__react@18.3.1/node_modules/next/dist/server/base-server.js:303:20)
    at async Server.<anonymous> (/app/server.js:19:5)
[2026-02-18T09:21:00.489Z] error: <dockerStatusService> TypeError: Cannot read properties of null (reading 'my-docker')
    at getDockerArguments (/app/.next/server/chunks/2045.js:44:14)
    at handler (/app/.next/server/pages/api/docker/status/[...service].js:88:96)
    at Object.apiResolver (/app/node_modules/.pnpm/next@12.3.4_react-dom@18.3.1_react@18.3.1__react@18.3.1/node_modules/next/dist/server/api-utils/node.js:366:15)
    at process.processTicksAndRejections (node:internal/process/task_queues:95:5)
    at async NextNodeServer.runApi (/app/node_modules/.pnpm/next@12.3.4_react-dom@18.3.1_react@18.3.1__react@18.3.1/node_modules/next/dist/server/next-server.js:481:9)
    at async Object.fn (/app/node_modules/.pnpm/next@12.3.4_react-dom@18.3.1_react@18.3.1__react@18.3.1/node_modules/next/dist/server/next-server.js:741:37)
    at async Router.execute (/app/node_modules/.pnpm/next@12.3.4_react-dom@18.3.1_react@18.3.1__react@18.3.1/node_modules/next/dist/server/router.js:252:36)
    at async NextNodeServer.run (/app/node_modules/.pnpm/next@12.3.4_react-dom@18.3.1_react@18.3.1__react@18.3.1/node_modules/next/dist/server/base-server.js:365:29)
    at async NextNodeServer.handleRequest (/app/node_modules/.pnpm/next@12.3.4_react-dom@18.3.1_react@18.3.1__react@18.3.1/node_modules/next/dist/server/base-server.js:303:20)
    at async Server.<anonymous> (/app/server.js:19:5)
[2026-02-18T09:21:01.217Z] error: <dockerStatusService> TypeError: Cannot read properties of null (reading 'my-docker')
    at getDockerArguments (/app/.next/server/chunks/2045.js:44:14)
    at handler (/app/.next/server/pages/api/docker/status/[...service].js:88:96)
    at Object.apiResolver (/app/node_modules/.pnpm/next@12.3.4_react-dom@18.3.1_react@18.3.1__react@18.3.1/node_modules/next/dist/server/api-utils/node.js:366:15)
    at process.processTicksAndRejections (node:internal/process/task_queues:95:5)
    at async NextNodeServer.runApi (/app/node_modules/.pnpm/next@12.3.4_react-dom@18.3.1_react@18.3.1__react@18.3.1/node_modules/next/dist/server/next-server.js:481:9)
    at async Object.fn (/app/node_modules/.pnpm/next@12.3.4_react-dom@18.3.1_react@18.3.1__react@18.3.1/node_modules/next/dist/server/next-server.js:741:37)
    at async Router.execute (/app/node_modules/.pnpm/next@12.3.4_react-dom@18.3.1_react@18.3.1__react@18.3.1/node_modules/next/dist/server/router.js:252:36)
    at async NextNodeServer.run (/app/node_modules/.pnpm/next@12.3.4_react-dom@18.3.1_react@18.3.1__react@18.3.1/node_modules/next/dist/server/base-server.js:365:29)
    at async NextNodeServer.handleRequest (/app/node_modules/.pnpm/next@12.3.4_react-dom@18.3.1_react@18.3.1__react@18.3.1/node_modules/next/dist/server/base-server.js:303:20)
    at async Server.<anonymous> (/app/server.js:19:5)
[2026-02-18T09:21:01.223Z] error: <dockerStatusService> TypeError: Cannot read properties of null (reading 'my-docker')
    at getDockerArguments (/app/.next/server/chunks/2045.js:44:14)
    at handler (/app/.next/server/pages/api/docker/status/[...service].js:88:96)
    at Object.apiResolver (/app/node_modules/.pnpm/next@12.3.4_react-dom@18.3.1_react@18.3.1__react@18.3.1/node_modules/next/dist/server/api-utils/node.js:366:15)
    at process.processTicksAndRejections (node:internal/process/task_queues:95:5)
    at async NextNodeServer.runApi (/app/node_modules/.pnpm/next@12.3.4_react-dom@18.3.1_react@18.3.1__react@18.3.1/node_modules/next/dist/server/next-server.js:481:9)
    at async Object.fn (/app/node_modules/.pnpm/next@12.3.4_react-dom@18.3.1_react@18.3.1__react@18.3.1/node_modules/next/dist/server/next-server.js:741:37)
    at async Router.execute (/app/node_modules/.pnpm/next@12.3.4_react-dom@18.3.1_react@18.3.1__react@18.3.1/node_modules/next/dist/server/router.js:252:36)
    at async NextNodeServer.run (/app/node_modules/.pnpm/next@12.3.4_react-dom@18.3.1_react@18.3.1__react@18.3.1/node_modules/next/dist/server/base-server.js:365:29)
    at async NextNodeServer.handleRequest (/app/node_modules/.pnpm/next@12.3.4_react-dom@18.3.1_react@18.3.1__react@18.3.1/node_modules/next/dist/server/base-server.js:303:20)
    at async Server.<anonymous> (/app/server.js:19:5)
[2026-02-18T09:21:01.227Z] error: <dockerStatusService> TypeError: Cannot read properties of null (reading 'my-docker')
    at getDockerArguments (/app/.next/server/chunks/2045.js:44:14)
    at handler (/app/.next/server/pages/api/docker/status/[...service].js:88:96)
    at Object.apiResolver (/app/node_modules/.pnpm/next@12.3.4_react-dom@18.3.1_react@18.3.1__react@18.3.1/node_modules/next/dist/server/api-utils/node.js:366:15)
    at process.processTicksAndRejections (node:internal/process/task_queues:95:5)
    at async NextNodeServer.runApi (/app/node_modules/.pnpm/next@12.3.4_react-dom@18.3.1_react@18.3.1__react@18.3.1/node_modules/next/dist/server/next-server.js:481:9)
    at async Object.fn (/app/node_modules/.pnpm/next@12.3.4_react-dom@18.3.1_react@18.3.1__react@18.3.1/node_modules/next/dist/server/next-server.js:741:37)
    at async Router.execute (/app/node_modules/.pnpm/next@12.3.4_react-dom@18.3.1_react@18.3.1__react@18.3.1/node_modules/next/dist/server/router.js:252:36)
    at async NextNodeServer.run (/app/node_modules/.pnpm/next@12.3.4_react-dom@18.3.1_react@18.3.1__react@18.3.1/node_modules/next/dist/server/base-server.js:365:29)
    at async NextNodeServer.handleRequest (/app/node_modules/.pnpm/next@12.3.4_react-dom@18.3.1_react@18.3.1__react@18.3.1/node_modules/next/dist/server/base-server.js:303:20)
    at async Server.<anonymous> (/app/server.js:19:5)
[2026-02-18T09:21:01.235Z] error: <dockerStatusService> TypeError: Cannot read properties of null (reading 'my-docker')
    at getDockerArguments (/app/.next/server/chunks/2045.js:44:14)
    at handler (/app/.next/server/pages/api/docker/status/[...service].js:88:96)
    at Object.apiResolver (/app/node_modules/.pnpm/next@12.3.4_react-dom@18.3.1_react@18.3.1__react@18.3.1/node_modules/next/dist/server/api-utils/node.js:366:15)
    at process.processTicksAndRejections (node:internal/process/task_queues:95:5)
    at async NextNodeServer.runApi (/app/node_modules/.pnpm/next@12.3.4_react-dom@18.3.1_react@18.3.1__react@18.3.1/node_modules/next/dist/server/next-server.js:481:9)
    at async Object.fn (/app/node_modules/.pnpm/next@12.3.4_react-dom@18.3.1_react@18.3.1__react@18.3.1/node_modules/next/dist/server/next-server.js:741:37)
    at async Router.execute (/app/node_modules/.pnpm/next@12.3.4_react-dom@18.3.1_react@18.3.1__react@18.3.1/node_modules/next/dist/server/router.js:252:36)
    at async NextNodeServer.run (/app/node_modules/.pnpm/next@12.3.4_react-dom@18.3.1_react@18.3.1__react@18.3.1/node_modules/next/dist/server/base-server.js:365:29)
    at async NextNodeServer.handleRequest (/app/node_modules/.pnpm/next@12.3.4_react-dom@18.3.1_react@18.3.1__react@18.3.1/node_modules/next/dist/server/base-server.js:303:20)
    at async Server.<anonymous> (/app/server.js:19:5)
[2026-02-18T09:21:01.240Z] error: <dockerStatusService> TypeError: Cannot read properties of null (reading 'my-docker')
    at getDockerArguments (/app/.next/server/chunks/2045.js:44:14)
    at handler (/app/.next/server/pages/api/docker/status/[...service].js:88:96)
    at Object.apiResolver (/app/node_modules/.pnpm/next@12.3.4_react-dom@18.3.1_react@18.3.1__react@18.3.1/node_modules/next/dist/server/api-utils/node.js:366:15)
    at process.processTicksAndRejections (node:internal/process/task_queues:95:5)
    at async NextNodeServer.runApi (/app/node_modules/.pnpm/next@12.3.4_react-dom@18.3.1_react@18.3.1__react@18.3.1/node_modules/next/dist/server/next-server.js:481:9)
    at async Object.fn (/app/node_modules/.pnpm/next@12.3.4_react-dom@18.3.1_react@18.3.1__react@18.3.1/node_modules/next/dist/server/next-server.js:741:37)
    at async Router.execute (/app/node_modules/.pnpm/next@12.3.4_react-dom@18.3.1_react@18.3.1__react@18.3.1/node_modules/next/dist/server/router.js:252:36)
    at async NextNodeServer.run (/app/node_modules/.pnpm/next@12.3.4_react-dom@18.3.1_react@18.3.1__react@18.3.1/node_modules/next/dist/server/base-server.js:365:29)
    at async NextNodeServer.handleRequest (/app/node_modules/.pnpm/next@12.3.4_react-dom@18.3.1_react@18.3.1__react@18.3.1/node_modules/next/dist/server/base-server.js:303:20)
    at async Server.<anonymous> (/app/server.js:19:5)
[2026-02-18T09:21:01.250Z] error: <dockerStatusService> TypeError: Cannot read properties of null (reading 'my-docker')
    at getDockerArguments (/app/.next/server/chunks/2045.js:44:14)
    at handler (/app/.next/server/pages/api/docker/status/[...service].js:88:96)
    at Object.apiResolver (/app/node_modules/.pnpm/next@12.3.4_react-dom@18.3.1_react@18.3.1__react@18.3.1/node_modules/next/dist/server/api-utils/node.js:366:15)
    at process.processTicksAndRejections (node:internal/process/task_queues:95:5)
    at async NextNodeServer.runApi (/app/node_modules/.pnpm/next@12.3.4_react-dom@18.3.1_react@18.3.1__react@18.3.1/node_modules/next/dist/server/next-server.js:481:9)
    at async Object.fn (/app/node_modules/.pnpm/next@12.3.4_react-dom@18.3.1_react@18.3.1__react@18.3.1/node_modules/next/dist/server/next-server.js:741:37)
    at async Router.execute (/app/node_modules/.pnpm/next@12.3.4_react-dom@18.3.1_react@18.3.1__react@18.3.1/node_modules/next/dist/server/router.js:252:36)
    at async NextNodeServer.run (/app/node_modules/.pnpm/next@12.3.4_react-dom@18.3.1_react@18.3.1__react@18.3.1/node_modules/next/dist/server/base-server.js:365:29)
    at async NextNodeServer.handleRequest (/app/node_modules/.pnpm/next@12.3.4_react-dom@18.3.1_react@18.3.1__react@18.3.1/node_modules/next/dist/server/base-server.js:303:20)
    at async Server.<anonymous> (/app/server.js:19:5)
[2026-02-18T09:21:01.941Z] error: <httpProxy> Error calling http://127.0.0.1:18789/...
[2026-02-18T09:21:01.947Z] error: <httpProxy> [
  500,
  Error: connect ECONNREFUSED 127.0.0.1:18789
      at TCPConnectWrap.afterConnect [as oncomplete] (node:net:1555:16) {
    errno: -111,
    code: 'ECONNREFUSED',
    syscall: 'connect',
    address: '127.0.0.1',
    port: 18789
  }
]
[2026-02-18T09:21:02.299Z] error: <dockerStatusService> TypeError: Cannot read properties of null (reading 'my-docker')
    at getDockerArguments (/app/.next/server/chunks/2045.js:44:14)
    at handler (/app/.next/server/pages/api/docker/status/[...service].js:88:96)
    at Object.apiResolver (/app/node_modules/.pnpm/next@12.3.4_react-dom@18.3.1_react@18.3.1__react@18.3.1/node_modules/next/dist/server/api-utils/node.js:366:15)
    at process.processTicksAndRejections (node:internal/process/task_queues:95:5)
    at async NextNodeServer.runApi (/app/node_modules/.pnpm/next@12.3.4_react-dom@18.3.1_react@18.3.1__react@18.3.1/node_modules/next/dist/server/next-server.js:481:9)
    at async Object.fn (/app/node_modules/.pnpm/next@12.3.4_react-dom@18.3.1_react@18.3.1__react@18.3.1/node_modules/next/dist/server/next-server.js:741:37)
    at async Router.execute (/app/node_modules/.pnpm/next@12.3.4_react-dom@18.3.1_react@18.3.1__react@18.3.1/node_modules/next/dist/server/router.js:252:36)
    at async NextNodeServer.run (/app/node_modules/.pnpm/next@12.3.4_react-dom@18.3.1_react@18.3.1__react@18.3.1/node_modules/next/dist/server/base-server.js:365:29)
    at async NextNodeServer.handleRequest (/app/node_modules/.pnpm/next@12.3.4_react-dom@18.3.1_react@18.3.1__react@18.3.1/node_modules/next/dist/server/base-server.js:303:20)
    at async Server.<anonymous> (/app/server.js:19:5)
[2026-02-18T09:21:02.303Z] error: <dockerStatusService> TypeError: Cannot read properties of null (reading 'my-docker')
    at getDockerArguments (/app/.next/server/chunks/2045.js:44:14)
    at handler (/app/.next/server/pages/api/docker/status/[...service].js:88:96)
    at Object.apiResolver (/app/node_modules/.pnpm/next@12.3.4_react-dom@18.3.1_react@18.3.1__react@18.3.1/node_modules/next/dist/server/api-utils/node.js:366:15)
    at process.processTicksAndRejections (node:internal/process/task_queues:95:5)
    at async NextNodeServer.runApi (/app/node_modules/.pnpm/next@12.3.4_react-dom@18.3.1_react@18.3.1__react@18.3.1/node_modules/next/dist/server/next-server.js:481:9)
    at async Object.fn (/app/node_modules/.pnpm/next@12.3.4_react-dom@18.3.1_react@18.3.1__react@18.3.1/node_modules/next/dist/server/next-server.js:741:37)
    at async Router.execute (/app/node_modules/.pnpm/next@12.3.4_react-dom@18.3.1_react@18.3.1__react@18.3.1/node_modules/next/dist/server/router.js:252:36)
    at async NextNodeServer.run (/app/node_modules/.pnpm/next@12.3.4_react-dom@18.3.1_react@18.3.1__react@18.3.1/node_modules/next/dist/server/base-server.js:365:29)
    at async NextNodeServer.handleRequest (/app/node_modules/.pnpm/next@12.3.4_react-dom@18.3.1_react@18.3.1__react@18.3.1/node_modules/next/dist/server/base-server.js:303:20)
    at async Server.<anonymous> (/app/server.js:19:5)
[2026-02-18T09:21:02.307Z] error: <dockerStatusService> TypeError: Cannot read properties of null (reading 'my-docker')
    at getDockerArguments (/app/.next/server/chunks/2045.js:44:14)
    at handler (/app/.next/server/pages/api/docker/status/[...service].js:88:96)
    at Object.apiResolver (/app/node_modules/.pnpm/next@12.3.4_react-dom@18.3.1_react@18.3.1__react@18.3.1/node_modules/next/dist/server/api-utils/node.js:366:15)
    at process.processTicksAndRejections (node:internal/process/task_queues:95:5)
    at async NextNodeServer.runApi (/app/node_modules/.pnpm/next@12.3.4_react-dom@18.3.1_react@18.3.1__react@18.3.1/node_modules/next/dist/server/next-server.js:481:9)
    at async Object.fn (/app/node_modules/.pnpm/next@12.3.4_react-dom@18.3.1_react@18.3.1__react@18.3.1/node_modules/next/dist/server/next-server.js:741:37)
    at async Router.execute (/app/node_modules/.pnpm/next@12.3.4_react-dom@18.3.1_react@18.3.1__react@18.3.1/node_modules/next/dist/server/router.js:252:36)
    at async NextNodeServer.run (/app/node_modules/.pnpm/next@12.3.4_react-dom@18.3.1_react@18.3.1__react@18.3.1/node_modules/next/dist/server/base-server.js:365:29)
    at async NextNodeServer.handleRequest (/app/node_modules/.pnpm/next@12.3.4_react-dom@18.3.1_react@18.3.1__react@18.3.1/node_modules/next/dist/server/base-server.js:303:20)
    at async Server.<anonymous> (/app/server.js:19:5)
[2026-02-18T09:21:02.311Z] error: <dockerStatusService> TypeError: Cannot read properties of null (reading 'my-docker')
    at getDockerArguments (/app/.next/server/chunks/2045.js:44:14)
    at handler (/app/.next/server/pages/api/docker/status/[...service].js:88:96)
    at Object.apiResolver (/app/node_modules/.pnpm/next@12.3.4_react-dom@18.3.1_react@18.3.1__react@18.3.1/node_modules/next/dist/server/api-utils/node.js:366:15)
    at process.processTicksAndRejections (node:internal/process/task_queues:95:5)
    at async NextNodeServer.runApi (/app/node_modules/.pnpm/next@12.3.4_react-dom@18.3.1_react@18.3.1__react@18.3.1/node_modules/next/dist/server/next-server.js:481:9)
    at async Object.fn (/app/node_modules/.pnpm/next@12.3.4_react-dom@18.3.1_react@18.3.1__react@18.3.1/node_modules/next/dist/server/next-server.js:741:37)
    at async Router.execute (/app/node_modules/.pnpm/next@12.3.4_react-dom@18.3.1_react@18.3.1__react@18.3.1/node_modules/next/dist/server/router.js:252:36)
    at async NextNodeServer.run (/app/node_modules/.pnpm/next@12.3.4_react-dom@18.3.1_react@18.3.1__react@18.3.1/node_modules/next/dist/server/base-server.js:365:29)
    at async NextNodeServer.handleRequest (/app/node_modules/.pnpm/next@12.3.4_react-dom@18.3.1_react@18.3.1__react@18.3.1/node_modules/next/dist/server/base-server.js:303:20)
    at async Server.<anonymous> (/app/server.js:19:5)
[2026-02-18T09:21:02.315Z] error: <dockerStatusService> TypeError: Cannot read properties of null (reading 'my-docker')
    at getDockerArguments (/app/.next/server/chunks/2045.js:44:14)
    at handler (/app/.next/server/pages/api/docker/status/[...service].js:88:96)
    at Object.apiResolver (/app/node_modules/.pnpm/next@12.3.4_react-dom@18.3.1_react@18.3.1__react@18.3.1/node_modules/next/dist/server/api-utils/node.js:366:15)
    at process.processTicksAndRejections (node:internal/process/task_queues:95:5)
    at async NextNodeServer.runApi (/app/node_modules/.pnpm/next@12.3.4_react-dom@18.3.1_react@18.3.1__react@18.3.1/node_modules/next/dist/server/next-server.js:481:9)
    at async Object.fn (/app/node_modules/.pnpm/next@12.3.4_react-dom@18.3.1_react@18.3.1__react@18.3.1/node_modules/next/dist/server/next-server.js:741:37)
    at async Router.execute (/app/node_modules/.pnpm/next@12.3.4_react-dom@18.3.1_react@18.3.1__react@18.3.1/node_modules/next/dist/server/router.js:252:36)
    at async NextNodeServer.run (/app/node_modules/.pnpm/next@12.3.4_react-dom@18.3.1_react@18.3.1__react@18.3.1/node_modules/next/dist/server/base-server.js:365:29)
    at async NextNodeServer.handleRequest (/app/node_modules/.pnpm/next@12.3.4_react-dom@18.3.1_react@18.3.1__react@18.3.1/node_modules/next/dist/server/base-server.js:303:20)
    at async Server.<anonymous> (/app/server.js:19:5)
[2026-02-18T09:21:02.343Z] error: <dockerStatusService> TypeError: Cannot read properties of null (reading 'my-docker')
    at getDockerArguments (/app/.next/server/chunks/2045.js:44:14)
    at handler (/app/.next/server/pages/api/docker/status/[...service].js:88:96)
    at Object.apiResolver (/app/node_modules/.pnpm/next@12.3.4_react-dom@18.3.1_react@18.3.1__react@18.3.1/node_modules/next/dist/server/api-utils/node.js:366:15)
    at process.processTicksAndRejections (node:internal/process/task_queues:95:5)
    at async NextNodeServer.runApi (/app/node_modules/.pnpm/next@12.3.4_react-dom@18.3.1_react@18.3.1__react@18.3.1/node_modules/next/dist/server/next-server.js:481:9)
    at async Object.fn (/app/node_modules/.pnpm/next@12.3.4_react-dom@18.3.1_react@18.3.1__react@18.3.1/node_modules/next/dist/server/next-server.js:741:37)
    at async Router.execute (/app/node_modules/.pnpm/next@12.3.4_react-dom@18.3.1_react@18.3.1__react@18.3.1/node_modules/next/dist/server/router.js:252:36)
    at async NextNodeServer.run (/app/node_modules/.pnpm/next@12.3.4_react-dom@18.3.1_react@18.3.1__react@18.3.1/node_modules/next/dist/server/base-server.js:365:29)
    at async NextNodeServer.handleRequest (/app/node_modules/.pnpm/next@12.3.4_react-dom@18.3.1_react@18.3.1__react@18.3.1/node_modules/next/dist/server/base-server.js:303:20)
    at async Server.<anonymous> (/app/server.js:19:5)
[2026-02-18T09:21:02.347Z] error: <dockerStatusService> TypeError: Cannot read properties of null (reading 'my-docker')
    at getDockerArguments (/app/.next/server/chunks/2045.js:44:14)
    at handler (/app/.next/server/pages/api/docker/status/[...service].js:88:96)
    at Object.apiResolver (/app/node_modules/.pnpm/next@12.3.4_react-dom@18.3.1_react@18.3.1__react@18.3.1/node_modules/next/dist/server/api-utils/node.js:366:15)
    at process.processTicksAndRejections (node:internal/process/task_queues:95:5)
    at async NextNodeServer.runApi (/app/node_modules/.pnpm/next@12.3.4_react-dom@18.3.1_react@18.3.1__react@18.3.1/node_modules/next/dist/server/next-server.js:481:9)
    at async Object.fn (/app/node_modules/.pnpm/next@12.3.4_react-dom@18.3.1_react@18.3.1__react@18.3.1/node_modules/next/dist/server/next-server.js:741:37)
    at async Router.execute (/app/node_modules/.pnpm/next@12.3.4_react-dom@18.3.1_react@18.3.1__react@18.3.1/node_modules/next/dist/server/router.js:252:36)
    at async NextNodeServer.run (/app/node_modules/.pnpm/next@12.3.4_react-dom@18.3.1_react@18.3.1__react@18.3.1/node_modules/next/dist/server/base-server.js:365:29)
    at async NextNodeServer.handleRequest (/app/node_modules/.pnpm/next@12.3.4_react-dom@18.3.1_react@18.3.1__react@18.3.1/node_modules/next/dist/server/base-server.js:303:20)
    at async Server.<anonymous> (/app/server.js:19:5)
[2026-02-18T09:21:02.403Z] error: <httpProxy> Error calling http://127.0.0.1:18789/...
[2026-02-18T09:21:02.403Z] error: <httpProxy> [
  500,
  Error: connect ECONNREFUSED 127.0.0.1:18789
      at TCPConnectWrap.afterConnect [as oncomplete] (node:net:1555:16) {
    errno: -111,
    code: 'ECONNREFUSED',
    syscall: 'connect',
    address: '127.0.0.1',
    port: 18789
  }
]
[2026-02-18T09:21:33.217Z] error: <dockerStatusService> TypeError: Cannot read properties of null (reading 'my-docker')
    at getDockerArguments (/app/.next/server/chunks/2045.js:44:14)
    at handler (/app/.next/server/pages/api/docker/status/[...service].js:88:96)
    at Object.apiResolver (/app/node_modules/.pnpm/next@12.3.4_react-dom@18.3.1_react@18.3.1__react@18.3.1/node_modules/next/dist/server/api-utils/node.js:366:15)
    at process.processTicksAndRejections (node:internal/process/task_queues:95:5)
    at async NextNodeServer.runApi (/app/node_modules/.pnpm/next@12.3.4_react-dom@18.3.1_react@18.3.1__react@18.3.1/node_modules/next/dist/server/next-server.js:481:9)
    at async Object.fn (/app/node_modules/.pnpm/next@12.3.4_react-dom@18.3.1_react@18.3.1__react@18.3.1/node_modules/next/dist/server/next-server.js:741:37)
    at async Router.execute (/app/node_modules/.pnpm/next@12.3.4_react-dom@18.3.1_react@18.3.1__react@18.3.1/node_modules/next/dist/server/router.js:252:36)
    at async NextNodeServer.run (/app/node_modules/.pnpm/next@12.3.4_react-dom@18.3.1_react@18.3.1__react@18.3.1/node_modules/next/dist/server/base-server.js:365:29)
    at async NextNodeServer.handleRequest (/app/node_modules/.pnpm/next@12.3.4_react-dom@18.3.1_react@18.3.1__react@18.3.1/node_modules/next/dist/server/base-server.js:303:20)
    at async Server.<anonymous> (/app/server.js:19:5)
[2026-02-18T09:21:33.243Z] error: <dockerStatusService> TypeError: Cannot read properties of null (reading 'my-docker')
    at getDockerArguments (/app/.next/server/chunks/2045.js:44:14)
    at handler (/app/.next/server/pages/api/docker/status/[...service].js:88:96)
    at Object.apiResolver (/app/node_modules/.pnpm/next@12.3.4_react-dom@18.3.1_react@18.3.1__react@18.3.1/node_modules/next/dist/server/api-utils/node.js:366:15)
    at process.processTicksAndRejections (node:internal/process/task_queues:95:5)
    at async NextNodeServer.runApi (/app/node_modules/.pnpm/next@12.3.4_react-dom@18.3.1_react@18.3.1__react@18.3.1/node_modules/next/dist/server/next-server.js:481:9)
    at async Object.fn (/app/node_modules/.pnpm/next@12.3.4_react-dom@18.3.1_react@18.3.1__react@18.3.1/node_modules/next/dist/server/next-server.js:741:37)
    at async Router.execute (/app/node_modules/.pnpm/next@12.3.4_react-dom@18.3.1_react@18.3.1__react@18.3.1/node_modules/next/dist/server/router.js:252:36)
    at async NextNodeServer.run (/app/node_modules/.pnpm/next@12.3.4_react-dom@18.3.1_react@18.3.1__react@18.3.1/node_modules/next/dist/server/base-server.js:365:29)
    at async NextNodeServer.handleRequest (/app/node_modules/.pnpm/next@12.3.4_react-dom@18.3.1_react@18.3.1__react@18.3.1/node_modules/next/dist/server/base-server.js:303:20)
    at async Server.<anonymous> (/app/server.js:19:5)
[2026-02-18T09:21:33.253Z] error: <dockerStatusService> TypeError: Cannot read properties of null (reading 'my-docker')
    at getDockerArguments (/app/.next/server/chunks/2045.js:44:14)
    at handler (/app/.next/server/pages/api/docker/status/[...service].js:88:96)
    at Object.apiResolver (/app/node_modules/.pnpm/next@12.3.4_react-dom@18.3.1_react@18.3.1__react@18.3.1/node_modules/next/dist/server/api-utils/node.js:366:15)
    at process.processTicksAndRejections (node:internal/process/task_queues:95:5)
    at async NextNodeServer.runApi (/app/node_modules/.pnpm/next@12.3.4_react-dom@18.3.1_react@18.3.1__react@18.3.1/node_modules/next/dist/server/next-server.js:481:9)
    at async Object.fn (/app/node_modules/.pnpm/next@12.3.4_react-dom@18.3.1_react@18.3.1__react@18.3.1/node_modules/next/dist/server/next-server.js:741:37)
    at async Router.execute (/app/node_modules/.pnpm/next@12.3.4_react-dom@18.3.1_react@18.3.1__react@18.3.1/node_modules/next/dist/server/router.js:252:36)
    at async NextNodeServer.run (/app/node_modules/.pnpm/next@12.3.4_react-dom@18.3.1_react@18.3.1__react@18.3.1/node_modules/next/dist/server/base-server.js:365:29)
    at async NextNodeServer.handleRequest (/app/node_modules/.pnpm/next@12.3.4_react-dom@18.3.1_react@18.3.1__react@18.3.1/node_modules/next/dist/server/base-server.js:303:20)
    at async Server.<anonymous> (/app/server.js:19:5)
[2026-02-18T09:21:33.259Z] error: <dockerStatusService> TypeError: Cannot read properties of null (reading 'my-docker')
    at getDockerArguments (/app/.next/server/chunks/2045.js:44:14)
    at handler (/app/.next/server/pages/api/docker/status/[...service].js:88:96)
    at Object.apiResolver (/app/node_modules/.pnpm/next@12.3.4_react-dom@18.3.1_react@18.3.1__react@18.3.1/node_modules/next/dist/server/api-utils/node.js:366:15)
    at process.processTicksAndRejections (node:internal/process/task_queues:95:5)
    at async NextNodeServer.runApi (/app/node_modules/.pnpm/next@12.3.4_react-dom@18.3.1_react@18.3.1__react@18.3.1/node_modules/next/dist/server/next-server.js:481:9)
    at async Object.fn (/app/node_modules/.pnpm/next@12.3.4_react-dom@18.3.1_react@18.3.1__react@18.3.1/node_modules/next/dist/server/next-server.js:741:37)
    at async Router.execute (/app/node_modules/.pnpm/next@12.3.4_react-dom@18.3.1_react@18.3.1__react@18.3.1/node_modules/next/dist/server/router.js:252:36)
    at async NextNodeServer.run (/app/node_modules/.pnpm/next@12.3.4_react-dom@18.3.1_react@18.3.1__react@18.3.1/node_modules/next/dist/server/base-server.js:365:29)
    at async NextNodeServer.handleRequest (/app/node_modules/.pnpm/next@12.3.4_react-dom@18.3.1_react@18.3.1__react@18.3.1/node_modules/next/dist/server/base-server.js:303:20)
    at async Server.<anonymous> (/app/server.js:19:5)
[2026-02-18T09:21:33.263Z] error: <dockerStatusService> TypeError: Cannot read properties of null (reading 'my-docker')
    at getDockerArguments (/app/.next/server/chunks/2045.js:44:14)
    at handler (/app/.next/server/pages/api/docker/status/[...service].js:88:96)
    at Object.apiResolver (/app/node_modules/.pnpm/next@12.3.4_react-dom@18.3.1_react@18.3.1__react@18.3.1/node_modules/next/dist/server/api-utils/node.js:366:15)
    at process.processTicksAndRejections (node:internal/process/task_queues:95:5)
    at async NextNodeServer.runApi (/app/node_modules/.pnpm/next@12.3.4_react-dom@18.3.1_react@18.3.1__react@18.3.1/node_modules/next/dist/server/next-server.js:481:9)
    at async Object.fn (/app/node_modules/.pnpm/next@12.3.4_react-dom@18.3.1_react@18.3.1__react@18.3.1/node_modules/next/dist/server/next-server.js:741:37)
    at async Router.execute (/app/node_modules/.pnpm/next@12.3.4_react-dom@18.3.1_react@18.3.1__react@18.3.1/node_modules/next/dist/server/router.js:252:36)
    at async NextNodeServer.run (/app/node_modules/.pnpm/next@12.3.4_react-dom@18.3.1_react@18.3.1__react@18.3.1/node_modules/next/dist/server/base-server.js:365:29)
    at async NextNodeServer.handleRequest (/app/node_modules/.pnpm/next@12.3.4_react-dom@18.3.1_react@18.3.1__react@18.3.1/node_modules/next/dist/server/base-server.js:303:20)
    at async Server.<anonymous> (/app/server.js:19:5)
[2026-02-18T09:21:33.273Z] error: <dockerStatusService> TypeError: Cannot read properties of null (reading 'my-docker')
    at getDockerArguments (/app/.next/server/chunks/2045.js:44:14)
    at handler (/app/.next/server/pages/api/docker/status/[...service].js:88:96)
    at Object.apiResolver (/app/node_modules/.pnpm/next@12.3.4_react-dom@18.3.1_react@18.3.1__react@18.3.1/node_modules/next/dist/server/api-utils/node.js:366:15)
    at process.processTicksAndRejections (node:internal/process/task_queues:95:5)
    at async NextNodeServer.runApi (/app/node_modules/.pnpm/next@12.3.4_react-dom@18.3.1_react@18.3.1__react@18.3.1/node_modules/next/dist/server/next-server.js:481:9)
    at async Object.fn (/app/node_modules/.pnpm/next@12.3.4_react-dom@18.3.1_react@18.3.1__react@18.3.1/node_modules/next/dist/server/next-server.js:741:37)
    at async Router.execute (/app/node_modules/.pnpm/next@12.3.4_react-dom@18.3.1_react@18.3.1__react@18.3.1/node_modules/next/dist/server/router.js:252:36)
    at async NextNodeServer.run (/app/node_modules/.pnpm/next@12.3.4_react-dom@18.3.1_react@18.3.1__react@18.3.1/node_modules/next/dist/server/base-server.js:365:29)
    at async NextNodeServer.handleRequest (/app/node_modules/.pnpm/next@12.3.4_react-dom@18.3.1_react@18.3.1__react@18.3.1/node_modules/next/dist/server/base-server.js:303:20)
    at async Server.<anonymous> (/app/server.js:19:5)
[2026-02-18T09:21:33.287Z] error: <httpProxy> Error calling http://127.0.0.1:18789/...
[2026-02-18T09:21:33.288Z] error: <httpProxy> [
  500,
  Error: connect ECONNREFUSED 127.0.0.1:18789
      at TCPConnectWrap.afterConnect [as oncomplete] (node:net:1555:16) {
    errno: -111,
    code: 'ECONNREFUSED',
    syscall: 'connect',
    address: '127.0.0.1',
    port: 18789
  }
]
[2026-02-18T09:22:53.240Z] error: <dockerStatusService> TypeError: Cannot read properties of null (reading 'my-docker')
    at getDockerArguments (/app/.next/server/chunks/2045.js:44:14)
    at handler (/app/.next/server/pages/api/docker/status/[...service].js:88:96)
    at Object.apiResolver (/app/node_modules/.pnpm/next@12.3.4_react-dom@18.3.1_react@18.3.1__react@18.3.1/node_modules/next/dist/server/api-utils/node.js:366:15)
    at process.processTicksAndRejections (node:internal/process/task_queues:95:5)
    at async NextNodeServer.runApi (/app/node_modules/.pnpm/next@12.3.4_react-dom@18.3.1_react@18.3.1__react@18.3.1/node_modules/next/dist/server/next-server.js:481:9)
    at async Object.fn (/app/node_modules/.pnpm/next@12.3.4_react-dom@18.3.1_react@18.3.1__react@18.3.1/node_modules/next/dist/server/next-server.js:741:37)
    at async Router.execute (/app/node_modules/.pnpm/next@12.3.4_react-dom@18.3.1_react@18.3.1__react@18.3.1/node_modules/next/dist/server/router.js:252:36)
    at async NextNodeServer.run (/app/node_modules/.pnpm/next@12.3.4_react-dom@18.3.1_react@18.3.1__react@18.3.1/node_modules/next/dist/server/base-server.js:365:29)
    at async NextNodeServer.handleRequest (/app/node_modules/.pnpm/next@12.3.4_react-dom@18.3.1_react@18.3.1__react@18.3.1/node_modules/next/dist/server/base-server.js:303:20)
    at async Server.<anonymous> (/app/server.js:19:5)
[2026-02-18T09:22:53.246Z] error: <dockerStatusService> TypeError: Cannot read properties of null (reading 'my-docker')
    at getDockerArguments (/app/.next/server/chunks/2045.js:44:14)
    at handler (/app/.next/server/pages/api/docker/status/[...service].js:88:96)
    at Object.apiResolver (/app/node_modules/.pnpm/next@12.3.4_react-dom@18.3.1_react@18.3.1__react@18.3.1/node_modules/next/dist/server/api-utils/node.js:366:15)
    at process.processTicksAndRejections (node:internal/process/task_queues:95:5)
    at async NextNodeServer.runApi (/app/node_modules/.pnpm/next@12.3.4_react-dom@18.3.1_react@18.3.1__react@18.3.1/node_modules/next/dist/server/next-server.js:481:9)
    at async Object.fn (/app/node_modules/.pnpm/next@12.3.4_react-dom@18.3.1_react@18.3.1__react@18.3.1/node_modules/next/dist/server/next-server.js:741:37)
    at async Router.execute (/app/node_modules/.pnpm/next@12.3.4_react-dom@18.3.1_react@18.3.1__react@18.3.1/node_modules/next/dist/server/router.js:252:36)
    at async NextNodeServer.run (/app/node_modules/.pnpm/next@12.3.4_react-dom@18.3.1_react@18.3.1__react@18.3.1/node_modules/next/dist/server/base-server.js:365:29)
    at async NextNodeServer.handleRequest (/app/node_modules/.pnpm/next@12.3.4_react-dom@18.3.1_react@18.3.1__react@18.3.1/node_modules/next/dist/server/base-server.js:303:20)
    at async Server.<anonymous> (/app/server.js:19:5)
[2026-02-18T09:22:53.249Z] error: <dockerStatusService> TypeError: Cannot read properties of null (reading 'my-docker')
    at getDockerArguments (/app/.next/server/chunks/2045.js:44:14)
    at handler (/app/.next/server/pages/api/docker/status/[...service].js:88:96)
    at Object.apiResolver (/app/node_modules/.pnpm/next@12.3.4_react-dom@18.3.1_react@18.3.1__react@18.3.1/node_modules/next/dist/server/api-utils/node.js:366:15)
    at process.processTicksAndRejections (node:internal/process/task_queues:95:5)
    at async NextNodeServer.runApi (/app/node_modules/.pnpm/next@12.3.4_react-dom@18.3.1_react@18.3.1__react@18.3.1/node_modules/next/dist/server/next-server.js:481:9)
    at async Object.fn (/app/node_modules/.pnpm/next@12.3.4_react-dom@18.3.1_react@18.3.1__react@18.3.1/node_modules/next/dist/server/next-server.js:741:37)
    at async Router.execute (/app/node_modules/.pnpm/next@12.3.4_react-dom@18.3.1_react@18.3.1__react@18.3.1/node_modules/next/dist/server/router.js:252:36)
    at async NextNodeServer.run (/app/node_modules/.pnpm/next@12.3.4_react-dom@18.3.1_react@18.3.1__react@18.3.1/node_modules/next/dist/server/base-server.js:365:29)
    at async NextNodeServer.handleRequest (/app/node_modules/.pnpm/next@12.3.4_react-dom@18.3.1_react@18.3.1__react@18.3.1/node_modules/next/dist/server/base-server.js:303:20)
    at async Server.<anonymous> (/app/server.js:19:5)
[2026-02-18T09:22:53.256Z] error: <dockerStatusService> TypeError: Cannot read properties of null (reading 'my-docker')
    at getDockerArguments (/app/.next/server/chunks/2045.js:44:14)
    at handler (/app/.next/server/pages/api/docker/status/[...service].js:88:96)
    at Object.apiResolver (/app/node_modules/.pnpm/next@12.3.4_react-dom@18.3.1_react@18.3.1__react@18.3.1/node_modules/next/dist/server/api-utils/node.js:366:15)
    at process.processTicksAndRejections (node:internal/process/task_queues:95:5)
    at async NextNodeServer.runApi (/app/node_modules/.pnpm/next@12.3.4_react-dom@18.3.1_react@18.3.1__react@18.3.1/node_modules/next/dist/server/next-server.js:481:9)
    at async Object.fn (/app/node_modules/.pnpm/next@12.3.4_react-dom@18.3.1_react@18.3.1__react@18.3.1/node_modules/next/dist/server/next-server.js:741:37)
    at async Router.execute (/app/node_modules/.pnpm/next@12.3.4_react-dom@18.3.1_react@18.3.1__react@18.3.1/node_modules/next/dist/server/router.js:252:36)
    at async NextNodeServer.run (/app/node_modules/.pnpm/next@12.3.4_react-dom@18.3.1_react@18.3.1__react@18.3.1/node_modules/next/dist/server/base-server.js:365:29)
    at async NextNodeServer.handleRequest (/app/node_modules/.pnpm/next@12.3.4_react-dom@18.3.1_react@18.3.1__react@18.3.1/node_modules/next/dist/server/base-server.js:303:20)
    at async Server.<anonymous> (/app/server.js:19:5)
[2026-02-18T09:22:53.264Z] error: <dockerStatusService> TypeError: Cannot read properties of null (reading 'my-docker')
    at getDockerArguments (/app/.next/server/chunks/2045.js:44:14)
    at handler (/app/.next/server/pages/api/docker/status/[...service].js:88:96)
    at Object.apiResolver (/app/node_modules/.pnpm/next@12.3.4_react-dom@18.3.1_react@18.3.1__react@18.3.1/node_modules/next/dist/server/api-utils/node.js:366:15)
    at process.processTicksAndRejections (node:internal/process/task_queues:95:5)
    at async NextNodeServer.runApi (/app/node_modules/.pnpm/next@12.3.4_react-dom@18.3.1_react@18.3.1__react@18.3.1/node_modules/next/dist/server/next-server.js:481:9)
    at async Object.fn (/app/node_modules/.pnpm/next@12.3.4_react-dom@18.3.1_react@18.3.1__react@18.3.1/node_modules/next/dist/server/next-server.js:741:37)
    at async Router.execute (/app/node_modules/.pnpm/next@12.3.4_react-dom@18.3.1_react@18.3.1__react@18.3.1/node_modules/next/dist/server/router.js:252:36)
    at async NextNodeServer.run (/app/node_modules/.pnpm/next@12.3.4_react-dom@18.3.1_react@18.3.1__react@18.3.1/node_modules/next/dist/server/base-server.js:365:29)
    at async NextNodeServer.handleRequest (/app/node_modules/.pnpm/next@12.3.4_react-dom@18.3.1_react@18.3.1__react@18.3.1/node_modules/next/dist/server/base-server.js:303:20)
    at async Server.<anonymous> (/app/server.js:19:5)
[2026-02-18T09:22:53.268Z] error: <dockerStatusService> TypeError: Cannot read properties of null (reading 'my-docker')
    at getDockerArguments (/app/.next/server/chunks/2045.js:44:14)
    at handler (/app/.next/server/pages/api/docker/status/[...service].js:88:96)
    at Object.apiResolver (/app/node_modules/.pnpm/next@12.3.4_react-dom@18.3.1_react@18.3.1__react@18.3.1/node_modules/next/dist/server/api-utils/node.js:366:15)
    at process.processTicksAndRejections (node:internal/process/task_queues:95:5)
    at async NextNodeServer.runApi (/app/node_modules/.pnpm/next@12.3.4_react-dom@18.3.1_react@18.3.1__react@18.3.1/node_modules/next/dist/server/next-server.js:481:9)
    at async Object.fn (/app/node_modules/.pnpm/next@12.3.4_react-dom@18.3.1_react@18.3.1__react@18.3.1/node_modules/next/dist/server/next-server.js:741:37)
    at async Router.execute (/app/node_modules/.pnpm/next@12.3.4_react-dom@18.3.1_react@18.3.1__react@18.3.1/node_modules/next/dist/server/router.js:252:36)
    at async NextNodeServer.run (/app/node_modules/.pnpm/next@12.3.4_react-dom@18.3.1_react@18.3.1__react@18.3.1/node_modules/next/dist/server/base-server.js:365:29)
    at async NextNodeServer.handleRequest (/app/node_modules/.pnpm/next@12.3.4_react-dom@18.3.1_react@18.3.1__react@18.3.1/node_modules/next/dist/server/base-server.js:303:20)
    at async Server.<anonymous> (/app/server.js:19:5)
[2026-02-18T09:22:53.302Z] error: <httpProxy> Error calling http://127.0.0.1:18789/...
[2026-02-18T09:22:53.302Z] error: <httpProxy> [
  500,
  Error: connect ECONNREFUSED 127.0.0.1:18789
      at TCPConnectWrap.afterConnect [as oncomplete] (node:net:1555:16) {
    errno: -111,
    code: 'ECONNREFUSED',
    syscall: 'connect',
    address: '127.0.0.1',
    port: 18789
  }
]
[2026-02-18T09:23:03.306Z] error: <httpProxy> Error calling http://127.0.0.1:18789/...
[2026-02-18T09:23:03.308Z] error: <httpProxy> [
  500,
  Error: connect ECONNREFUSED 127.0.0.1:18789
      at TCPConnectWrap.afterConnect [as oncomplete] (node:net:1555:16) {
    errno: -111,
    code: 'ECONNREFUSED',
    syscall: 'connect',
    address: '127.0.0.1',
    port: 18789
  }
]
[2026-02-18T09:23:13.362Z] error: <httpProxy> Error calling http://127.0.0.1:18789/...
[2026-02-18T09:23:13.366Z] error: <httpProxy> [
  500,
  Error: connect ECONNREFUSED 127.0.0.1:18789
      at TCPConnectWrap.afterConnect [as oncomplete] (node:net:1555:16) {
    errno: -111,
    code: 'ECONNREFUSED',
    syscall: 'connect',
    address: '127.0.0.1',
    port: 18789
  }
]
[2026-02-18T09:23:23.421Z] error: <httpProxy> Error calling http://127.0.0.1:18789/...
[2026-02-18T09:23:23.422Z] error: <httpProxy> [
  500,
  Error: connect ECONNREFUSED 127.0.0.1:18789
      at TCPConnectWrap.afterConnect [as oncomplete] (node:net:1555:16) {
    errno: -111,
    code: 'ECONNREFUSED',
    syscall: 'connect',
    address: '127.0.0.1',
    port: 18789
  }
]
[2026-02-18T09:23:33.500Z] error: <httpProxy> Error calling http://127.0.0.1:18789/...
[2026-02-18T09:23:33.501Z] error: <httpProxy> [
  500,
  Error: connect ECONNREFUSED 127.0.0.1:18789
      at TCPConnectWrap.afterConnect [as oncomplete] (node:net:1555:16) {
    errno: -111,
    code: 'ECONNREFUSED',
    syscall: 'connect',
    address: '127.0.0.1',
    port: 18789
  }
]
[2026-02-18T09:23:43.553Z] error: <httpProxy> Error calling http://127.0.0.1:18789/...
[2026-02-18T09:23:43.554Z] error: <httpProxy> [
  500,
  Error: connect ECONNREFUSED 127.0.0.1:18789
      at TCPConnectWrap.afterConnect [as oncomplete] (node:net:1555:16) {
    errno: -111,
    code: 'ECONNREFUSED',
    syscall: 'connect',
    address: '127.0.0.1',
    port: 18789
  }
]
[2026-02-18T09:23:53.604Z] error: <httpProxy> Error calling http://127.0.0.1:18789/...
[2026-02-18T09:23:53.606Z] error: <httpProxy> [
  500,
  Error: connect ECONNREFUSED 127.0.0.1:18789
      at TCPConnectWrap.afterConnect [as oncomplete] (node:net:1555:16) {
    errno: -111,
    code: 'ECONNREFUSED',
    syscall: 'connect',
    address: '127.0.0.1',
    port: 18789
  }
]
[2026-02-18T09:24:03.656Z] error: <httpProxy> Error calling http://127.0.0.1:18789/...
[2026-02-18T09:24:03.657Z] error: <httpProxy> [
  500,
  Error: connect ECONNREFUSED 127.0.0.1:18789
      at TCPConnectWrap.afterConnect [as oncomplete] (node:net:1555:16) {
    errno: -111,
    code: 'ECONNREFUSED',
    syscall: 'connect',
    address: '127.0.0.1',
    port: 18789
  }
]
[2026-02-18T09:24:13.803Z] error: <httpProxy> Error calling http://127.0.0.1:18789/...
[2026-02-18T09:24:13.804Z] error: <httpProxy> [
  500,
  Error: connect ECONNREFUSED 127.0.0.1:18789
      at TCPConnectWrap.afterConnect [as oncomplete] (node:net:1555:16) {
    errno: -111,
    code: 'ECONNREFUSED',
    syscall: 'connect',
    address: '127.0.0.1',
    port: 18789
  }
]
[2026-02-18T09:24:23.915Z] error: <httpProxy> Error calling http://127.0.0.1:18789/...
[2026-02-18T09:24:23.917Z] error: <httpProxy> [
  500,
  Error: connect ECONNREFUSED 127.0.0.1:18789
      at TCPConnectWrap.afterConnect [as oncomplete] (node:net:1555:16) {
    errno: -111,
    code: 'ECONNREFUSED',
    syscall: 'connect',
    address: '127.0.0.1',
    port: 18789
  }
]
[2026-02-18T09:24:34.007Z] error: <httpProxy> Error calling http://127.0.0.1:18789/...
[2026-02-18T09:24:34.008Z] error: <httpProxy> [
  500,
  Error: connect ECONNREFUSED 127.0.0.1:18789
      at TCPConnectWrap.afterConnect [as oncomplete] (node:net:1555:16) {
    errno: -111,
    code: 'ECONNREFUSED',
    syscall: 'connect',
    address: '127.0.0.1',
    port: 18789
  }
]
[2026-02-18T09:24:44.080Z] error: <httpProxy> Error calling http://127.0.0.1:18789/...
[2026-02-18T09:24:44.081Z] error: <httpProxy> [
  500,
  Error: connect ECONNREFUSED 127.0.0.1:18789
      at TCPConnectWrap.afterConnect [as oncomplete] (node:net:1555:16) {
    errno: -111,
    code: 'ECONNREFUSED',
    syscall: 'connect',
    address: '127.0.0.1',
    port: 18789
  }
]
[2026-02-18T09:24:54.111Z] error: <httpProxy> Error calling http://127.0.0.1:18789/...
[2026-02-18T09:24:54.111Z] error: <httpProxy> [
  500,
  Error: connect ECONNREFUSED 127.0.0.1:18789
      at TCPConnectWrap.afterConnect [as oncomplete] (node:net:1555:16) {
    errno: -111,
    code: 'ECONNREFUSED',
    syscall: 'connect',
    address: '127.0.0.1',
    port: 18789
  }
]
[2026-02-18T09:25:04.198Z] error: <httpProxy> Error calling http://127.0.0.1:18789/...
[2026-02-18T09:25:04.199Z] error: <httpProxy> [
  500,
  Error: connect ECONNREFUSED 127.0.0.1:18789
      at TCPConnectWrap.afterConnect [as oncomplete] (node:net:1555:16) {
    errno: -111,
    code: 'ECONNREFUSED',
    syscall: 'connect',
    address: '127.0.0.1',
    port: 18789
  }
]
[2026-02-18T09:25:14.276Z] error: <httpProxy> Error calling http://127.0.0.1:18789/...
[2026-02-18T09:25:14.278Z] error: <httpProxy> [
  500,
  Error: connect ECONNREFUSED 127.0.0.1:18789
      at TCPConnectWrap.afterConnect [as oncomplete] (node:net:1555:16) {
    errno: -111,
    code: 'ECONNREFUSED',
    syscall: 'connect',
    address: '127.0.0.1',
    port: 18789
  }
]
[2026-02-18T09:25:24.348Z] error: <httpProxy> Error calling http://127.0.0.1:18789/...
[2026-02-18T09:25:24.353Z] error: <httpProxy> [
  500,
  Error: connect ECONNREFUSED 127.0.0.1:18789
      at TCPConnectWrap.afterConnect [as oncomplete] (node:net:1555:16) {
    errno: -111,
    code: 'ECONNREFUSED',
    syscall: 'connect',
    address: '127.0.0.1',
    port: 18789
  }
]
[2026-02-18T09:25:34.428Z] error: <httpProxy> Error calling http://127.0.0.1:18789/...
[2026-02-18T09:25:34.429Z] error: <httpProxy> [
  500,
  Error: connect ECONNREFUSED 127.0.0.1:18789
      at TCPConnectWrap.afterConnect [as oncomplete] (node:net:1555:16) {
    errno: -111,
    code: 'ECONNREFUSED',
    syscall: 'connect',
    address: '127.0.0.1',
    port: 18789
  }
]
[2026-02-18T09:25:44.508Z] error: <httpProxy> Error calling http://127.0.0.1:18789/...
[2026-02-18T09:25:44.509Z] error: <httpProxy> [
  500,
  Error: connect ECONNREFUSED 127.0.0.1:18789
      at TCPConnectWrap.afterConnect [as oncomplete] (node:net:1555:16) {
    errno: -111,
    code: 'ECONNREFUSED',
    syscall: 'connect',
    address: '127.0.0.1',
    port: 18789
  }
]
[2026-02-18T09:25:54.560Z] error: <httpProxy> Error calling http://127.0.0.1:18789/...
[2026-02-18T09:25:54.561Z] error: <httpProxy> [
  500,
  Error: connect ECONNREFUSED 127.0.0.1:18789
      at TCPConnectWrap.afterConnect [as oncomplete] (node:net:1555:16) {
    errno: -111,
    code: 'ECONNREFUSED',
    syscall: 'connect',
    address: '127.0.0.1',
    port: 18789
  }
]
[2026-02-18T09:26:04.614Z] error: <httpProxy> Error calling http://127.0.0.1:18789/...
[2026-02-18T09:26:04.615Z] error: <httpProxy> [
  500,
  Error: connect ECONNREFUSED 127.0.0.1:18789
      at TCPConnectWrap.afterConnect [as oncomplete] (node:net:1555:16) {
    errno: -111,
    code: 'ECONNREFUSED',
    syscall: 'connect',
    address: '127.0.0.1',
    port: 18789
  }
]
[2026-02-18T09:26:14.677Z] error: <httpProxy> Error calling http://127.0.0.1:18789/...
[2026-02-18T09:26:14.678Z] error: <httpProxy> [
  500,
  Error: connect ECONNREFUSED 127.0.0.1:18789
      at TCPConnectWrap.afterConnect [as oncomplete] (node:net:1555:16) {
    errno: -111,
    code: 'ECONNREFUSED',
    syscall: 'connect',
    address: '127.0.0.1',
    port: 18789
  }
]
[2026-02-18T09:26:24.769Z] error: <httpProxy> Error calling http://127.0.0.1:18789/...
[2026-02-18T09:26:24.770Z] error: <httpProxy> [
  500,
  Error: connect ECONNREFUSED 127.0.0.1:18789
      at TCPConnectWrap.afterConnect [as oncomplete] (node:net:1555:16) {
    errno: -111,
    code: 'ECONNREFUSED',
    syscall: 'connect',
    address: '127.0.0.1',
    port: 18789
  }
]
[2026-02-18T09:26:34.841Z] error: <httpProxy> Error calling http://127.0.0.1:18789/...
[2026-02-18T09:26:34.842Z] error: <httpProxy> [
  500,
  Error: connect ECONNREFUSED 127.0.0.1:18789
      at TCPConnectWrap.afterConnect [as oncomplete] (node:net:1555:16) {
    errno: -111,
    code: 'ECONNREFUSED',
    syscall: 'connect',
    address: '127.0.0.1',
    port: 18789
  }
]
[2026-02-18T09:26:44.919Z] error: <httpProxy> Error calling http://127.0.0.1:18789/...
[2026-02-18T09:26:44.920Z] error: <httpProxy> [
  500,
  Error: connect ECONNREFUSED 127.0.0.1:18789
      at TCPConnectWrap.afterConnect [as oncomplete] (node:net:1555:16) {
    errno: -111,
    code: 'ECONNREFUSED',
    syscall: 'connect',
    address: '127.0.0.1',
    port: 18789
  }
]
[2026-02-18T09:26:54.999Z] error: <httpProxy> Error calling http://127.0.0.1:18789/...
[2026-02-18T09:26:55.000Z] error: <httpProxy> [
  500,
  Error: connect ECONNREFUSED 127.0.0.1:18789
      at TCPConnectWrap.afterConnect [as oncomplete] (node:net:1555:16) {
    errno: -111,
    code: 'ECONNREFUSED',
    syscall: 'connect',
    address: '127.0.0.1',
    port: 18789
  }
]
[2026-02-18T09:27:05.062Z] error: <httpProxy> Error calling http://127.0.0.1:18789/...
[2026-02-18T09:27:05.063Z] error: <httpProxy> [
  500,
  Error: connect ECONNREFUSED 127.0.0.1:18789
      at TCPConnectWrap.afterConnect [as oncomplete] (node:net:1555:16) {
    errno: -111,
    code: 'ECONNREFUSED',
    syscall: 'connect',
    address: '127.0.0.1',
    port: 18789
  }
]
[2026-02-18T09:27:15.110Z] error: <httpProxy> Error calling http://127.0.0.1:18789/...
[2026-02-18T09:27:15.112Z] error: <httpProxy> [
  500,
  Error: connect ECONNREFUSED 127.0.0.1:18789
      at TCPConnectWrap.afterConnect [as oncomplete] (node:net:1555:16) {
    errno: -111,
    code: 'ECONNREFUSED',
    syscall: 'connect',
    address: '127.0.0.1',
    port: 18789
  }
]
[2026-02-18T09:27:25.169Z] error: <httpProxy> Error calling http://127.0.0.1:18789/...
[2026-02-18T09:27:25.171Z] error: <httpProxy> [
  500,
  Error: connect ECONNREFUSED 127.0.0.1:18789
      at TCPConnectWrap.afterConnect [as oncomplete] (node:net:1555:16) {
    errno: -111,
    code: 'ECONNREFUSED',
    syscall: 'connect',
    address: '127.0.0.1',
    port: 18789
  }
]
[2026-02-18T09:27:35.195Z] error: <httpProxy> Error calling http://127.0.0.1:18789/...
[2026-02-18T09:27:35.195Z] error: <httpProxy> [
  500,
  Error: connect ECONNREFUSED 127.0.0.1:18789
      at TCPConnectWrap.afterConnect [as oncomplete] (node:net:1555:16) {
    errno: -111,
    code: 'ECONNREFUSED',
    syscall: 'connect',
    address: '127.0.0.1',
    port: 18789
  }
]
[2026-02-18T09:27:45.267Z] error: <httpProxy> Error calling http://127.0.0.1:18789/...
[2026-02-18T09:27:45.268Z] error: <httpProxy> [
  500,
  Error: connect ECONNREFUSED 127.0.0.1:18789
      at TCPConnectWrap.afterConnect [as oncomplete] (node:net:1555:16) {
    errno: -111,
    code: 'ECONNREFUSED',
    syscall: 'connect',
    address: '127.0.0.1',
    port: 18789
  }
]
[2026-02-18T09:27:55.335Z] error: <httpProxy> Error calling http://127.0.0.1:18789/...
[2026-02-18T09:27:55.337Z] error: <httpProxy> [
  500,
  Error: connect ECONNREFUSED 127.0.0.1:18789
      at TCPConnectWrap.afterConnect [as oncomplete] (node:net:1555:16) {
    errno: -111,
    code: 'ECONNREFUSED',
    syscall: 'connect',
    address: '127.0.0.1',
    port: 18789
  }
]
[2026-02-18T09:28:05.387Z] error: <httpProxy> Error calling http://127.0.0.1:18789/...
[2026-02-18T09:28:05.388Z] error: <httpProxy> [
  500,
  Error: connect ECONNREFUSED 127.0.0.1:18789
      at TCPConnectWrap.afterConnect [as oncomplete] (node:net:1555:16) {
    errno: -111,
    code: 'ECONNREFUSED',
    syscall: 'connect',
    address: '127.0.0.1',
    port: 18789
  }
]
[2026-02-18T09:35:05.175Z] error: <dockerStatusService> TypeError: Cannot read properties of null (reading 'my-docker')
    at getDockerArguments (/app/.next/server/chunks/2045.js:44:14)
    at handler (/app/.next/server/pages/api/docker/status/[...service].js:88:96)
    at Object.apiResolver (/app/node_modules/.pnpm/next@12.3.4_react-dom@18.3.1_react@18.3.1__react@18.3.1/node_modules/next/dist/server/api-utils/node.js:366:15)
    at process.processTicksAndRejections (node:internal/process/task_queues:95:5)
    at async NextNodeServer.runApi (/app/node_modules/.pnpm/next@12.3.4_react-dom@18.3.1_react@18.3.1__react@18.3.1/node_modules/next/dist/server/next-server.js:481:9)
    at async Object.fn (/app/node_modules/.pnpm/next@12.3.4_react-dom@18.3.1_react@18.3.1__react@18.3.1/node_modules/next/dist/server/next-server.js:741:37)
    at async Router.execute (/app/node_modules/.pnpm/next@12.3.4_react-dom@18.3.1_react@18.3.1__react@18.3.1/node_modules/next/dist/server/router.js:252:36)
    at async NextNodeServer.run (/app/node_modules/.pnpm/next@12.3.4_react-dom@18.3.1_react@18.3.1__react@18.3.1/node_modules/next/dist/server/base-server.js:365:29)
    at async NextNodeServer.handleRequest (/app/node_modules/.pnpm/next@12.3.4_react-dom@18.3.1_react@18.3.1__react@18.3.1/node_modules/next/dist/server/base-server.js:303:20)
    at async Server.<anonymous> (/app/server.js:19:5)
[2026-02-18T09:35:05.212Z] error: <dockerStatusService> TypeError: Cannot read properties of null (reading 'my-docker')
    at getDockerArguments (/app/.next/server/chunks/2045.js:44:14)
    at handler (/app/.next/server/pages/api/docker/status/[...service].js:88:96)
    at Object.apiResolver (/app/node_modules/.pnpm/next@12.3.4_react-dom@18.3.1_react@18.3.1__react@18.3.1/node_modules/next/dist/server/api-utils/node.js:366:15)
    at process.processTicksAndRejections (node:internal/process/task_queues:95:5)
    at async NextNodeServer.runApi (/app/node_modules/.pnpm/next@12.3.4_react-dom@18.3.1_react@18.3.1__react@18.3.1/node_modules/next/dist/server/next-server.js:481:9)
    at async Object.fn (/app/node_modules/.pnpm/next@12.3.4_react-dom@18.3.1_react@18.3.1__react@18.3.1/node_modules/next/dist/server/next-server.js:741:37)
    at async Router.execute (/app/node_modules/.pnpm/next@12.3.4_react-dom@18.3.1_react@18.3.1__react@18.3.1/node_modules/next/dist/server/router.js:252:36)
    at async NextNodeServer.run (/app/node_modules/.pnpm/next@12.3.4_react-dom@18.3.1_react@18.3.1__react@18.3.1/node_modules/next/dist/server/base-server.js:365:29)
    at async NextNodeServer.handleRequest (/app/node_modules/.pnpm/next@12.3.4_react-dom@18.3.1_react@18.3.1__react@18.3.1/node_modules/next/dist/server/base-server.js:303:20)
    at async Server.<anonymous> (/app/server.js:19:5)
[2026-02-18T09:35:05.216Z] error: <dockerStatusService> TypeError: Cannot read properties of null (reading 'my-docker')
    at getDockerArguments (/app/.next/server/chunks/2045.js:44:14)
    at handler (/app/.next/server/pages/api/docker/status/[...service].js:88:96)
    at Object.apiResolver (/app/node_modules/.pnpm/next@12.3.4_react-dom@18.3.1_react@18.3.1__react@18.3.1/node_modules/next/dist/server/api-utils/node.js:366:15)
    at process.processTicksAndRejections (node:internal/process/task_queues:95:5)
    at async NextNodeServer.runApi (/app/node_modules/.pnpm/next@12.3.4_react-dom@18.3.1_react@18.3.1__react@18.3.1/node_modules/next/dist/server/next-server.js:481:9)
    at async Object.fn (/app/node_modules/.pnpm/next@12.3.4_react-dom@18.3.1_react@18.3.1__react@18.3.1/node_modules/next/dist/server/next-server.js:741:37)
    at async Router.execute (/app/node_modules/.pnpm/next@12.3.4_react-dom@18.3.1_react@18.3.1__react@18.3.1/node_modules/next/dist/server/router.js:252:36)
    at async NextNodeServer.run (/app/node_modules/.pnpm/next@12.3.4_react-dom@18.3.1_react@18.3.1__react@18.3.1/node_modules/next/dist/server/base-server.js:365:29)
    at async NextNodeServer.handleRequest (/app/node_modules/.pnpm/next@12.3.4_react-dom@18.3.1_react@18.3.1__react@18.3.1/node_modules/next/dist/server/base-server.js:303:20)
    at async Server.<anonymous> (/app/server.js:19:5)
[2026-02-18T09:35:05.222Z] error: <dockerStatusService> TypeError: Cannot read properties of null (reading 'my-docker')
    at getDockerArguments (/app/.next/server/chunks/2045.js:44:14)
    at handler (/app/.next/server/pages/api/docker/status/[...service].js:88:96)
    at Object.apiResolver (/app/node_modules/.pnpm/next@12.3.4_react-dom@18.3.1_react@18.3.1__react@18.3.1/node_modules/next/dist/server/api-utils/node.js:366:15)
    at process.processTicksAndRejections (node:internal/process/task_queues:95:5)
    at async NextNodeServer.runApi (/app/node_modules/.pnpm/next@12.3.4_react-dom@18.3.1_react@18.3.1__react@18.3.1/node_modules/next/dist/server/next-server.js:481:9)
    at async Object.fn (/app/node_modules/.pnpm/next@12.3.4_react-dom@18.3.1_react@18.3.1__react@18.3.1/node_modules/next/dist/server/next-server.js:741:37)
    at async Router.execute (/app/node_modules/.pnpm/next@12.3.4_react-dom@18.3.1_react@18.3.1__react@18.3.1/node_modules/next/dist/server/router.js:252:36)
    at async NextNodeServer.run (/app/node_modules/.pnpm/next@12.3.4_react-dom@18.3.1_react@18.3.1__react@18.3.1/node_modules/next/dist/server/base-server.js:365:29)
    at async NextNodeServer.handleRequest (/app/node_modules/.pnpm/next@12.3.4_react-dom@18.3.1_react@18.3.1__react@18.3.1/node_modules/next/dist/server/base-server.js:303:20)
    at async Server.<anonymous> (/app/server.js:19:5)
[2026-02-18T09:35:05.239Z] error: <dockerStatusService> TypeError: Cannot read properties of null (reading 'my-docker')
    at getDockerArguments (/app/.next/server/chunks/2045.js:44:14)
    at handler (/app/.next/server/pages/api/docker/status/[...service].js:88:96)
    at Object.apiResolver (/app/node_modules/.pnpm/next@12.3.4_react-dom@18.3.1_react@18.3.1__react@18.3.1/node_modules/next/dist/server/api-utils/node.js:366:15)
    at process.processTicksAndRejections (node:internal/process/task_queues:95:5)
    at async NextNodeServer.runApi (/app/node_modules/.pnpm/next@12.3.4_react-dom@18.3.1_react@18.3.1__react@18.3.1/node_modules/next/dist/server/next-server.js:481:9)
    at async Object.fn (/app/node_modules/.pnpm/next@12.3.4_react-dom@18.3.1_react@18.3.1__react@18.3.1/node_modules/next/dist/server/next-server.js:741:37)
    at async Router.execute (/app/node_modules/.pnpm/next@12.3.4_react-dom@18.3.1_react@18.3.1__react@18.3.1/node_modules/next/dist/server/router.js:252:36)
    at async NextNodeServer.run (/app/node_modules/.pnpm/next@12.3.4_react-dom@18.3.1_react@18.3.1__react@18.3.1/node_modules/next/dist/server/base-server.js:365:29)
    at async NextNodeServer.handleRequest (/app/node_modules/.pnpm/next@12.3.4_react-dom@18.3.1_react@18.3.1__react@18.3.1/node_modules/next/dist/server/base-server.js:303:20)
    at async Server.<anonymous> (/app/server.js:19:5)
[2026-02-18T09:35:05.272Z] error: <dockerStatusService> TypeError: Cannot read properties of null (reading 'my-docker')
    at getDockerArguments (/app/.next/server/chunks/2045.js:44:14)
    at handler (/app/.next/server/pages/api/docker/status/[...service].js:88:96)
    at Object.apiResolver (/app/node_modules/.pnpm/next@12.3.4_react-dom@18.3.1_react@18.3.1__react@18.3.1/node_modules/next/dist/server/api-utils/node.js:366:15)
    at process.processTicksAndRejections (node:internal/process/task_queues:95:5)
    at async NextNodeServer.runApi (/app/node_modules/.pnpm/next@12.3.4_react-dom@18.3.1_react@18.3.1__react@18.3.1/node_modules/next/dist/server/next-server.js:481:9)
    at async Object.fn (/app/node_modules/.pnpm/next@12.3.4_react-dom@18.3.1_react@18.3.1__react@18.3.1/node_modules/next/dist/server/next-server.js:741:37)
    at async Router.execute (/app/node_modules/.pnpm/next@12.3.4_react-dom@18.3.1_react@18.3.1__react@18.3.1/node_modules/next/dist/server/router.js:252:36)
    at async NextNodeServer.run (/app/node_modules/.pnpm/next@12.3.4_react-dom@18.3.1_react@18.3.1__react@18.3.1/node_modules/next/dist/server/base-server.js:365:29)
    at async NextNodeServer.handleRequest (/app/node_modules/.pnpm/next@12.3.4_react-dom@18.3.1_react@18.3.1__react@18.3.1/node_modules/next/dist/server/base-server.js:303:20)
    at async Server.<anonymous> (/app/server.js:19:5)
[2026-02-18T09:35:05.310Z] error: <httpProxy> Error calling http://127.0.0.1:18789/...
[2026-02-18T09:35:05.310Z] error: <httpProxy> [
  500,
  Error: connect ECONNREFUSED 127.0.0.1:18789
      at TCPConnectWrap.afterConnect [as oncomplete] (node:net:1555:16) {
    errno: -111,
    code: 'ECONNREFUSED',
    syscall: 'connect',
    address: '127.0.0.1',
    port: 18789
  }
]
[2026-02-18T09:35:10.243Z] error: undefined
[2026-02-18T09:35:13.517Z] error: <httpProxy> Error calling http://127.0.0.1:18789/...
[2026-02-18T09:35:13.517Z] error: <httpProxy> [
  500,
  Error: connect ECONNREFUSED 127.0.0.1:18789
      at TCPConnectWrap.afterConnect [as oncomplete] (node:net:1555:16) {
    errno: -111,
    code: 'ECONNREFUSED',
    syscall: 'connect',
    address: '127.0.0.1',
    port: 18789
  }
]
[2026-02-18T10:31:15.142Z] error: <httpProxy> Error calling http://127.0.0.1:18789/...
[2026-02-18T10:31:15.143Z] error: <httpProxy> [
  500,
  Error: connect ECONNREFUSED 127.0.0.1:18789
      at TCPConnectWrap.afterConnect [as oncomplete] (node:net:1555:16) {
    errno: -111,
    code: 'ECONNREFUSED',
    syscall: 'connect',
    address: '127.0.0.1',
    port: 18789
  }
]
[2026-02-18T10:31:16.874Z] error: undefined
[2026-02-18T10:31:25.196Z] error: <httpProxy> Error calling http://127.0.0.1:18789/...
[2026-02-18T10:31:25.196Z] error: <httpProxy> [
  500,
  Error: connect ECONNREFUSED 127.0.0.1:18789
      at TCPConnectWrap.afterConnect [as oncomplete] (node:net:1555:16) {
    errno: -111,
    code: 'ECONNREFUSED',
    syscall: 'connect',
    address: '127.0.0.1',
    port: 18789
  }
]
[2026-02-18T10:31:35.246Z] error: <httpProxy> Error calling http://127.0.0.1:18789/...
[2026-02-18T10:31:35.250Z] error: <httpProxy> [
  500,
  Error: connect ECONNREFUSED 127.0.0.1:18789
      at TCPConnectWrap.afterConnect [as oncomplete] (node:net:1555:16) {
    errno: -111,
    code: 'ECONNREFUSED',
    syscall: 'connect',
    address: '127.0.0.1',
    port: 18789
  }
]
[2026-02-18T10:31:41.941Z] error: undefined
[2026-02-18T10:31:45.297Z] error: <httpProxy> Error calling http://127.0.0.1:18789/...
[2026-02-18T10:31:45.298Z] error: <httpProxy> [
  500,
  Error: connect ECONNREFUSED 127.0.0.1:18789
      at TCPConnectWrap.afterConnect [as oncomplete] (node:net:1555:16) {
    errno: -111,
    code: 'ECONNREFUSED',
    syscall: 'connect',
    address: '127.0.0.1',
    port: 18789
  }
]
[2026-02-18T10:31:55.396Z] error: <httpProxy> Error calling http://127.0.0.1:18789/...
[2026-02-18T10:31:55.397Z] error: <httpProxy> [
  500,
  Error: connect ECONNREFUSED 127.0.0.1:18789
      at TCPConnectWrap.afterConnect [as oncomplete] (node:net:1555:16) {
    errno: -111,
    code: 'ECONNREFUSED',
    syscall: 'connect',
    address: '127.0.0.1',
    port: 18789
  }
]
[2026-02-18T10:32:05.437Z] error: <httpProxy> Error calling http://127.0.0.1:18789/...
[2026-02-18T10:32:05.437Z] error: <httpProxy> [
  500,
  Error: connect ECONNREFUSED 127.0.0.1:18789
      at TCPConnectWrap.afterConnect [as oncomplete] (node:net:1555:16) {
    errno: -111,
    code: 'ECONNREFUSED',
    syscall: 'connect',
    address: '127.0.0.1',
    port: 18789
  }
]
[2026-02-18T10:32:15.492Z] error: <httpProxy> Error calling http://127.0.0.1:18789/...
[2026-02-18T10:32:15.493Z] error: <httpProxy> [
  500,
  Error: connect ECONNREFUSED 127.0.0.1:18789
      at TCPConnectWrap.afterConnect [as oncomplete] (node:net:1555:16) {
    errno: -111,
    code: 'ECONNREFUSED',
    syscall: 'connect',
    address: '127.0.0.1',
    port: 18789
  }
]
[2026-02-18T10:32:25.538Z] error: <httpProxy> Error calling http://127.0.0.1:18789/...
[2026-02-18T10:32:25.538Z] error: <httpProxy> [
  500,
  Error: connect ECONNREFUSED 127.0.0.1:18789
      at TCPConnectWrap.afterConnect [as oncomplete] (node:net:1555:16) {
    errno: -111,
    code: 'ECONNREFUSED',
    syscall: 'connect',
    address: '127.0.0.1',
    port: 18789
  }
]
[2026-02-18T10:32:27.014Z] error: undefined
[2026-02-18T10:32:35.579Z] error: <httpProxy> Error calling http://127.0.0.1:18789/...
[2026-02-18T10:32:35.579Z] error: <httpProxy> [
  500,
  Error: connect ECONNREFUSED 127.0.0.1:18789
      at TCPConnectWrap.afterConnect [as oncomplete] (node:net:1555:16) {
    errno: -111,
    code: 'ECONNREFUSED',
    syscall: 'connect',
    address: '127.0.0.1',
    port: 18789
  }
]
[2026-02-18T10:32:45.596Z] error: <httpProxy> Error calling http://127.0.0.1:18789/...
[2026-02-18T10:32:45.596Z] error: <httpProxy> [
  500,
  Error: connect ECONNREFUSED 127.0.0.1:18789
      at TCPConnectWrap.afterConnect [as oncomplete] (node:net:1555:16) {
    errno: -111,
    code: 'ECONNREFUSED',
    syscall: 'connect',
    address: '127.0.0.1',
    port: 18789
  }
]
[2026-02-18T10:32:55.799Z] error: <httpProxy> Error calling http://127.0.0.1:18789/...
[2026-02-18T10:32:55.800Z] error: <httpProxy> [
  500,
  Error: connect ECONNREFUSED 127.0.0.1:18789
      at TCPConnectWrap.afterConnect [as oncomplete] (node:net:1555:16) {
    errno: -111,
    code: 'ECONNREFUSED',
    syscall: 'connect',
    address: '127.0.0.1',
    port: 18789
  }
]
[2026-02-18T10:33:05.878Z] error: <httpProxy> Error calling http://127.0.0.1:18789/...
[2026-02-18T10:33:05.879Z] error: <httpProxy> [
  500,
  Error: connect ECONNREFUSED 127.0.0.1:18789
      at TCPConnectWrap.afterConnect [as oncomplete] (node:net:1555:16) {
    errno: -111,
    code: 'ECONNREFUSED',
    syscall: 'connect',
    address: '127.0.0.1',
    port: 18789
  }
]
[2026-02-18T10:33:15.959Z] error: <httpProxy> Error calling http://127.0.0.1:18789/...
[2026-02-18T10:33:15.960Z] error: <httpProxy> [
  500,
  Error: connect ECONNREFUSED 127.0.0.1:18789
      at TCPConnectWrap.afterConnect [as oncomplete] (node:net:1555:16) {
    errno: -111,
    code: 'ECONNREFUSED',
    syscall: 'connect',
    address: '127.0.0.1',
    port: 18789
  }
]
[2026-02-18T10:33:26.080Z] error: <httpProxy> Error calling http://127.0.0.1:18789/...
[2026-02-18T10:33:26.082Z] error: <httpProxy> [
  500,
  Error: connect ECONNREFUSED 127.0.0.1:18789
      at TCPConnectWrap.afterConnect [as oncomplete] (node:net:1555:16) {
    errno: -111,
    code: 'ECONNREFUSED',
    syscall: 'connect',
    address: '127.0.0.1',
    port: 18789
  }
]
[2026-02-18T10:33:36.171Z] error: <httpProxy> Error calling http://127.0.0.1:18789/...
[2026-02-18T10:33:36.173Z] error: <httpProxy> [
  500,
  Error: connect ECONNREFUSED 127.0.0.1:18789
      at TCPConnectWrap.afterConnect [as oncomplete] (node:net:1555:16) {
    errno: -111,
    code: 'ECONNREFUSED',
    syscall: 'connect',
    address: '127.0.0.1',
    port: 18789
  }
]
[2026-02-18T10:33:46.219Z] error: <httpProxy> Error calling http://127.0.0.1:18789/...
[2026-02-18T10:33:46.221Z] error: <httpProxy> [
  500,
  Error: connect ECONNREFUSED 127.0.0.1:18789
      at TCPConnectWrap.afterConnect [as oncomplete] (node:net:1555:16) {
    errno: -111,
    code: 'ECONNREFUSED',
    syscall: 'connect',
    address: '127.0.0.1',
    port: 18789
  }
]
[2026-02-18T10:33:56.304Z] error: <httpProxy> Error calling http://127.0.0.1:18789/...
[2026-02-18T10:33:56.305Z] error: <httpProxy> [
  500,
  Error: connect ECONNREFUSED 127.0.0.1:18789
      at TCPConnectWrap.afterConnect [as oncomplete] (node:net:1555:16) {
    errno: -111,
    code: 'ECONNREFUSED',
    syscall: 'connect',
    address: '127.0.0.1',
    port: 18789
  }
]
[2026-02-18T10:34:06.363Z] error: <httpProxy> Error calling http://127.0.0.1:18789/...
[2026-02-18T10:34:06.364Z] error: <httpProxy> [
  500,
  Error: connect ECONNREFUSED 127.0.0.1:18789
      at TCPConnectWrap.afterConnect [as oncomplete] (node:net:1555:16) {
    errno: -111,
    code: 'ECONNREFUSED',
    syscall: 'connect',
    address: '127.0.0.1',
    port: 18789
  }
]
[2026-02-18T10:34:16.446Z] error: <httpProxy> Error calling http://127.0.0.1:18789/...
[2026-02-18T10:34:16.447Z] error: <httpProxy> [
  500,
  Error: connect ECONNREFUSED 127.0.0.1:18789
      at TCPConnectWrap.afterConnect [as oncomplete] (node:net:1555:16) {
    errno: -111,
    code: 'ECONNREFUSED',
    syscall: 'connect',
    address: '127.0.0.1',
    port: 18789
  }
]
[2026-02-18T10:34:26.520Z] error: <httpProxy> Error calling http://127.0.0.1:18789/...
[2026-02-18T10:34:26.521Z] error: <httpProxy> [
  500,
  Error: connect ECONNREFUSED 127.0.0.1:18789
      at TCPConnectWrap.afterConnect [as oncomplete] (node:net:1555:16) {
    errno: -111,
    code: 'ECONNREFUSED',
    syscall: 'connect',
    address: '127.0.0.1',
    port: 18789
  }
]
[2026-02-18T10:34:36.601Z] error: <httpProxy> Error calling http://127.0.0.1:18789/...
[2026-02-18T10:34:36.602Z] error: <httpProxy> [
  500,
  Error: connect ECONNREFUSED 127.0.0.1:18789
      at TCPConnectWrap.afterConnect [as oncomplete] (node:net:1555:16) {
    errno: -111,
    code: 'ECONNREFUSED',
    syscall: 'connect',
    address: '127.0.0.1',
    port: 18789
  }
]
[2026-02-18T10:34:46.654Z] error: <httpProxy> Error calling http://127.0.0.1:18789/...
[2026-02-18T10:34:46.654Z] error: <httpProxy> [
  500,
  Error: connect ECONNREFUSED 127.0.0.1:18789
      at TCPConnectWrap.afterConnect [as oncomplete] (node:net:1555:16) {
    errno: -111,
    code: 'ECONNREFUSED',
    syscall: 'connect',
    address: '127.0.0.1',
    port: 18789
  }
]
[2026-02-18T10:34:56.740Z] error: <httpProxy> Error calling http://127.0.0.1:18789/...
[2026-02-18T10:34:56.741Z] error: <httpProxy> [
  500,
  Error: connect ECONNREFUSED 127.0.0.1:18789
      at TCPConnectWrap.afterConnect [as oncomplete] (node:net:1555:16) {
    errno: -111,
    code: 'ECONNREFUSED',
    syscall: 'connect',
    address: '127.0.0.1',
    port: 18789
  }
]
[2026-02-18T10:35:06.792Z] error: <httpProxy> Error calling http://127.0.0.1:18789/...
[2026-02-18T10:35:06.792Z] error: <httpProxy> [
  500,
  Error: connect ECONNREFUSED 127.0.0.1:18789
      at TCPConnectWrap.afterConnect [as oncomplete] (node:net:1555:16) {
    errno: -111,
    code: 'ECONNREFUSED',
    syscall: 'connect',
    address: '127.0.0.1',
    port: 18789
  }
]
[2026-02-18T10:35:16.824Z] error: <httpProxy> Error calling http://127.0.0.1:18789/...
[2026-02-18T10:35:16.825Z] error: <httpProxy> [
  500,
  Error: connect ECONNREFUSED 127.0.0.1:18789
      at TCPConnectWrap.afterConnect [as oncomplete] (node:net:1555:16) {
    errno: -111,
    code: 'ECONNREFUSED',
    syscall: 'connect',
    address: '127.0.0.1',
    port: 18789
  }
]
[2026-02-18T10:35:26.869Z] error: <httpProxy> Error calling http://127.0.0.1:18789/...
[2026-02-18T10:35:26.869Z] error: <httpProxy> [
  500,
  Error: connect ECONNREFUSED 127.0.0.1:18789
      at TCPConnectWrap.afterConnect [as oncomplete] (node:net:1555:16) {
    errno: -111,
    code: 'ECONNREFUSED',
    syscall: 'connect',
    address: '127.0.0.1',
    port: 18789
  }
]
[2026-02-18T10:35:36.979Z] error: <httpProxy> Error calling http://127.0.0.1:18789/...
[2026-02-18T10:35:36.980Z] error: <httpProxy> [
  500,
  Error: connect ECONNREFUSED 127.0.0.1:18789
      at TCPConnectWrap.afterConnect [as oncomplete] (node:net:1555:16) {
    errno: -111,
    code: 'ECONNREFUSED',
    syscall: 'connect',
    address: '127.0.0.1',
    port: 18789
  }
]
[2026-02-18T10:35:47.074Z] error: <httpProxy> Error calling http://127.0.0.1:18789/...
[2026-02-18T10:35:47.075Z] error: <httpProxy> [
  500,
  Error: connect ECONNREFUSED 127.0.0.1:18789
      at TCPConnectWrap.afterConnect [as oncomplete] (node:net:1555:16) {
    errno: -111,
    code: 'ECONNREFUSED',
    syscall: 'connect',
    address: '127.0.0.1',
    port: 18789
  }
]
[2026-02-18T10:35:57.136Z] error: <httpProxy> Error calling http://127.0.0.1:18789/...
[2026-02-18T10:35:57.136Z] error: <httpProxy> [
  500,
  Error: connect ECONNREFUSED 127.0.0.1:18789
      at TCPConnectWrap.afterConnect [as oncomplete] (node:net:1555:16) {
    errno: -111,
    code: 'ECONNREFUSED',
    syscall: 'connect',
    address: '127.0.0.1',
    port: 18789
  }
]
[2026-02-18T10:36:07.169Z] error: <httpProxy> Error calling http://127.0.0.1:18789/...
[2026-02-18T10:36:07.169Z] error: <httpProxy> [
  500,
  Error: connect ECONNREFUSED 127.0.0.1:18789
      at TCPConnectWrap.afterConnect [as oncomplete] (node:net:1555:16) {
    errno: -111,
    code: 'ECONNREFUSED',
    syscall: 'connect',
    address: '127.0.0.1',
    port: 18789
  }
]
[2026-02-18T10:36:17.204Z] error: <httpProxy> Error calling http://127.0.0.1:18789/...
[2026-02-18T10:36:17.204Z] error: <httpProxy> [
  500,
  Error: connect ECONNREFUSED 127.0.0.1:18789
      at TCPConnectWrap.afterConnect [as oncomplete] (node:net:1555:16) {
    errno: -111,
    code: 'ECONNREFUSED',
    syscall: 'connect',
    address: '127.0.0.1',
    port: 18789
  }
]
[2026-02-18T10:36:27.258Z] error: <httpProxy> Error calling http://127.0.0.1:18789/...
[2026-02-18T10:36:27.259Z] error: <httpProxy> [
  500,
  Error: connect ECONNREFUSED 127.0.0.1:18789
      at TCPConnectWrap.afterConnect [as oncomplete] (node:net:1555:16) {
    errno: -111,
    code: 'ECONNREFUSED',
    syscall: 'connect',
    address: '127.0.0.1',
    port: 18789
  }
]
[2026-02-18T10:36:37.292Z] error: <httpProxy> Error calling http://127.0.0.1:18789/...
[2026-02-18T10:36:37.292Z] error: <httpProxy> [
  500,
  Error: connect ECONNREFUSED 127.0.0.1:18789
      at TCPConnectWrap.afterConnect [as oncomplete] (node:net:1555:16) {
    errno: -111,
    code: 'ECONNREFUSED',
    syscall: 'connect',
    address: '127.0.0.1',
    port: 18789
  }
]
[2026-02-18T10:36:47.391Z] error: <httpProxy> Error calling http://127.0.0.1:18789/...
[2026-02-18T10:36:47.392Z] error: <httpProxy> [
  500,
  Error: connect ECONNREFUSED 127.0.0.1:18789
      at TCPConnectWrap.afterConnect [as oncomplete] (node:net:1555:16) {
    errno: -111,
    code: 'ECONNREFUSED',
    syscall: 'connect',
    address: '127.0.0.1',
    port: 18789
  }
]
[2026-02-18T10:36:57.430Z] error: <httpProxy> Error calling http://127.0.0.1:18789/...
[2026-02-18T10:36:57.430Z] error: <httpProxy> [
  500,
  Error: connect ECONNREFUSED 127.0.0.1:18789
      at TCPConnectWrap.afterConnect [as oncomplete] (node:net:1555:16) {
    errno: -111,
    code: 'ECONNREFUSED',
    syscall: 'connect',
    address: '127.0.0.1',
    port: 18789
  }
]
[2026-02-18T10:37:07.491Z] error: <httpProxy> Error calling http://127.0.0.1:18789/...
[2026-02-18T10:37:07.491Z] error: <httpProxy> [
  500,
  Error: connect ECONNREFUSED 127.0.0.1:18789
      at TCPConnectWrap.afterConnect [as oncomplete] (node:net:1555:16) {
    errno: -111,
    code: 'ECONNREFUSED',
    syscall: 'connect',
    address: '127.0.0.1',
    port: 18789
  }
]
[2026-02-18T10:37:17.553Z] error: <httpProxy> Error calling http://127.0.0.1:18789/...
[2026-02-18T10:37:17.554Z] error: <httpProxy> [
  500,
  Error: connect ECONNREFUSED 127.0.0.1:18789
      at TCPConnectWrap.afterConnect [as oncomplete] (node:net:1555:16) {
    errno: -111,
    code: 'ECONNREFUSED',
    syscall: 'connect',
    address: '127.0.0.1',
    port: 18789
  }
]
[2026-02-18T10:37:27.612Z] error: <httpProxy> Error calling http://127.0.0.1:18789/...
[2026-02-18T10:37:27.613Z] error: <httpProxy> [
  500,
  Error: connect ECONNREFUSED 127.0.0.1:18789
      at TCPConnectWrap.afterConnect [as oncomplete] (node:net:1555:16) {
    errno: -111,
    code: 'ECONNREFUSED',
    syscall: 'connect',
    address: '127.0.0.1',
    port: 18789
  }
]
[2026-02-18T10:37:37.648Z] error: <httpProxy> Error calling http://127.0.0.1:18789/...
[2026-02-18T10:37:37.648Z] error: <httpProxy> [
  500,
  Error: connect ECONNREFUSED 127.0.0.1:18789
      at TCPConnectWrap.afterConnect [as oncomplete] (node:net:1555:16) {
    errno: -111,
    code: 'ECONNREFUSED',
    syscall: 'connect',
    address: '127.0.0.1',
    port: 18789
  }
]
[2026-02-18T10:37:47.726Z] error: <httpProxy> Error calling http://127.0.0.1:18789/...
[2026-02-18T10:37:47.727Z] error: <httpProxy> [
  500,
  Error: connect ECONNREFUSED 127.0.0.1:18789
      at TCPConnectWrap.afterConnect [as oncomplete] (node:net:1555:16) {
    errno: -111,
    code: 'ECONNREFUSED',
    syscall: 'connect',
    address: '127.0.0.1',
    port: 18789
  }
]
[2026-02-18T10:37:57.767Z] error: <httpProxy> Error calling http://127.0.0.1:18789/...
[2026-02-18T10:37:57.768Z] error: <httpProxy> [
  500,
  Error: connect ECONNREFUSED 127.0.0.1:18789
      at TCPConnectWrap.afterConnect [as oncomplete] (node:net:1555:16) {
    errno: -111,
    code: 'ECONNREFUSED',
    syscall: 'connect',
    address: '127.0.0.1',
    port: 18789
  }
]
[2026-02-18T10:38:07.887Z] error: <httpProxy> Error calling http://127.0.0.1:18789/...
[2026-02-18T10:38:07.889Z] error: <httpProxy> [
  500,
  Error: connect ECONNREFUSED 127.0.0.1:18789
      at TCPConnectWrap.afterConnect [as oncomplete] (node:net:1555:16) {
    errno: -111,
    code: 'ECONNREFUSED',
    syscall: 'connect',
    address: '127.0.0.1',
    port: 18789
  }
]
[2026-02-18T10:38:17.965Z] error: <httpProxy> Error calling http://127.0.0.1:18789/...
[2026-02-18T10:38:17.966Z] error: <httpProxy> [
  500,
  Error: connect ECONNREFUSED 127.0.0.1:18789
      at TCPConnectWrap.afterConnect [as oncomplete] (node:net:1555:16) {
    errno: -111,
    code: 'ECONNREFUSED',
    syscall: 'connect',
    address: '127.0.0.1',
    port: 18789
  }
]
[2026-02-18T10:38:28.023Z] error: <httpProxy> Error calling http://127.0.0.1:18789/...
[2026-02-18T10:38:28.025Z] error: <httpProxy> [
  500,
  Error: connect ECONNREFUSED 127.0.0.1:18789
      at TCPConnectWrap.afterConnect [as oncomplete] (node:net:1555:16) {
    errno: -111,
    code: 'ECONNREFUSED',
    syscall: 'connect',
    address: '127.0.0.1',
    port: 18789
  }
]
[2026-02-18T10:38:38.076Z] error: <httpProxy> Error calling http://127.0.0.1:18789/...
[2026-02-18T10:38:38.076Z] error: <httpProxy> [
  500,
  Error: connect ECONNREFUSED 127.0.0.1:18789
      at TCPConnectWrap.afterConnect [as oncomplete] (node:net:1555:16) {
    errno: -111,
    code: 'ECONNREFUSED',
    syscall: 'connect',
    address: '127.0.0.1',
    port: 18789
  }
]
[2026-02-18T10:38:48.166Z] error: <httpProxy> Error calling http://127.0.0.1:18789/...
[2026-02-18T10:38:48.168Z] error: <httpProxy> [
  500,
  Error: connect ECONNREFUSED 127.0.0.1:18789
      at TCPConnectWrap.afterConnect [as oncomplete] (node:net:1555:16) {
    errno: -111,
    code: 'ECONNREFUSED',
    syscall: 'connect',
    address: '127.0.0.1',
    port: 18789
  }
]
[2026-02-18T10:38:58.239Z] error: <httpProxy> Error calling http://127.0.0.1:18789/...
[2026-02-18T10:38:58.240Z] error: <httpProxy> [
  500,
  Error: connect ECONNREFUSED 127.0.0.1:18789
      at TCPConnectWrap.afterConnect [as oncomplete] (node:net:1555:16) {
    errno: -111,
    code: 'ECONNREFUSED',
    syscall: 'connect',
    address: '127.0.0.1',
    port: 18789
  }
]
[2026-02-18T10:39:08.305Z] error: <httpProxy> Error calling http://127.0.0.1:18789/...
[2026-02-18T10:39:08.305Z] error: <httpProxy> [
  500,
  Error: connect ECONNREFUSED 127.0.0.1:18789
      at TCPConnectWrap.afterConnect [as oncomplete] (node:net:1555:16) {
    errno: -111,
    code: 'ECONNREFUSED',
    syscall: 'connect',
    address: '127.0.0.1',
    port: 18789
  }
]
[2026-02-18T10:39:18.402Z] error: <httpProxy> Error calling http://127.0.0.1:18789/...
[2026-02-18T10:39:18.404Z] error: <httpProxy> [
  500,
  Error: connect ECONNREFUSED 127.0.0.1:18789
      at TCPConnectWrap.afterConnect [as oncomplete] (node:net:1555:16) {
    errno: -111,
    code: 'ECONNREFUSED',
    syscall: 'connect',
    address: '127.0.0.1',
    port: 18789
  }
]
[2026-02-18T10:39:28.464Z] error: <httpProxy> Error calling http://127.0.0.1:18789/...
[2026-02-18T10:39:28.464Z] error: <httpProxy> [
  500,
  Error: connect ECONNREFUSED 127.0.0.1:18789
      at TCPConnectWrap.afterConnect [as oncomplete] (node:net:1555:16) {
    errno: -111,
    code: 'ECONNREFUSED',
    syscall: 'connect',
    address: '127.0.0.1',
    port: 18789
  }
]
[2026-02-18T10:39:38.560Z] error: <httpProxy> Error calling http://127.0.0.1:18789/...
[2026-02-18T10:39:38.562Z] error: <httpProxy> [
  500,
  Error: connect ECONNREFUSED 127.0.0.1:18789
      at TCPConnectWrap.afterConnect [as oncomplete] (node:net:1555:16) {
    errno: -111,
    code: 'ECONNREFUSED',
    syscall: 'connect',
    address: '127.0.0.1',
    port: 18789
  }
]
[2026-02-18T10:39:48.619Z] error: <httpProxy> Error calling http://127.0.0.1:18789/...
[2026-02-18T10:39:48.620Z] error: <httpProxy> [
  500,
  Error: connect ECONNREFUSED 127.0.0.1:18789
      at TCPConnectWrap.afterConnect [as oncomplete] (node:net:1555:16) {
    errno: -111,
    code: 'ECONNREFUSED',
    syscall: 'connect',
    address: '127.0.0.1',
    port: 18789
  }
]
[2026-02-18T10:39:58.714Z] error: <httpProxy> Error calling http://127.0.0.1:18789/...
[2026-02-18T10:39:58.715Z] error: <httpProxy> [
  500,
  Error: connect ECONNREFUSED 127.0.0.1:18789
      at TCPConnectWrap.afterConnect [as oncomplete] (node:net:1555:16) {
    errno: -111,
    code: 'ECONNREFUSED',
    syscall: 'connect',
    address: '127.0.0.1',
    port: 18789
  }
]
[2026-02-18T10:40:08.780Z] error: <httpProxy> Error calling http://127.0.0.1:18789/...
[2026-02-18T10:40:08.780Z] error: <httpProxy> [
  500,
  Error: connect ECONNREFUSED 127.0.0.1:18789
      at TCPConnectWrap.afterConnect [as oncomplete] (node:net:1555:16) {
    errno: -111,
    code: 'ECONNREFUSED',
    syscall: 'connect',
    address: '127.0.0.1',
    port: 18789
  }
]
[2026-02-18T10:40:18.843Z] error: <httpProxy> Error calling http://127.0.0.1:18789/...
[2026-02-18T10:40:18.844Z] error: <httpProxy> [
  500,
  Error: connect ECONNREFUSED 127.0.0.1:18789
      at TCPConnectWrap.afterConnect [as oncomplete] (node:net:1555:16) {
    errno: -111,
    code: 'ECONNREFUSED',
    syscall: 'connect',
    address: '127.0.0.1',
    port: 18789
  }
]
[2026-02-18T10:40:28.896Z] error: <httpProxy> Error calling http://127.0.0.1:18789/...
[2026-02-18T10:40:28.897Z] error: <httpProxy> [
  500,
  Error: connect ECONNREFUSED 127.0.0.1:18789
      at TCPConnectWrap.afterConnect [as oncomplete] (node:net:1555:16) {
    errno: -111,
    code: 'ECONNREFUSED',
    syscall: 'connect',
    address: '127.0.0.1',
    port: 18789
  }
]
[2026-02-18T10:40:38.936Z] error: <httpProxy> Error calling http://127.0.0.1:18789/...
[2026-02-18T10:40:38.937Z] error: <httpProxy> [
  500,
  Error: connect ECONNREFUSED 127.0.0.1:18789
      at TCPConnectWrap.afterConnect [as oncomplete] (node:net:1555:16) {
    errno: -111,
    code: 'ECONNREFUSED',
    syscall: 'connect',
    address: '127.0.0.1',
    port: 18789
  }
]
[2026-02-18T10:40:44.987Z] error: <dockerStatusService> TypeError: Cannot read properties of null (reading 'my-docker')
    at getDockerArguments (/app/.next/server/chunks/2045.js:44:14)
    at handler (/app/.next/server/pages/api/docker/status/[...service].js:88:96)
    at Object.apiResolver (/app/node_modules/.pnpm/next@12.3.4_react-dom@18.3.1_react@18.3.1__react@18.3.1/node_modules/next/dist/server/api-utils/node.js:366:15)
    at process.processTicksAndRejections (node:internal/process/task_queues:95:5)
    at async NextNodeServer.runApi (/app/node_modules/.pnpm/next@12.3.4_react-dom@18.3.1_react@18.3.1__react@18.3.1/node_modules/next/dist/server/next-server.js:481:9)
    at async Object.fn (/app/node_modules/.pnpm/next@12.3.4_react-dom@18.3.1_react@18.3.1__react@18.3.1/node_modules/next/dist/server/next-server.js:741:37)
    at async Router.execute (/app/node_modules/.pnpm/next@12.3.4_react-dom@18.3.1_react@18.3.1__react@18.3.1/node_modules/next/dist/server/router.js:252:36)
    at async NextNodeServer.run (/app/node_modules/.pnpm/next@12.3.4_react-dom@18.3.1_react@18.3.1__react@18.3.1/node_modules/next/dist/server/base-server.js:365:29)
    at async NextNodeServer.handleRequest (/app/node_modules/.pnpm/next@12.3.4_react-dom@18.3.1_react@18.3.1__react@18.3.1/node_modules/next/dist/server/base-server.js:303:20)
    at async Server.<anonymous> (/app/server.js:19:5)
[2026-02-18T10:40:45.011Z] error: <dockerStatusService> TypeError: Cannot read properties of null (reading 'my-docker')
    at getDockerArguments (/app/.next/server/chunks/2045.js:44:14)
    at handler (/app/.next/server/pages/api/docker/status/[...service].js:88:96)
    at Object.apiResolver (/app/node_modules/.pnpm/next@12.3.4_react-dom@18.3.1_react@18.3.1__react@18.3.1/node_modules/next/dist/server/api-utils/node.js:366:15)
    at process.processTicksAndRejections (node:internal/process/task_queues:95:5)
    at async NextNodeServer.runApi (/app/node_modules/.pnpm/next@12.3.4_react-dom@18.3.1_react@18.3.1__react@18.3.1/node_modules/next/dist/server/next-server.js:481:9)
    at async Object.fn (/app/node_modules/.pnpm/next@12.3.4_react-dom@18.3.1_react@18.3.1__react@18.3.1/node_modules/next/dist/server/next-server.js:741:37)
    at async Router.execute (/app/node_modules/.pnpm/next@12.3.4_react-dom@18.3.1_react@18.3.1__react@18.3.1/node_modules/next/dist/server/router.js:252:36)
    at async NextNodeServer.run (/app/node_modules/.pnpm/next@12.3.4_react-dom@18.3.1_react@18.3.1__react@18.3.1/node_modules/next/dist/server/base-server.js:365:29)
    at async NextNodeServer.handleRequest (/app/node_modules/.pnpm/next@12.3.4_react-dom@18.3.1_react@18.3.1__react@18.3.1/node_modules/next/dist/server/base-server.js:303:20)
    at async Server.<anonymous> (/app/server.js:19:5)
[2026-02-18T10:40:45.017Z] error: <dockerStatusService> TypeError: Cannot read properties of null (reading 'my-docker')
    at getDockerArguments (/app/.next/server/chunks/2045.js:44:14)
    at handler (/app/.next/server/pages/api/docker/status/[...service].js:88:96)
    at Object.apiResolver (/app/node_modules/.pnpm/next@12.3.4_react-dom@18.3.1_react@18.3.1__react@18.3.1/node_modules/next/dist/server/api-utils/node.js:366:15)
    at process.processTicksAndRejections (node:internal/process/task_queues:95:5)
    at async NextNodeServer.runApi (/app/node_modules/.pnpm/next@12.3.4_react-dom@18.3.1_react@18.3.1__react@18.3.1/node_modules/next/dist/server/next-server.js:481:9)
    at async Object.fn (/app/node_modules/.pnpm/next@12.3.4_react-dom@18.3.1_react@18.3.1__react@18.3.1/node_modules/next/dist/server/next-server.js:741:37)
    at async Router.execute (/app/node_modules/.pnpm/next@12.3.4_react-dom@18.3.1_react@18.3.1__react@18.3.1/node_modules/next/dist/server/router.js:252:36)
    at async NextNodeServer.run (/app/node_modules/.pnpm/next@12.3.4_react-dom@18.3.1_react@18.3.1__react@18.3.1/node_modules/next/dist/server/base-server.js:365:29)
    at async NextNodeServer.handleRequest (/app/node_modules/.pnpm/next@12.3.4_react-dom@18.3.1_react@18.3.1__react@18.3.1/node_modules/next/dist/server/base-server.js:303:20)
    at async Server.<anonymous> (/app/server.js:19:5)
[2026-02-18T10:40:45.020Z] error: <dockerStatusService> TypeError: Cannot read properties of null (reading 'my-docker')
    at getDockerArguments (/app/.next/server/chunks/2045.js:44:14)
    at handler (/app/.next/server/pages/api/docker/status/[...service].js:88:96)
    at Object.apiResolver (/app/node_modules/.pnpm/next@12.3.4_react-dom@18.3.1_react@18.3.1__react@18.3.1/node_modules/next/dist/server/api-utils/node.js:366:15)
    at process.processTicksAndRejections (node:internal/process/task_queues:95:5)
    at async NextNodeServer.runApi (/app/node_modules/.pnpm/next@12.3.4_react-dom@18.3.1_react@18.3.1__react@18.3.1/node_modules/next/dist/server/next-server.js:481:9)
    at async Object.fn (/app/node_modules/.pnpm/next@12.3.4_react-dom@18.3.1_react@18.3.1__react@18.3.1/node_modules/next/dist/server/next-server.js:741:37)
    at async Router.execute (/app/node_modules/.pnpm/next@12.3.4_react-dom@18.3.1_react@18.3.1__react@18.3.1/node_modules/next/dist/server/router.js:252:36)
    at async NextNodeServer.run (/app/node_modules/.pnpm/next@12.3.4_react-dom@18.3.1_react@18.3.1__react@18.3.1/node_modules/next/dist/server/base-server.js:365:29)
    at async NextNodeServer.handleRequest (/app/node_modules/.pnpm/next@12.3.4_react-dom@18.3.1_react@18.3.1__react@18.3.1/node_modules/next/dist/server/base-server.js:303:20)
    at async Server.<anonymous> (/app/server.js:19:5)
[2026-02-18T10:40:45.029Z] error: <dockerStatusService> TypeError: Cannot read properties of null (reading 'my-docker')
    at getDockerArguments (/app/.next/server/chunks/2045.js:44:14)
    at handler (/app/.next/server/pages/api/docker/status/[...service].js:88:96)
    at Object.apiResolver (/app/node_modules/.pnpm/next@12.3.4_react-dom@18.3.1_react@18.3.1__react@18.3.1/node_modules/next/dist/server/api-utils/node.js:366:15)
    at process.processTicksAndRejections (node:internal/process/task_queues:95:5)
    at async NextNodeServer.runApi (/app/node_modules/.pnpm/next@12.3.4_react-dom@18.3.1_react@18.3.1__react@18.3.1/node_modules/next/dist/server/next-server.js:481:9)
    at async Object.fn (/app/node_modules/.pnpm/next@12.3.4_react-dom@18.3.1_react@18.3.1__react@18.3.1/node_modules/next/dist/server/next-server.js:741:37)
    at async Router.execute (/app/node_modules/.pnpm/next@12.3.4_react-dom@18.3.1_react@18.3.1__react@18.3.1/node_modules/next/dist/server/router.js:252:36)
    at async NextNodeServer.run (/app/node_modules/.pnpm/next@12.3.4_react-dom@18.3.1_react@18.3.1__react@18.3.1/node_modules/next/dist/server/base-server.js:365:29)
    at async NextNodeServer.handleRequest (/app/node_modules/.pnpm/next@12.3.4_react-dom@18.3.1_react@18.3.1__react@18.3.1/node_modules/next/dist/server/base-server.js:303:20)
    at async Server.<anonymous> (/app/server.js:19:5)
[2026-02-18T10:40:45.032Z] error: <dockerStatusService> TypeError: Cannot read properties of null (reading 'my-docker')
    at getDockerArguments (/app/.next/server/chunks/2045.js:44:14)
    at handler (/app/.next/server/pages/api/docker/status/[...service].js:88:96)
    at Object.apiResolver (/app/node_modules/.pnpm/next@12.3.4_react-dom@18.3.1_react@18.3.1__react@18.3.1/node_modules/next/dist/server/api-utils/node.js:366:15)
    at process.processTicksAndRejections (node:internal/process/task_queues:95:5)
    at async NextNodeServer.runApi (/app/node_modules/.pnpm/next@12.3.4_react-dom@18.3.1_react@18.3.1__react@18.3.1/node_modules/next/dist/server/next-server.js:481:9)
    at async Object.fn (/app/node_modules/.pnpm/next@12.3.4_react-dom@18.3.1_react@18.3.1__react@18.3.1/node_modules/next/dist/server/next-server.js:741:37)
    at async Router.execute (/app/node_modules/.pnpm/next@12.3.4_react-dom@18.3.1_react@18.3.1__react@18.3.1/node_modules/next/dist/server/router.js:252:36)
    at async NextNodeServer.run (/app/node_modules/.pnpm/next@12.3.4_react-dom@18.3.1_react@18.3.1__react@18.3.1/node_modules/next/dist/server/base-server.js:365:29)
    at async NextNodeServer.handleRequest (/app/node_modules/.pnpm/next@12.3.4_react-dom@18.3.1_react@18.3.1__react@18.3.1/node_modules/next/dist/server/base-server.js:303:20)
    at async Server.<anonymous> (/app/server.js:19:5)
[2026-02-18T10:40:45.054Z] error: <httpProxy> Error calling http://127.0.0.1:18789/...
[2026-02-18T10:40:45.055Z] error: <httpProxy> [
  500,
  Error: connect ECONNREFUSED 127.0.0.1:18789
      at TCPConnectWrap.afterConnect [as oncomplete] (node:net:1555:16) {
    errno: -111,
    code: 'ECONNREFUSED',
    syscall: 'connect',
    address: '127.0.0.1',
    port: 18789
  }
]
[2026-02-18T16:41:21.124Z] error: <dockerStatusService> TypeError: Cannot read properties of null (reading 'my-docker')
    at getDockerArguments (/app/.next/server/chunks/2045.js:44:14)
    at handler (/app/.next/server/pages/api/docker/status/[...service].js:88:96)
    at Object.apiResolver (/app/node_modules/.pnpm/next@12.3.4_react-dom@18.3.1_react@18.3.1__react@18.3.1/node_modules/next/dist/server/api-utils/node.js:366:15)
    at process.processTicksAndRejections (node:internal/process/task_queues:95:5)
    at async NextNodeServer.runApi (/app/node_modules/.pnpm/next@12.3.4_react-dom@18.3.1_react@18.3.1__react@18.3.1/node_modules/next/dist/server/next-server.js:481:9)
    at async Object.fn (/app/node_modules/.pnpm/next@12.3.4_react-dom@18.3.1_react@18.3.1__react@18.3.1/node_modules/next/dist/server/next-server.js:741:37)
    at async Router.execute (/app/node_modules/.pnpm/next@12.3.4_react-dom@18.3.1_react@18.3.1__react@18.3.1/node_modules/next/dist/server/router.js:252:36)
    at async NextNodeServer.run (/app/node_modules/.pnpm/next@12.3.4_react-dom@18.3.1_react@18.3.1__react@18.3.1/node_modules/next/dist/server/base-server.js:365:29)
    at async NextNodeServer.handleRequest (/app/node_modules/.pnpm/next@12.3.4_react-dom@18.3.1_react@18.3.1__react@18.3.1/node_modules/next/dist/server/base-server.js:303:20)
    at async Server.<anonymous> (/app/server.js:19:5)
[2026-02-18T16:41:21.135Z] error: <dockerStatusService> TypeError: Cannot read properties of null (reading 'my-docker')
    at getDockerArguments (/app/.next/server/chunks/2045.js:44:14)
    at handler (/app/.next/server/pages/api/docker/status/[...service].js:88:96)
    at Object.apiResolver (/app/node_modules/.pnpm/next@12.3.4_react-dom@18.3.1_react@18.3.1__react@18.3.1/node_modules/next/dist/server/api-utils/node.js:366:15)
    at process.processTicksAndRejections (node:internal/process/task_queues:95:5)
    at async NextNodeServer.runApi (/app/node_modules/.pnpm/next@12.3.4_react-dom@18.3.1_react@18.3.1__react@18.3.1/node_modules/next/dist/server/next-server.js:481:9)
    at async Object.fn (/app/node_modules/.pnpm/next@12.3.4_react-dom@18.3.1_react@18.3.1__react@18.3.1/node_modules/next/dist/server/next-server.js:741:37)
    at async Router.execute (/app/node_modules/.pnpm/next@12.3.4_react-dom@18.3.1_react@18.3.1__react@18.3.1/node_modules/next/dist/server/router.js:252:36)
    at async NextNodeServer.run (/app/node_modules/.pnpm/next@12.3.4_react-dom@18.3.1_react@18.3.1__react@18.3.1/node_modules/next/dist/server/base-server.js:365:29)
    at async NextNodeServer.handleRequest (/app/node_modules/.pnpm/next@12.3.4_react-dom@18.3.1_react@18.3.1__react@18.3.1/node_modules/next/dist/server/base-server.js:303:20)
    at async Server.<anonymous> (/app/server.js:19:5)
[2026-02-18T16:41:21.210Z] error: <dockerStatusService> TypeError: Cannot read properties of null (reading 'my-docker')
    at getDockerArguments (/app/.next/server/chunks/2045.js:44:14)
    at handler (/app/.next/server/pages/api/docker/status/[...service].js:88:96)
    at Object.apiResolver (/app/node_modules/.pnpm/next@12.3.4_react-dom@18.3.1_react@18.3.1__react@18.3.1/node_modules/next/dist/server/api-utils/node.js:366:15)
    at process.processTicksAndRejections (node:internal/process/task_queues:95:5)
    at async NextNodeServer.runApi (/app/node_modules/.pnpm/next@12.3.4_react-dom@18.3.1_react@18.3.1__react@18.3.1/node_modules/next/dist/server/next-server.js:481:9)
    at async Object.fn (/app/node_modules/.pnpm/next@12.3.4_react-dom@18.3.1_react@18.3.1__react@18.3.1/node_modules/next/dist/server/next-server.js:741:37)
    at async Router.execute (/app/node_modules/.pnpm/next@12.3.4_react-dom@18.3.1_react@18.3.1__react@18.3.1/node_modules/next/dist/server/router.js:252:36)
    at async NextNodeServer.run (/app/node_modules/.pnpm/next@12.3.4_react-dom@18.3.1_react@18.3.1__react@18.3.1/node_modules/next/dist/server/base-server.js:365:29)
    at async NextNodeServer.handleRequest (/app/node_modules/.pnpm/next@12.3.4_react-dom@18.3.1_react@18.3.1__react@18.3.1/node_modules/next/dist/server/base-server.js:303:20)
    at async Server.<anonymous> (/app/server.js:19:5)
[2026-02-18T16:41:21.233Z] error: <dockerStatusService> TypeError: Cannot read properties of null (reading 'my-docker')
    at getDockerArguments (/app/.next/server/chunks/2045.js:44:14)
    at handler (/app/.next/server/pages/api/docker/status/[...service].js:88:96)
    at Object.apiResolver (/app/node_modules/.pnpm/next@12.3.4_react-dom@18.3.1_react@18.3.1__react@18.3.1/node_modules/next/dist/server/api-utils/node.js:366:15)
    at process.processTicksAndRejections (node:internal/process/task_queues:95:5)
    at async NextNodeServer.runApi (/app/node_modules/.pnpm/next@12.3.4_react-dom@18.3.1_react@18.3.1__react@18.3.1/node_modules/next/dist/server/next-server.js:481:9)
    at async Object.fn (/app/node_modules/.pnpm/next@12.3.4_react-dom@18.3.1_react@18.3.1__react@18.3.1/node_modules/next/dist/server/next-server.js:741:37)
    at async Router.execute (/app/node_modules/.pnpm/next@12.3.4_react-dom@18.3.1_react@18.3.1__react@18.3.1/node_modules/next/dist/server/router.js:252:36)
    at async NextNodeServer.run (/app/node_modules/.pnpm/next@12.3.4_react-dom@18.3.1_react@18.3.1__react@18.3.1/node_modules/next/dist/server/base-server.js:365:29)
    at async NextNodeServer.handleRequest (/app/node_modules/.pnpm/next@12.3.4_react-dom@18.3.1_react@18.3.1__react@18.3.1/node_modules/next/dist/server/base-server.js:303:20)
    at async Server.<anonymous> (/app/server.js:19:5)
[2026-02-18T16:41:21.237Z] error: <dockerStatusService> TypeError: Cannot read properties of null (reading 'my-docker')
    at getDockerArguments (/app/.next/server/chunks/2045.js:44:14)
    at handler (/app/.next/server/pages/api/docker/status/[...service].js:88:96)
    at Object.apiResolver (/app/node_modules/.pnpm/next@12.3.4_react-dom@18.3.1_react@18.3.1__react@18.3.1/node_modules/next/dist/server/api-utils/node.js:366:15)
    at process.processTicksAndRejections (node:internal/process/task_queues:95:5)
    at async NextNodeServer.runApi (/app/node_modules/.pnpm/next@12.3.4_react-dom@18.3.1_react@18.3.1__react@18.3.1/node_modules/next/dist/server/next-server.js:481:9)
    at async Object.fn (/app/node_modules/.pnpm/next@12.3.4_react-dom@18.3.1_react@18.3.1__react@18.3.1/node_modules/next/dist/server/next-server.js:741:37)
    at async Router.execute (/app/node_modules/.pnpm/next@12.3.4_react-dom@18.3.1_react@18.3.1__react@18.3.1/node_modules/next/dist/server/router.js:252:36)
    at async NextNodeServer.run (/app/node_modules/.pnpm/next@12.3.4_react-dom@18.3.1_react@18.3.1__react@18.3.1/node_modules/next/dist/server/base-server.js:365:29)
    at async NextNodeServer.handleRequest (/app/node_modules/.pnpm/next@12.3.4_react-dom@18.3.1_react@18.3.1__react@18.3.1/node_modules/next/dist/server/base-server.js:303:20)
    at async Server.<anonymous> (/app/server.js:19:5)
[2026-02-18T16:41:21.244Z] error: <dockerStatusService> TypeError: Cannot read properties of null (reading 'my-docker')
    at getDockerArguments (/app/.next/server/chunks/2045.js:44:14)
    at handler (/app/.next/server/pages/api/docker/status/[...service].js:88:96)
    at Object.apiResolver (/app/node_modules/.pnpm/next@12.3.4_react-dom@18.3.1_react@18.3.1__react@18.3.1/node_modules/next/dist/server/api-utils/node.js:366:15)
    at process.processTicksAndRejections (node:internal/process/task_queues:95:5)
    at async NextNodeServer.runApi (/app/node_modules/.pnpm/next@12.3.4_react-dom@18.3.1_react@18.3.1__react@18.3.1/node_modules/next/dist/server/next-server.js:481:9)
    at async Object.fn (/app/node_modules/.pnpm/next@12.3.4_react-dom@18.3.1_react@18.3.1__react@18.3.1/node_modules/next/dist/server/next-server.js:741:37)
    at async Router.execute (/app/node_modules/.pnpm/next@12.3.4_react-dom@18.3.1_react@18.3.1__react@18.3.1/node_modules/next/dist/server/router.js:252:36)
    at async NextNodeServer.run (/app/node_modules/.pnpm/next@12.3.4_react-dom@18.3.1_react@18.3.1__react@18.3.1/node_modules/next/dist/server/base-server.js:365:29)
    at async NextNodeServer.handleRequest (/app/node_modules/.pnpm/next@12.3.4_react-dom@18.3.1_react@18.3.1__react@18.3.1/node_modules/next/dist/server/base-server.js:303:20)
    at async Server.<anonymous> (/app/server.js:19:5)
[2026-02-18T16:41:21.301Z] error: <httpProxy> Error calling http://127.0.0.1:18789/...
[2026-02-18T16:41:21.303Z] error: <httpProxy> [
  500,
  Error: connect ECONNREFUSED 127.0.0.1:18789
      at TCPConnectWrap.afterConnect [as oncomplete] (node:net:1555:16) {
    errno: -111,
    code: 'ECONNREFUSED',
    syscall: 'connect',
    address: '127.0.0.1',
    port: 18789
  }
]
[2026-02-18T16:41:21.690Z] error: <dockerStatusService> TypeError: Cannot read properties of null (reading 'my-docker')
    at getDockerArguments (/app/.next/server/chunks/2045.js:44:14)
    at handler (/app/.next/server/pages/api/docker/status/[...service].js:88:96)
    at Object.apiResolver (/app/node_modules/.pnpm/next@12.3.4_react-dom@18.3.1_react@18.3.1__react@18.3.1/node_modules/next/dist/server/api-utils/node.js:366:15)
    at process.processTicksAndRejections (node:internal/process/task_queues:95:5)
    at async NextNodeServer.runApi (/app/node_modules/.pnpm/next@12.3.4_react-dom@18.3.1_react@18.3.1__react@18.3.1/node_modules/next/dist/server/next-server.js:481:9)
    at async Object.fn (/app/node_modules/.pnpm/next@12.3.4_react-dom@18.3.1_react@18.3.1__react@18.3.1/node_modules/next/dist/server/next-server.js:741:37)
    at async Router.execute (/app/node_modules/.pnpm/next@12.3.4_react-dom@18.3.1_react@18.3.1__react@18.3.1/node_modules/next/dist/server/router.js:252:36)
    at async NextNodeServer.run (/app/node_modules/.pnpm/next@12.3.4_react-dom@18.3.1_react@18.3.1__react@18.3.1/node_modules/next/dist/server/base-server.js:365:29)
    at async NextNodeServer.handleRequest (/app/node_modules/.pnpm/next@12.3.4_react-dom@18.3.1_react@18.3.1__react@18.3.1/node_modules/next/dist/server/base-server.js:303:20)
    at async Server.<anonymous> (/app/server.js:19:5)
[2026-02-18T16:41:21.703Z] error: <dockerStatusService> TypeError: Cannot read properties of null (reading 'my-docker')
    at getDockerArguments (/app/.next/server/chunks/2045.js:44:14)
    at handler (/app/.next/server/pages/api/docker/status/[...service].js:88:96)
    at Object.apiResolver (/app/node_modules/.pnpm/next@12.3.4_react-dom@18.3.1_react@18.3.1__react@18.3.1/node_modules/next/dist/server/api-utils/node.js:366:15)
    at process.processTicksAndRejections (node:internal/process/task_queues:95:5)
    at async NextNodeServer.runApi (/app/node_modules/.pnpm/next@12.3.4_react-dom@18.3.1_react@18.3.1__react@18.3.1/node_modules/next/dist/server/next-server.js:481:9)
    at async Object.fn (/app/node_modules/.pnpm/next@12.3.4_react-dom@18.3.1_react@18.3.1__react@18.3.1/node_modules/next/dist/server/next-server.js:741:37)
    at async Router.execute (/app/node_modules/.pnpm/next@12.3.4_react-dom@18.3.1_react@18.3.1__react@18.3.1/node_modules/next/dist/server/router.js:252:36)
    at async NextNodeServer.run (/app/node_modules/.pnpm/next@12.3.4_react-dom@18.3.1_react@18.3.1__react@18.3.1/node_modules/next/dist/server/base-server.js:365:29)
    at async NextNodeServer.handleRequest (/app/node_modules/.pnpm/next@12.3.4_react-dom@18.3.1_react@18.3.1__react@18.3.1/node_modules/next/dist/server/base-server.js:303:20)
    at async Server.<anonymous> (/app/server.js:19:5)
[2026-02-18T16:41:21.707Z] error: <dockerStatusService> TypeError: Cannot read properties of null (reading 'my-docker')
    at getDockerArguments (/app/.next/server/chunks/2045.js:44:14)
    at handler (/app/.next/server/pages/api/docker/status/[...service].js:88:96)
    at Object.apiResolver (/app/node_modules/.pnpm/next@12.3.4_react-dom@18.3.1_react@18.3.1__react@18.3.1/node_modules/next/dist/server/api-utils/node.js:366:15)
    at process.processTicksAndRejections (node:internal/process/task_queues:95:5)
    at async NextNodeServer.runApi (/app/node_modules/.pnpm/next@12.3.4_react-dom@18.3.1_react@18.3.1__react@18.3.1/node_modules/next/dist/server/next-server.js:481:9)
    at async Object.fn (/app/node_modules/.pnpm/next@12.3.4_react-dom@18.3.1_react@18.3.1__react@18.3.1/node_modules/next/dist/server/next-server.js:741:37)
    at async Router.execute (/app/node_modules/.pnpm/next@12.3.4_react-dom@18.3.1_react@18.3.1__react@18.3.1/node_modules/next/dist/server/router.js:252:36)
    at async NextNodeServer.run (/app/node_modules/.pnpm/next@12.3.4_react-dom@18.3.1_react@18.3.1__react@18.3.1/node_modules/next/dist/server/base-server.js:365:29)
    at async NextNodeServer.handleRequest (/app/node_modules/.pnpm/next@12.3.4_react-dom@18.3.1_react@18.3.1__react@18.3.1/node_modules/next/dist/server/base-server.js:303:20)
    at async Server.<anonymous> (/app/server.js:19:5)
[2026-02-18T16:41:21.711Z] error: <dockerStatusService> TypeError: Cannot read properties of null (reading 'my-docker')
    at getDockerArguments (/app/.next/server/chunks/2045.js:44:14)
    at handler (/app/.next/server/pages/api/docker/status/[...service].js:88:96)
    at Object.apiResolver (/app/node_modules/.pnpm/next@12.3.4_react-dom@18.3.1_react@18.3.1__react@18.3.1/node_modules/next/dist/server/api-utils/node.js:366:15)
    at process.processTicksAndRejections (node:internal/process/task_queues:95:5)
    at async NextNodeServer.runApi (/app/node_modules/.pnpm/next@12.3.4_react-dom@18.3.1_react@18.3.1__react@18.3.1/node_modules/next/dist/server/next-server.js:481:9)
    at async Object.fn (/app/node_modules/.pnpm/next@12.3.4_react-dom@18.3.1_react@18.3.1__react@18.3.1/node_modules/next/dist/server/next-server.js:741:37)
    at async Router.execute (/app/node_modules/.pnpm/next@12.3.4_react-dom@18.3.1_react@18.3.1__react@18.3.1/node_modules/next/dist/server/router.js:252:36)
    at async NextNodeServer.run (/app/node_modules/.pnpm/next@12.3.4_react-dom@18.3.1_react@18.3.1__react@18.3.1/node_modules/next/dist/server/base-server.js:365:29)
    at async NextNodeServer.handleRequest (/app/node_modules/.pnpm/next@12.3.4_react-dom@18.3.1_react@18.3.1__react@18.3.1/node_modules/next/dist/server/base-server.js:303:20)
    at async Server.<anonymous> (/app/server.js:19:5)
[2026-02-18T16:41:21.721Z] error: <dockerStatusService> TypeError: Cannot read properties of null (reading 'my-docker')
    at getDockerArguments (/app/.next/server/chunks/2045.js:44:14)
    at handler (/app/.next/server/pages/api/docker/status/[...service].js:88:96)
    at Object.apiResolver (/app/node_modules/.pnpm/next@12.3.4_react-dom@18.3.1_react@18.3.1__react@18.3.1/node_modules/next/dist/server/api-utils/node.js:366:15)
    at process.processTicksAndRejections (node:internal/process/task_queues:95:5)
    at async NextNodeServer.runApi (/app/node_modules/.pnpm/next@12.3.4_react-dom@18.3.1_react@18.3.1__react@18.3.1/node_modules/next/dist/server/next-server.js:481:9)
    at async Object.fn (/app/node_modules/.pnpm/next@12.3.4_react-dom@18.3.1_react@18.3.1__react@18.3.1/node_modules/next/dist/server/next-server.js:741:37)
    at async Router.execute (/app/node_modules/.pnpm/next@12.3.4_react-dom@18.3.1_react@18.3.1__react@18.3.1/node_modules/next/dist/server/router.js:252:36)
    at async NextNodeServer.run (/app/node_modules/.pnpm/next@12.3.4_react-dom@18.3.1_react@18.3.1__react@18.3.1/node_modules/next/dist/server/base-server.js:365:29)
    at async NextNodeServer.handleRequest (/app/node_modules/.pnpm/next@12.3.4_react-dom@18.3.1_react@18.3.1__react@18.3.1/node_modules/next/dist/server/base-server.js:303:20)
    at async Server.<anonymous> (/app/server.js:19:5)
[2026-02-18T16:41:21.728Z] error: <dockerStatusService> TypeError: Cannot read properties of null (reading 'my-docker')
    at getDockerArguments (/app/.next/server/chunks/2045.js:44:14)
    at handler (/app/.next/server/pages/api/docker/status/[...service].js:88:96)
    at Object.apiResolver (/app/node_modules/.pnpm/next@12.3.4_react-dom@18.3.1_react@18.3.1__react@18.3.1/node_modules/next/dist/server/api-utils/node.js:366:15)
    at process.processTicksAndRejections (node:internal/process/task_queues:95:5)
    at async NextNodeServer.runApi (/app/node_modules/.pnpm/next@12.3.4_react-dom@18.3.1_react@18.3.1__react@18.3.1/node_modules/next/dist/server/next-server.js:481:9)
    at async Object.fn (/app/node_modules/.pnpm/next@12.3.4_react-dom@18.3.1_react@18.3.1__react@18.3.1/node_modules/next/dist/server/next-server.js:741:37)
    at async Router.execute (/app/node_modules/.pnpm/next@12.3.4_react-dom@18.3.1_react@18.3.1__react@18.3.1/node_modules/next/dist/server/router.js:252:36)
    at async NextNodeServer.run (/app/node_modules/.pnpm/next@12.3.4_react-dom@18.3.1_react@18.3.1__react@18.3.1/node_modules/next/dist/server/base-server.js:365:29)
    at async NextNodeServer.handleRequest (/app/node_modules/.pnpm/next@12.3.4_react-dom@18.3.1_react@18.3.1__react@18.3.1/node_modules/next/dist/server/base-server.js:303:20)
    at async Server.<anonymous> (/app/server.js:19:5)
[2026-02-18T16:41:21.739Z] error: <httpProxy> Error calling http://127.0.0.1:18789/...
[2026-02-18T16:41:21.739Z] error: <httpProxy> [
  500,
  Error: connect ECONNREFUSED 127.0.0.1:18789
      at TCPConnectWrap.afterConnect [as oncomplete] (node:net:1555:16) {
    errno: -111,
    code: 'ECONNREFUSED',
    syscall: 'connect',
    address: '127.0.0.1',
    port: 18789
  }
]
[2026-02-18T16:41:31.575Z] error: <httpProxy> Error calling http://127.0.0.1:18789/...
[2026-02-18T16:41:31.576Z] error: <httpProxy> [
  500,
  Error: connect ECONNREFUSED 127.0.0.1:18789
      at TCPConnectWrap.afterConnect [as oncomplete] (node:net:1555:16) {
    errno: -111,
    code: 'ECONNREFUSED',
    syscall: 'connect',
    address: '127.0.0.1',
    port: 18789
  }
]
[2026-02-18T16:41:41.605Z] error: <httpProxy> Error calling http://127.0.0.1:18789/...
[2026-02-18T16:41:41.605Z] error: <httpProxy> [
  500,
  Error: connect ECONNREFUSED 127.0.0.1:18789
      at TCPConnectWrap.afterConnect [as oncomplete] (node:net:1555:16) {
    errno: -111,
    code: 'ECONNREFUSED',
    syscall: 'connect',
    address: '127.0.0.1',
    port: 18789
  }
]
[2026-02-18T16:41:45.507Z] error: <dockerStatusService> TypeError: Cannot read properties of null (reading 'my-docker')
    at getDockerArguments (/app/.next/server/chunks/2045.js:44:14)
    at handler (/app/.next/server/pages/api/docker/status/[...service].js:88:96)
    at Object.apiResolver (/app/node_modules/.pnpm/next@12.3.4_react-dom@18.3.1_react@18.3.1__react@18.3.1/node_modules/next/dist/server/api-utils/node.js:366:15)
    at process.processTicksAndRejections (node:internal/process/task_queues:95:5)
    at async NextNodeServer.runApi (/app/node_modules/.pnpm/next@12.3.4_react-dom@18.3.1_react@18.3.1__react@18.3.1/node_modules/next/dist/server/next-server.js:481:9)
    at async Object.fn (/app/node_modules/.pnpm/next@12.3.4_react-dom@18.3.1_react@18.3.1__react@18.3.1/node_modules/next/dist/server/next-server.js:741:37)
    at async Router.execute (/app/node_modules/.pnpm/next@12.3.4_react-dom@18.3.1_react@18.3.1__react@18.3.1/node_modules/next/dist/server/router.js:252:36)
    at async NextNodeServer.run (/app/node_modules/.pnpm/next@12.3.4_react-dom@18.3.1_react@18.3.1__react@18.3.1/node_modules/next/dist/server/base-server.js:365:29)
    at async NextNodeServer.handleRequest (/app/node_modules/.pnpm/next@12.3.4_react-dom@18.3.1_react@18.3.1__react@18.3.1/node_modules/next/dist/server/base-server.js:303:20)
    at async Server.<anonymous> (/app/server.js:19:5)
[2026-02-18T16:41:45.512Z] error: <dockerStatusService> TypeError: Cannot read properties of null (reading 'my-docker')
    at getDockerArguments (/app/.next/server/chunks/2045.js:44:14)
    at handler (/app/.next/server/pages/api/docker/status/[...service].js:88:96)
    at Object.apiResolver (/app/node_modules/.pnpm/next@12.3.4_react-dom@18.3.1_react@18.3.1__react@18.3.1/node_modules/next/dist/server/api-utils/node.js:366:15)
    at process.processTicksAndRejections (node:internal/process/task_queues:95:5)
    at async NextNodeServer.runApi (/app/node_modules/.pnpm/next@12.3.4_react-dom@18.3.1_react@18.3.1__react@18.3.1/node_modules/next/dist/server/next-server.js:481:9)
    at async Object.fn (/app/node_modules/.pnpm/next@12.3.4_react-dom@18.3.1_react@18.3.1__react@18.3.1/node_modules/next/dist/server/next-server.js:741:37)
    at async Router.execute (/app/node_modules/.pnpm/next@12.3.4_react-dom@18.3.1_react@18.3.1__react@18.3.1/node_modules/next/dist/server/router.js:252:36)
    at async NextNodeServer.run (/app/node_modules/.pnpm/next@12.3.4_react-dom@18.3.1_react@18.3.1__react@18.3.1/node_modules/next/dist/server/base-server.js:365:29)
    at async NextNodeServer.handleRequest (/app/node_modules/.pnpm/next@12.3.4_react-dom@18.3.1_react@18.3.1__react@18.3.1/node_modules/next/dist/server/base-server.js:303:20)
    at async Server.<anonymous> (/app/server.js:19:5)
[2026-02-18T16:41:45.518Z] error: <dockerStatusService> TypeError: Cannot read properties of null (reading 'my-docker')
    at getDockerArguments (/app/.next/server/chunks/2045.js:44:14)
    at handler (/app/.next/server/pages/api/docker/status/[...service].js:88:96)
    at Object.apiResolver (/app/node_modules/.pnpm/next@12.3.4_react-dom@18.3.1_react@18.3.1__react@18.3.1/node_modules/next/dist/server/api-utils/node.js:366:15)
    at process.processTicksAndRejections (node:internal/process/task_queues:95:5)
    at async NextNodeServer.runApi (/app/node_modules/.pnpm/next@12.3.4_react-dom@18.3.1_react@18.3.1__react@18.3.1/node_modules/next/dist/server/next-server.js:481:9)
    at async Object.fn (/app/node_modules/.pnpm/next@12.3.4_react-dom@18.3.1_react@18.3.1__react@18.3.1/node_modules/next/dist/server/next-server.js:741:37)
    at async Router.execute (/app/node_modules/.pnpm/next@12.3.4_react-dom@18.3.1_react@18.3.1__react@18.3.1/node_modules/next/dist/server/router.js:252:36)
    at async NextNodeServer.run (/app/node_modules/.pnpm/next@12.3.4_react-dom@18.3.1_react@18.3.1__react@18.3.1/node_modules/next/dist/server/base-server.js:365:29)
    at async NextNodeServer.handleRequest (/app/node_modules/.pnpm/next@12.3.4_react-dom@18.3.1_react@18.3.1__react@18.3.1/node_modules/next/dist/server/base-server.js:303:20)
    at async Server.<anonymous> (/app/server.js:19:5)
[2026-02-18T16:41:45.523Z] error: <dockerStatusService> TypeError: Cannot read properties of null (reading 'my-docker')
    at getDockerArguments (/app/.next/server/chunks/2045.js:44:14)
    at handler (/app/.next/server/pages/api/docker/status/[...service].js:88:96)
    at Object.apiResolver (/app/node_modules/.pnpm/next@12.3.4_react-dom@18.3.1_react@18.3.1__react@18.3.1/node_modules/next/dist/server/api-utils/node.js:366:15)
    at process.processTicksAndRejections (node:internal/process/task_queues:95:5)
    at async NextNodeServer.runApi (/app/node_modules/.pnpm/next@12.3.4_react-dom@18.3.1_react@18.3.1__react@18.3.1/node_modules/next/dist/server/next-server.js:481:9)
    at async Object.fn (/app/node_modules/.pnpm/next@12.3.4_react-dom@18.3.1_react@18.3.1__react@18.3.1/node_modules/next/dist/server/next-server.js:741:37)
    at async Router.execute (/app/node_modules/.pnpm/next@12.3.4_react-dom@18.3.1_react@18.3.1__react@18.3.1/node_modules/next/dist/server/router.js:252:36)
    at async NextNodeServer.run (/app/node_modules/.pnpm/next@12.3.4_react-dom@18.3.1_react@18.3.1__react@18.3.1/node_modules/next/dist/server/base-server.js:365:29)
    at async NextNodeServer.handleRequest (/app/node_modules/.pnpm/next@12.3.4_react-dom@18.3.1_react@18.3.1__react@18.3.1/node_modules/next/dist/server/base-server.js:303:20)
    at async Server.<anonymous> (/app/server.js:19:5)
[2026-02-18T16:41:45.530Z] error: <dockerStatusService> TypeError: Cannot read properties of null (reading 'my-docker')
    at getDockerArguments (/app/.next/server/chunks/2045.js:44:14)
    at handler (/app/.next/server/pages/api/docker/status/[...service].js:88:96)
    at Object.apiResolver (/app/node_modules/.pnpm/next@12.3.4_react-dom@18.3.1_react@18.3.1__react@18.3.1/node_modules/next/dist/server/api-utils/node.js:366:15)
    at process.processTicksAndRejections (node:internal/process/task_queues:95:5)
    at async NextNodeServer.runApi (/app/node_modules/.pnpm/next@12.3.4_react-dom@18.3.1_react@18.3.1__react@18.3.1/node_modules/next/dist/server/next-server.js:481:9)
    at async Object.fn (/app/node_modules/.pnpm/next@12.3.4_react-dom@18.3.1_react@18.3.1__react@18.3.1/node_modules/next/dist/server/next-server.js:741:37)
    at async Router.execute (/app/node_modules/.pnpm/next@12.3.4_react-dom@18.3.1_react@18.3.1__react@18.3.1/node_modules/next/dist/server/router.js:252:36)
    at async NextNodeServer.run (/app/node_modules/.pnpm/next@12.3.4_react-dom@18.3.1_react@18.3.1__react@18.3.1/node_modules/next/dist/server/base-server.js:365:29)
    at async NextNodeServer.handleRequest (/app/node_modules/.pnpm/next@12.3.4_react-dom@18.3.1_react@18.3.1__react@18.3.1/node_modules/next/dist/server/base-server.js:303:20)
    at async Server.<anonymous> (/app/server.js:19:5)
[2026-02-18T16:41:45.535Z] error: <dockerStatusService> TypeError: Cannot read properties of null (reading 'my-docker')
    at getDockerArguments (/app/.next/server/chunks/2045.js:44:14)
    at handler (/app/.next/server/pages/api/docker/status/[...service].js:88:96)
    at Object.apiResolver (/app/node_modules/.pnpm/next@12.3.4_react-dom@18.3.1_react@18.3.1__react@18.3.1/node_modules/next/dist/server/api-utils/node.js:366:15)
    at process.processTicksAndRejections (node:internal/process/task_queues:95:5)
    at async NextNodeServer.runApi (/app/node_modules/.pnpm/next@12.3.4_react-dom@18.3.1_react@18.3.1__react@18.3.1/node_modules/next/dist/server/next-server.js:481:9)
    at async Object.fn (/app/node_modules/.pnpm/next@12.3.4_react-dom@18.3.1_react@18.3.1__react@18.3.1/node_modules/next/dist/server/next-server.js:741:37)
    at async Router.execute (/app/node_modules/.pnpm/next@12.3.4_react-dom@18.3.1_react@18.3.1__react@18.3.1/node_modules/next/dist/server/router.js:252:36)
    at async NextNodeServer.run (/app/node_modules/.pnpm/next@12.3.4_react-dom@18.3.1_react@18.3.1__react@18.3.1/node_modules/next/dist/server/base-server.js:365:29)
    at async NextNodeServer.handleRequest (/app/node_modules/.pnpm/next@12.3.4_react-dom@18.3.1_react@18.3.1__react@18.3.1/node_modules/next/dist/server/base-server.js:303:20)
    at async Server.<anonymous> (/app/server.js:19:5)
[2026-02-18T16:41:45.561Z] error: <httpProxy> Error calling http://127.0.0.1:18789/...
[2026-02-18T16:41:45.561Z] error: <httpProxy> [
  500,
  Error: connect ECONNREFUSED 127.0.0.1:18789
      at TCPConnectWrap.afterConnect [as oncomplete] (node:net:1555:16) {
    errno: -111,
    code: 'ECONNREFUSED',
    syscall: 'connect',
    address: '127.0.0.1',
    port: 18789
  }
]
[2026-02-18T16:41:51.671Z] error: <httpProxy> Error calling http://127.0.0.1:18789/...
[2026-02-18T16:41:51.672Z] error: <httpProxy> [
  500,
  Error: connect ECONNREFUSED 127.0.0.1:18789
      at TCPConnectWrap.afterConnect [as oncomplete] (node:net:1555:16) {
    errno: -111,
    code: 'ECONNREFUSED',
    syscall: 'connect',
    address: '127.0.0.1',
    port: 18789
  }
]
[2026-02-18T16:42:01.759Z] error: <httpProxy> Error calling http://127.0.0.1:18789/...
[2026-02-18T16:42:01.762Z] error: <httpProxy> [
  500,
  Error: connect ECONNREFUSED 127.0.0.1:18789
      at TCPConnectWrap.afterConnect [as oncomplete] (node:net:1555:16) {
    errno: -111,
    code: 'ECONNREFUSED',
    syscall: 'connect',
    address: '127.0.0.1',
    port: 18789
  }
]
[2026-02-18T16:42:10.325Z] error: <dockerStatusService> TypeError: Cannot read properties of null (reading 'my-docker')
    at getDockerArguments (/app/.next/server/chunks/2045.js:44:14)
    at handler (/app/.next/server/pages/api/docker/status/[...service].js:88:96)
    at Object.apiResolver (/app/node_modules/.pnpm/next@12.3.4_react-dom@18.3.1_react@18.3.1__react@18.3.1/node_modules/next/dist/server/api-utils/node.js:366:15)
    at process.processTicksAndRejections (node:internal/process/task_queues:95:5)
    at async NextNodeServer.runApi (/app/node_modules/.pnpm/next@12.3.4_react-dom@18.3.1_react@18.3.1__react@18.3.1/node_modules/next/dist/server/next-server.js:481:9)
    at async Object.fn (/app/node_modules/.pnpm/next@12.3.4_react-dom@18.3.1_react@18.3.1__react@18.3.1/node_modules/next/dist/server/next-server.js:741:37)
    at async Router.execute (/app/node_modules/.pnpm/next@12.3.4_react-dom@18.3.1_react@18.3.1__react@18.3.1/node_modules/next/dist/server/router.js:252:36)
    at async NextNodeServer.run (/app/node_modules/.pnpm/next@12.3.4_react-dom@18.3.1_react@18.3.1__react@18.3.1/node_modules/next/dist/server/base-server.js:365:29)
    at async NextNodeServer.handleRequest (/app/node_modules/.pnpm/next@12.3.4_react-dom@18.3.1_react@18.3.1__react@18.3.1/node_modules/next/dist/server/base-server.js:303:20)
    at async Server.<anonymous> (/app/server.js:19:5)
[2026-02-18T16:42:10.331Z] error: <dockerStatusService> TypeError: Cannot read properties of null (reading 'my-docker')
    at getDockerArguments (/app/.next/server/chunks/2045.js:44:14)
    at handler (/app/.next/server/pages/api/docker/status/[...service].js:88:96)
    at Object.apiResolver (/app/node_modules/.pnpm/next@12.3.4_react-dom@18.3.1_react@18.3.1__react@18.3.1/node_modules/next/dist/server/api-utils/node.js:366:15)
    at process.processTicksAndRejections (node:internal/process/task_queues:95:5)
    at async NextNodeServer.runApi (/app/node_modules/.pnpm/next@12.3.4_react-dom@18.3.1_react@18.3.1__react@18.3.1/node_modules/next/dist/server/next-server.js:481:9)
    at async Object.fn (/app/node_modules/.pnpm/next@12.3.4_react-dom@18.3.1_react@18.3.1__react@18.3.1/node_modules/next/dist/server/next-server.js:741:37)
    at async Router.execute (/app/node_modules/.pnpm/next@12.3.4_react-dom@18.3.1_react@18.3.1__react@18.3.1/node_modules/next/dist/server/router.js:252:36)
    at async NextNodeServer.run (/app/node_modules/.pnpm/next@12.3.4_react-dom@18.3.1_react@18.3.1__react@18.3.1/node_modules/next/dist/server/base-server.js:365:29)
    at async NextNodeServer.handleRequest (/app/node_modules/.pnpm/next@12.3.4_react-dom@18.3.1_react@18.3.1__react@18.3.1/node_modules/next/dist/server/base-server.js:303:20)
    at async Server.<anonymous> (/app/server.js:19:5)
[2026-02-18T16:42:10.337Z] error: <dockerStatusService> TypeError: Cannot read properties of null (reading 'my-docker')
    at getDockerArguments (/app/.next/server/chunks/2045.js:44:14)
    at handler (/app/.next/server/pages/api/docker/status/[...service].js:88:96)
    at Object.apiResolver (/app/node_modules/.pnpm/next@12.3.4_react-dom@18.3.1_react@18.3.1__react@18.3.1/node_modules/next/dist/server/api-utils/node.js:366:15)
    at process.processTicksAndRejections (node:internal/process/task_queues:95:5)
    at async NextNodeServer.runApi (/app/node_modules/.pnpm/next@12.3.4_react-dom@18.3.1_react@18.3.1__react@18.3.1/node_modules/next/dist/server/next-server.js:481:9)
    at async Object.fn (/app/node_modules/.pnpm/next@12.3.4_react-dom@18.3.1_react@18.3.1__react@18.3.1/node_modules/next/dist/server/next-server.js:741:37)
    at async Router.execute (/app/node_modules/.pnpm/next@12.3.4_react-dom@18.3.1_react@18.3.1__react@18.3.1/node_modules/next/dist/server/router.js:252:36)
    at async NextNodeServer.run (/app/node_modules/.pnpm/next@12.3.4_react-dom@18.3.1_react@18.3.1__react@18.3.1/node_modules/next/dist/server/base-server.js:365:29)
    at async NextNodeServer.handleRequest (/app/node_modules/.pnpm/next@12.3.4_react-dom@18.3.1_react@18.3.1__react@18.3.1/node_modules/next/dist/server/base-server.js:303:20)
    at async Server.<anonymous> (/app/server.js:19:5)
[2026-02-18T16:42:10.340Z] error: <dockerStatusService> TypeError: Cannot read properties of null (reading 'my-docker')
    at getDockerArguments (/app/.next/server/chunks/2045.js:44:14)
    at handler (/app/.next/server/pages/api/docker/status/[...service].js:88:96)
    at Object.apiResolver (/app/node_modules/.pnpm/next@12.3.4_react-dom@18.3.1_react@18.3.1__react@18.3.1/node_modules/next/dist/server/api-utils/node.js:366:15)
    at process.processTicksAndRejections (node:internal/process/task_queues:95:5)
    at async NextNodeServer.runApi (/app/node_modules/.pnpm/next@12.3.4_react-dom@18.3.1_react@18.3.1__react@18.3.1/node_modules/next/dist/server/next-server.js:481:9)
    at async Object.fn (/app/node_modules/.pnpm/next@12.3.4_react-dom@18.3.1_react@18.3.1__react@18.3.1/node_modules/next/dist/server/next-server.js:741:37)
    at async Router.execute (/app/node_modules/.pnpm/next@12.3.4_react-dom@18.3.1_react@18.3.1__react@18.3.1/node_modules/next/dist/server/router.js:252:36)
    at async NextNodeServer.run (/app/node_modules/.pnpm/next@12.3.4_react-dom@18.3.1_react@18.3.1__react@18.3.1/node_modules/next/dist/server/base-server.js:365:29)
    at async NextNodeServer.handleRequest (/app/node_modules/.pnpm/next@12.3.4_react-dom@18.3.1_react@18.3.1__react@18.3.1/node_modules/next/dist/server/base-server.js:303:20)
    at async Server.<anonymous> (/app/server.js:19:5)
[2026-02-18T16:42:10.344Z] error: <dockerStatusService> TypeError: Cannot read properties of null (reading 'my-docker')
    at getDockerArguments (/app/.next/server/chunks/2045.js:44:14)
    at handler (/app/.next/server/pages/api/docker/status/[...service].js:88:96)
    at Object.apiResolver (/app/node_modules/.pnpm/next@12.3.4_react-dom@18.3.1_react@18.3.1__react@18.3.1/node_modules/next/dist/server/api-utils/node.js:366:15)
    at process.processTicksAndRejections (node:internal/process/task_queues:95:5)
    at async NextNodeServer.runApi (/app/node_modules/.pnpm/next@12.3.4_react-dom@18.3.1_react@18.3.1__react@18.3.1/node_modules/next/dist/server/next-server.js:481:9)
    at async Object.fn (/app/node_modules/.pnpm/next@12.3.4_react-dom@18.3.1_react@18.3.1__react@18.3.1/node_modules/next/dist/server/next-server.js:741:37)
    at async Router.execute (/app/node_modules/.pnpm/next@12.3.4_react-dom@18.3.1_react@18.3.1__react@18.3.1/node_modules/next/dist/server/router.js:252:36)
    at async NextNodeServer.run (/app/node_modules/.pnpm/next@12.3.4_react-dom@18.3.1_react@18.3.1__react@18.3.1/node_modules/next/dist/server/base-server.js:365:29)
    at async NextNodeServer.handleRequest (/app/node_modules/.pnpm/next@12.3.4_react-dom@18.3.1_react@18.3.1__react@18.3.1/node_modules/next/dist/server/base-server.js:303:20)
    at async Server.<anonymous> (/app/server.js:19:5)
[2026-02-18T16:42:10.347Z] error: <dockerStatusService> TypeError: Cannot read properties of null (reading 'my-docker')
    at getDockerArguments (/app/.next/server/chunks/2045.js:44:14)
    at handler (/app/.next/server/pages/api/docker/status/[...service].js:88:96)
    at Object.apiResolver (/app/node_modules/.pnpm/next@12.3.4_react-dom@18.3.1_react@18.3.1__react@18.3.1/node_modules/next/dist/server/api-utils/node.js:366:15)
    at process.processTicksAndRejections (node:internal/process/task_queues:95:5)
    at async NextNodeServer.runApi (/app/node_modules/.pnpm/next@12.3.4_react-dom@18.3.1_react@18.3.1__react@18.3.1/node_modules/next/dist/server/next-server.js:481:9)
    at async Object.fn (/app/node_modules/.pnpm/next@12.3.4_react-dom@18.3.1_react@18.3.1__react@18.3.1/node_modules/next/dist/server/next-server.js:741:37)
    at async Router.execute (/app/node_modules/.pnpm/next@12.3.4_react-dom@18.3.1_react@18.3.1__react@18.3.1/node_modules/next/dist/server/router.js:252:36)
    at async NextNodeServer.run (/app/node_modules/.pnpm/next@12.3.4_react-dom@18.3.1_react@18.3.1__react@18.3.1/node_modules/next/dist/server/base-server.js:365:29)
    at async NextNodeServer.handleRequest (/app/node_modules/.pnpm/next@12.3.4_react-dom@18.3.1_react@18.3.1__react@18.3.1/node_modules/next/dist/server/base-server.js:303:20)
    at async Server.<anonymous> (/app/server.js:19:5)
[2026-02-18T16:42:10.394Z] error: <httpProxy> Error calling http://127.0.0.1:18789/...
[2026-02-18T16:42:10.395Z] error: <httpProxy> [
  500,
  Error: connect ECONNREFUSED 127.0.0.1:18789
      at TCPConnectWrap.afterConnect [as oncomplete] (node:net:1555:16) {
    errno: -111,
    code: 'ECONNREFUSED',
    syscall: 'connect',
    address: '127.0.0.1',
    port: 18789
  }
]
[2026-02-18T16:42:21.847Z] error: <httpProxy> Error calling http://127.0.0.1:18789/...
[2026-02-18T16:42:21.848Z] error: <httpProxy> [
  500,
  Error: connect ECONNREFUSED 127.0.0.1:18789
      at TCPConnectWrap.afterConnect [as oncomplete] (node:net:1555:16) {
    errno: -111,
    code: 'ECONNREFUSED',
    syscall: 'connect',
    address: '127.0.0.1',
    port: 18789
  }
]
[2026-02-18T16:42:23.829Z] error: <dockerStatusService> TypeError: Cannot read properties of null (reading 'my-docker')
    at getDockerArguments (/app/.next/server/chunks/2045.js:44:14)
    at handler (/app/.next/server/pages/api/docker/status/[...service].js:88:96)
    at Object.apiResolver (/app/node_modules/.pnpm/next@12.3.4_react-dom@18.3.1_react@18.3.1__react@18.3.1/node_modules/next/dist/server/api-utils/node.js:366:15)
    at process.processTicksAndRejections (node:internal/process/task_queues:95:5)
    at async NextNodeServer.runApi (/app/node_modules/.pnpm/next@12.3.4_react-dom@18.3.1_react@18.3.1__react@18.3.1/node_modules/next/dist/server/next-server.js:481:9)
    at async Object.fn (/app/node_modules/.pnpm/next@12.3.4_react-dom@18.3.1_react@18.3.1__react@18.3.1/node_modules/next/dist/server/next-server.js:741:37)
    at async Router.execute (/app/node_modules/.pnpm/next@12.3.4_react-dom@18.3.1_react@18.3.1__react@18.3.1/node_modules/next/dist/server/router.js:252:36)
    at async NextNodeServer.run (/app/node_modules/.pnpm/next@12.3.4_react-dom@18.3.1_react@18.3.1__react@18.3.1/node_modules/next/dist/server/base-server.js:365:29)
    at async NextNodeServer.handleRequest (/app/node_modules/.pnpm/next@12.3.4_react-dom@18.3.1_react@18.3.1__react@18.3.1/node_modules/next/dist/server/base-server.js:303:20)
    at async Server.<anonymous> (/app/server.js:19:5)
[2026-02-18T16:42:23.833Z] error: <dockerStatusService> TypeError: Cannot read properties of null (reading 'my-docker')
    at getDockerArguments (/app/.next/server/chunks/2045.js:44:14)
    at handler (/app/.next/server/pages/api/docker/status/[...service].js:88:96)
    at Object.apiResolver (/app/node_modules/.pnpm/next@12.3.4_react-dom@18.3.1_react@18.3.1__react@18.3.1/node_modules/next/dist/server/api-utils/node.js:366:15)
    at process.processTicksAndRejections (node:internal/process/task_queues:95:5)
    at async NextNodeServer.runApi (/app/node_modules/.pnpm/next@12.3.4_react-dom@18.3.1_react@18.3.1__react@18.3.1/node_modules/next/dist/server/next-server.js:481:9)
    at async Object.fn (/app/node_modules/.pnpm/next@12.3.4_react-dom@18.3.1_react@18.3.1__react@18.3.1/node_modules/next/dist/server/next-server.js:741:37)
    at async Router.execute (/app/node_modules/.pnpm/next@12.3.4_react-dom@18.3.1_react@18.3.1__react@18.3.1/node_modules/next/dist/server/router.js:252:36)
    at async NextNodeServer.run (/app/node_modules/.pnpm/next@12.3.4_react-dom@18.3.1_react@18.3.1__react@18.3.1/node_modules/next/dist/server/base-server.js:365:29)
    at async NextNodeServer.handleRequest (/app/node_modules/.pnpm/next@12.3.4_react-dom@18.3.1_react@18.3.1__react@18.3.1/node_modules/next/dist/server/base-server.js:303:20)
    at async Server.<anonymous> (/app/server.js:19:5)
[2026-02-18T16:42:23.837Z] error: <dockerStatusService> TypeError: Cannot read properties of null (reading 'my-docker')
    at getDockerArguments (/app/.next/server/chunks/2045.js:44:14)
    at handler (/app/.next/server/pages/api/docker/status/[...service].js:88:96)
    at Object.apiResolver (/app/node_modules/.pnpm/next@12.3.4_react-dom@18.3.1_react@18.3.1__react@18.3.1/node_modules/next/dist/server/api-utils/node.js:366:15)
    at process.processTicksAndRejections (node:internal/process/task_queues:95:5)
    at async NextNodeServer.runApi (/app/node_modules/.pnpm/next@12.3.4_react-dom@18.3.1_react@18.3.1__react@18.3.1/node_modules/next/dist/server/next-server.js:481:9)
    at async Object.fn (/app/node_modules/.pnpm/next@12.3.4_react-dom@18.3.1_react@18.3.1__react@18.3.1/node_modules/next/dist/server/next-server.js:741:37)
    at async Router.execute (/app/node_modules/.pnpm/next@12.3.4_react-dom@18.3.1_react@18.3.1__react@18.3.1/node_modules/next/dist/server/router.js:252:36)
    at async NextNodeServer.run (/app/node_modules/.pnpm/next@12.3.4_react-dom@18.3.1_react@18.3.1__react@18.3.1/node_modules/next/dist/server/base-server.js:365:29)
    at async NextNodeServer.handleRequest (/app/node_modules/.pnpm/next@12.3.4_react-dom@18.3.1_react@18.3.1__react@18.3.1/node_modules/next/dist/server/base-server.js:303:20)
    at async Server.<anonymous> (/app/server.js:19:5)
[2026-02-18T16:42:23.840Z] error: <dockerStatusService> TypeError: Cannot read properties of null (reading 'my-docker')
    at getDockerArguments (/app/.next/server/chunks/2045.js:44:14)
    at handler (/app/.next/server/pages/api/docker/status/[...service].js:88:96)
    at Object.apiResolver (/app/node_modules/.pnpm/next@12.3.4_react-dom@18.3.1_react@18.3.1__react@18.3.1/node_modules/next/dist/server/api-utils/node.js:366:15)
    at process.processTicksAndRejections (node:internal/process/task_queues:95:5)
    at async NextNodeServer.runApi (/app/node_modules/.pnpm/next@12.3.4_react-dom@18.3.1_react@18.3.1__react@18.3.1/node_modules/next/dist/server/next-server.js:481:9)
    at async Object.fn (/app/node_modules/.pnpm/next@12.3.4_react-dom@18.3.1_react@18.3.1__react@18.3.1/node_modules/next/dist/server/next-server.js:741:37)
    at async Router.execute (/app/node_modules/.pnpm/next@12.3.4_react-dom@18.3.1_react@18.3.1__react@18.3.1/node_modules/next/dist/server/router.js:252:36)
    at async NextNodeServer.run (/app/node_modules/.pnpm/next@12.3.4_react-dom@18.3.1_react@18.3.1__react@18.3.1/node_modules/next/dist/server/base-server.js:365:29)
    at async NextNodeServer.handleRequest (/app/node_modules/.pnpm/next@12.3.4_react-dom@18.3.1_react@18.3.1__react@18.3.1/node_modules/next/dist/server/base-server.js:303:20)
    at async Server.<anonymous> (/app/server.js:19:5)
[2026-02-18T16:42:23.844Z] error: <dockerStatusService> TypeError: Cannot read properties of null (reading 'my-docker')
    at getDockerArguments (/app/.next/server/chunks/2045.js:44:14)
    at handler (/app/.next/server/pages/api/docker/status/[...service].js:88:96)
    at Object.apiResolver (/app/node_modules/.pnpm/next@12.3.4_react-dom@18.3.1_react@18.3.1__react@18.3.1/node_modules/next/dist/server/api-utils/node.js:366:15)
    at process.processTicksAndRejections (node:internal/process/task_queues:95:5)
    at async NextNodeServer.runApi (/app/node_modules/.pnpm/next@12.3.4_react-dom@18.3.1_react@18.3.1__react@18.3.1/node_modules/next/dist/server/next-server.js:481:9)
    at async Object.fn (/app/node_modules/.pnpm/next@12.3.4_react-dom@18.3.1_react@18.3.1__react@18.3.1/node_modules/next/dist/server/next-server.js:741:37)
    at async Router.execute (/app/node_modules/.pnpm/next@12.3.4_react-dom@18.3.1_react@18.3.1__react@18.3.1/node_modules/next/dist/server/router.js:252:36)
    at async NextNodeServer.run (/app/node_modules/.pnpm/next@12.3.4_react-dom@18.3.1_react@18.3.1__react@18.3.1/node_modules/next/dist/server/base-server.js:365:29)
    at async NextNodeServer.handleRequest (/app/node_modules/.pnpm/next@12.3.4_react-dom@18.3.1_react@18.3.1__react@18.3.1/node_modules/next/dist/server/base-server.js:303:20)
    at async Server.<anonymous> (/app/server.js:19:5)
[2026-02-18T16:42:23.853Z] error: <dockerStatusService> TypeError: Cannot read properties of null (reading 'my-docker')
    at getDockerArguments (/app/.next/server/chunks/2045.js:44:14)
    at handler (/app/.next/server/pages/api/docker/status/[...service].js:88:96)
    at Object.apiResolver (/app/node_modules/.pnpm/next@12.3.4_react-dom@18.3.1_react@18.3.1__react@18.3.1/node_modules/next/dist/server/api-utils/node.js:366:15)
    at process.processTicksAndRejections (node:internal/process/task_queues:95:5)
    at async NextNodeServer.runApi (/app/node_modules/.pnpm/next@12.3.4_react-dom@18.3.1_react@18.3.1__react@18.3.1/node_modules/next/dist/server/next-server.js:481:9)
    at async Object.fn (/app/node_modules/.pnpm/next@12.3.4_react-dom@18.3.1_react@18.3.1__react@18.3.1/node_modules/next/dist/server/next-server.js:741:37)
    at async Router.execute (/app/node_modules/.pnpm/next@12.3.4_react-dom@18.3.1_react@18.3.1__react@18.3.1/node_modules/next/dist/server/router.js:252:36)
    at async NextNodeServer.run (/app/node_modules/.pnpm/next@12.3.4_react-dom@18.3.1_react@18.3.1__react@18.3.1/node_modules/next/dist/server/base-server.js:365:29)
    at async NextNodeServer.handleRequest (/app/node_modules/.pnpm/next@12.3.4_react-dom@18.3.1_react@18.3.1__react@18.3.1/node_modules/next/dist/server/base-server.js:303:20)
    at async Server.<anonymous> (/app/server.js:19:5)
[2026-02-18T22:51:41.383Z] error: <dockerStatusService> TypeError: Cannot read properties of null (reading 'my-docker')
    at getDockerArguments (/app/.next/server/chunks/2045.js:44:14)
    at handler (/app/.next/server/pages/api/docker/status/[...service].js:88:96)
    at Object.apiResolver (/app/node_modules/.pnpm/next@12.3.4_react-dom@18.3.1_react@18.3.1__react@18.3.1/node_modules/next/dist/server/api-utils/node.js:366:15)
    at process.processTicksAndRejections (node:internal/process/task_queues:95:5)
    at async NextNodeServer.runApi (/app/node_modules/.pnpm/next@12.3.4_react-dom@18.3.1_react@18.3.1__react@18.3.1/node_modules/next/dist/server/next-server.js:481:9)
    at async Object.fn (/app/node_modules/.pnpm/next@12.3.4_react-dom@18.3.1_react@18.3.1__react@18.3.1/node_modules/next/dist/server/next-server.js:741:37)
    at async Router.execute (/app/node_modules/.pnpm/next@12.3.4_react-dom@18.3.1_react@18.3.1__react@18.3.1/node_modules/next/dist/server/router.js:252:36)
    at async NextNodeServer.run (/app/node_modules/.pnpm/next@12.3.4_react-dom@18.3.1_react@18.3.1__react@18.3.1/node_modules/next/dist/server/base-server.js:365:29)
    at async NextNodeServer.handleRequest (/app/node_modules/.pnpm/next@12.3.4_react-dom@18.3.1_react@18.3.1__react@18.3.1/node_modules/next/dist/server/base-server.js:303:20)
    at async Server.<anonymous> (/app/server.js:19:5)
[2026-02-18T22:51:41.410Z] error: <dockerStatusService> TypeError: Cannot read properties of null (reading 'my-docker')
    at getDockerArguments (/app/.next/server/chunks/2045.js:44:14)
    at handler (/app/.next/server/pages/api/docker/status/[...service].js:88:96)
    at Object.apiResolver (/app/node_modules/.pnpm/next@12.3.4_react-dom@18.3.1_react@18.3.1__react@18.3.1/node_modules/next/dist/server/api-utils/node.js:366:15)
    at process.processTicksAndRejections (node:internal/process/task_queues:95:5)
    at async NextNodeServer.runApi (/app/node_modules/.pnpm/next@12.3.4_react-dom@18.3.1_react@18.3.1__react@18.3.1/node_modules/next/dist/server/next-server.js:481:9)
    at async Object.fn (/app/node_modules/.pnpm/next@12.3.4_react-dom@18.3.1_react@18.3.1__react@18.3.1/node_modules/next/dist/server/next-server.js:741:37)
    at async Router.execute (/app/node_modules/.pnpm/next@12.3.4_react-dom@18.3.1_react@18.3.1__react@18.3.1/node_modules/next/dist/server/router.js:252:36)
    at async NextNodeServer.run (/app/node_modules/.pnpm/next@12.3.4_react-dom@18.3.1_react@18.3.1__react@18.3.1/node_modules/next/dist/server/base-server.js:365:29)
    at async NextNodeServer.handleRequest (/app/node_modules/.pnpm/next@12.3.4_react-dom@18.3.1_react@18.3.1__react@18.3.1/node_modules/next/dist/server/base-server.js:303:20)
    at async Server.<anonymous> (/app/server.js:19:5)
[2026-02-18T22:51:41.419Z] error: <dockerStatusService> TypeError: Cannot read properties of null (reading 'my-docker')
    at getDockerArguments (/app/.next/server/chunks/2045.js:44:14)
    at handler (/app/.next/server/pages/api/docker/status/[...service].js:88:96)
    at Object.apiResolver (/app/node_modules/.pnpm/next@12.3.4_react-dom@18.3.1_react@18.3.1__react@18.3.1/node_modules/next/dist/server/api-utils/node.js:366:15)
    at process.processTicksAndRejections (node:internal/process/task_queues:95:5)
    at async NextNodeServer.runApi (/app/node_modules/.pnpm/next@12.3.4_react-dom@18.3.1_react@18.3.1__react@18.3.1/node_modules/next/dist/server/next-server.js:481:9)
    at async Object.fn (/app/node_modules/.pnpm/next@12.3.4_react-dom@18.3.1_react@18.3.1__react@18.3.1/node_modules/next/dist/server/next-server.js:741:37)
    at async Router.execute (/app/node_modules/.pnpm/next@12.3.4_react-dom@18.3.1_react@18.3.1__react@18.3.1/node_modules/next/dist/server/router.js:252:36)
    at async NextNodeServer.run (/app/node_modules/.pnpm/next@12.3.4_react-dom@18.3.1_react@18.3.1__react@18.3.1/node_modules/next/dist/server/base-server.js:365:29)
    at async NextNodeServer.handleRequest (/app/node_modules/.pnpm/next@12.3.4_react-dom@18.3.1_react@18.3.1__react@18.3.1/node_modules/next/dist/server/base-server.js:303:20)
    at async Server.<anonymous> (/app/server.js:19:5)
[2026-02-18T22:51:41.422Z] error: <dockerStatusService> TypeError: Cannot read properties of null (reading 'my-docker')
    at getDockerArguments (/app/.next/server/chunks/2045.js:44:14)
    at handler (/app/.next/server/pages/api/docker/status/[...service].js:88:96)
    at Object.apiResolver (/app/node_modules/.pnpm/next@12.3.4_react-dom@18.3.1_react@18.3.1__react@18.3.1/node_modules/next/dist/server/api-utils/node.js:366:15)
    at process.processTicksAndRejections (node:internal/process/task_queues:95:5)
    at async NextNodeServer.runApi (/app/node_modules/.pnpm/next@12.3.4_react-dom@18.3.1_react@18.3.1__react@18.3.1/node_modules/next/dist/server/next-server.js:481:9)
    at async Object.fn (/app/node_modules/.pnpm/next@12.3.4_react-dom@18.3.1_react@18.3.1__react@18.3.1/node_modules/next/dist/server/next-server.js:741:37)
    at async Router.execute (/app/node_modules/.pnpm/next@12.3.4_react-dom@18.3.1_react@18.3.1__react@18.3.1/node_modules/next/dist/server/router.js:252:36)
    at async NextNodeServer.run (/app/node_modules/.pnpm/next@12.3.4_react-dom@18.3.1_react@18.3.1__react@18.3.1/node_modules/next/dist/server/base-server.js:365:29)
    at async NextNodeServer.handleRequest (/app/node_modules/.pnpm/next@12.3.4_react-dom@18.3.1_react@18.3.1__react@18.3.1/node_modules/next/dist/server/base-server.js:303:20)
    at async Server.<anonymous> (/app/server.js:19:5)
[2026-02-18T22:51:41.425Z] error: <dockerStatusService> TypeError: Cannot read properties of null (reading 'my-docker')
    at getDockerArguments (/app/.next/server/chunks/2045.js:44:14)
    at handler (/app/.next/server/pages/api/docker/status/[...service].js:88:96)
    at Object.apiResolver (/app/node_modules/.pnpm/next@12.3.4_react-dom@18.3.1_react@18.3.1__react@18.3.1/node_modules/next/dist/server/api-utils/node.js:366:15)
    at process.processTicksAndRejections (node:internal/process/task_queues:95:5)
    at async NextNodeServer.runApi (/app/node_modules/.pnpm/next@12.3.4_react-dom@18.3.1_react@18.3.1__react@18.3.1/node_modules/next/dist/server/next-server.js:481:9)
    at async Object.fn (/app/node_modules/.pnpm/next@12.3.4_react-dom@18.3.1_react@18.3.1__react@18.3.1/node_modules/next/dist/server/next-server.js:741:37)
    at async Router.execute (/app/node_modules/.pnpm/next@12.3.4_react-dom@18.3.1_react@18.3.1__react@18.3.1/node_modules/next/dist/server/router.js:252:36)
    at async NextNodeServer.run (/app/node_modules/.pnpm/next@12.3.4_react-dom@18.3.1_react@18.3.1__react@18.3.1/node_modules/next/dist/server/base-server.js:365:29)
    at async NextNodeServer.handleRequest (/app/node_modules/.pnpm/next@12.3.4_react-dom@18.3.1_react@18.3.1__react@18.3.1/node_modules/next/dist/server/base-server.js:303:20)
    at async Server.<anonymous> (/app/server.js:19:5)
[2026-02-18T22:51:41.429Z] error: <dockerStatusService> TypeError: Cannot read properties of null (reading 'my-docker')
    at getDockerArguments (/app/.next/server/chunks/2045.js:44:14)
    at handler (/app/.next/server/pages/api/docker/status/[...service].js:88:96)
    at Object.apiResolver (/app/node_modules/.pnpm/next@12.3.4_react-dom@18.3.1_react@18.3.1__react@18.3.1/node_modules/next/dist/server/api-utils/node.js:366:15)
    at process.processTicksAndRejections (node:internal/process/task_queues:95:5)
    at async NextNodeServer.runApi (/app/node_modules/.pnpm/next@12.3.4_react-dom@18.3.1_react@18.3.1__react@18.3.1/node_modules/next/dist/server/next-server.js:481:9)
    at async Object.fn (/app/node_modules/.pnpm/next@12.3.4_react-dom@18.3.1_react@18.3.1__react@18.3.1/node_modules/next/dist/server/next-server.js:741:37)
    at async Router.execute (/app/node_modules/.pnpm/next@12.3.4_react-dom@18.3.1_react@18.3.1__react@18.3.1/node_modules/next/dist/server/router.js:252:36)
    at async NextNodeServer.run (/app/node_modules/.pnpm/next@12.3.4_react-dom@18.3.1_react@18.3.1__react@18.3.1/node_modules/next/dist/server/base-server.js:365:29)
    at async NextNodeServer.handleRequest (/app/node_modules/.pnpm/next@12.3.4_react-dom@18.3.1_react@18.3.1__react@18.3.1/node_modules/next/dist/server/base-server.js:303:20)
    at async Server.<anonymous> (/app/server.js:19:5)
[2026-02-18T22:51:41.527Z] error: <httpProxy> Error calling http://127.0.0.1:18789/...
[2026-02-18T22:51:41.528Z] error: <httpProxy> [
  500,
  Error: connect ECONNREFUSED 127.0.0.1:18789
      at TCPConnectWrap.afterConnect [as oncomplete] (node:net:1555:16) {
    errno: -111,
    code: 'ECONNREFUSED',
    syscall: 'connect',
    address: '127.0.0.1',
    port: 18789
  }
]
[2026-02-18T22:51:41.878Z] error: <dockerStatusService> TypeError: Cannot read properties of null (reading 'my-docker')
    at getDockerArguments (/app/.next/server/chunks/2045.js:44:14)
    at handler (/app/.next/server/pages/api/docker/status/[...service].js:88:96)
    at Object.apiResolver (/app/node_modules/.pnpm/next@12.3.4_react-dom@18.3.1_react@18.3.1__react@18.3.1/node_modules/next/dist/server/api-utils/node.js:366:15)
    at process.processTicksAndRejections (node:internal/process/task_queues:95:5)
    at async NextNodeServer.runApi (/app/node_modules/.pnpm/next@12.3.4_react-dom@18.3.1_react@18.3.1__react@18.3.1/node_modules/next/dist/server/next-server.js:481:9)
    at async Object.fn (/app/node_modules/.pnpm/next@12.3.4_react-dom@18.3.1_react@18.3.1__react@18.3.1/node_modules/next/dist/server/next-server.js:741:37)
    at async Router.execute (/app/node_modules/.pnpm/next@12.3.4_react-dom@18.3.1_react@18.3.1__react@18.3.1/node_modules/next/dist/server/router.js:252:36)
    at async NextNodeServer.run (/app/node_modules/.pnpm/next@12.3.4_react-dom@18.3.1_react@18.3.1__react@18.3.1/node_modules/next/dist/server/base-server.js:365:29)
    at async NextNodeServer.handleRequest (/app/node_modules/.pnpm/next@12.3.4_react-dom@18.3.1_react@18.3.1__react@18.3.1/node_modules/next/dist/server/base-server.js:303:20)
    at async Server.<anonymous> (/app/server.js:19:5)
[2026-02-18T22:51:41.881Z] error: <dockerStatusService> TypeError: Cannot read properties of null (reading 'my-docker')
    at getDockerArguments (/app/.next/server/chunks/2045.js:44:14)
    at handler (/app/.next/server/pages/api/docker/status/[...service].js:88:96)
    at Object.apiResolver (/app/node_modules/.pnpm/next@12.3.4_react-dom@18.3.1_react@18.3.1__react@18.3.1/node_modules/next/dist/server/api-utils/node.js:366:15)
    at process.processTicksAndRejections (node:internal/process/task_queues:95:5)
    at async NextNodeServer.runApi (/app/node_modules/.pnpm/next@12.3.4_react-dom@18.3.1_react@18.3.1__react@18.3.1/node_modules/next/dist/server/next-server.js:481:9)
    at async Object.fn (/app/node_modules/.pnpm/next@12.3.4_react-dom@18.3.1_react@18.3.1__react@18.3.1/node_modules/next/dist/server/next-server.js:741:37)
    at async Router.execute (/app/node_modules/.pnpm/next@12.3.4_react-dom@18.3.1_react@18.3.1__react@18.3.1/node_modules/next/dist/server/router.js:252:36)
    at async NextNodeServer.run (/app/node_modules/.pnpm/next@12.3.4_react-dom@18.3.1_react@18.3.1__react@18.3.1/node_modules/next/dist/server/base-server.js:365:29)
    at async NextNodeServer.handleRequest (/app/node_modules/.pnpm/next@12.3.4_react-dom@18.3.1_react@18.3.1__react@18.3.1/node_modules/next/dist/server/base-server.js:303:20)
    at async Server.<anonymous> (/app/server.js:19:5)
[2026-02-18T22:51:41.884Z] error: <dockerStatusService> TypeError: Cannot read properties of null (reading 'my-docker')
    at getDockerArguments (/app/.next/server/chunks/2045.js:44:14)
    at handler (/app/.next/server/pages/api/docker/status/[...service].js:88:96)
    at Object.apiResolver (/app/node_modules/.pnpm/next@12.3.4_react-dom@18.3.1_react@18.3.1__react@18.3.1/node_modules/next/dist/server/api-utils/node.js:366:15)
    at process.processTicksAndRejections (node:internal/process/task_queues:95:5)
    at async NextNodeServer.runApi (/app/node_modules/.pnpm/next@12.3.4_react-dom@18.3.1_react@18.3.1__react@18.3.1/node_modules/next/dist/server/next-server.js:481:9)
    at async Object.fn (/app/node_modules/.pnpm/next@12.3.4_react-dom@18.3.1_react@18.3.1__react@18.3.1/node_modules/next/dist/server/next-server.js:741:37)
    at async Router.execute (/app/node_modules/.pnpm/next@12.3.4_react-dom@18.3.1_react@18.3.1__react@18.3.1/node_modules/next/dist/server/router.js:252:36)
    at async NextNodeServer.run (/app/node_modules/.pnpm/next@12.3.4_react-dom@18.3.1_react@18.3.1__react@18.3.1/node_modules/next/dist/server/base-server.js:365:29)
    at async NextNodeServer.handleRequest (/app/node_modules/.pnpm/next@12.3.4_react-dom@18.3.1_react@18.3.1__react@18.3.1/node_modules/next/dist/server/base-server.js:303:20)
    at async Server.<anonymous> (/app/server.js:19:5)
[2026-02-18T22:51:41.887Z] error: <dockerStatusService> TypeError: Cannot read properties of null (reading 'my-docker')
    at getDockerArguments (/app/.next/server/chunks/2045.js:44:14)
    at handler (/app/.next/server/pages/api/docker/status/[...service].js:88:96)
    at Object.apiResolver (/app/node_modules/.pnpm/next@12.3.4_react-dom@18.3.1_react@18.3.1__react@18.3.1/node_modules/next/dist/server/api-utils/node.js:366:15)
    at process.processTicksAndRejections (node:internal/process/task_queues:95:5)
    at async NextNodeServer.runApi (/app/node_modules/.pnpm/next@12.3.4_react-dom@18.3.1_react@18.3.1__react@18.3.1/node_modules/next/dist/server/next-server.js:481:9)
    at async Object.fn (/app/node_modules/.pnpm/next@12.3.4_react-dom@18.3.1_react@18.3.1__react@18.3.1/node_modules/next/dist/server/next-server.js:741:37)
    at async Router.execute (/app/node_modules/.pnpm/next@12.3.4_react-dom@18.3.1_react@18.3.1__react@18.3.1/node_modules/next/dist/server/router.js:252:36)
    at async NextNodeServer.run (/app/node_modules/.pnpm/next@12.3.4_react-dom@18.3.1_react@18.3.1__react@18.3.1/node_modules/next/dist/server/base-server.js:365:29)
    at async NextNodeServer.handleRequest (/app/node_modules/.pnpm/next@12.3.4_react-dom@18.3.1_react@18.3.1__react@18.3.1/node_modules/next/dist/server/base-server.js:303:20)
    at async Server.<anonymous> (/app/server.js:19:5)
[2026-02-18T22:51:41.890Z] error: <dockerStatusService> TypeError: Cannot read properties of null (reading 'my-docker')
    at getDockerArguments (/app/.next/server/chunks/2045.js:44:14)
    at handler (/app/.next/server/pages/api/docker/status/[...service].js:88:96)
    at Object.apiResolver (/app/node_modules/.pnpm/next@12.3.4_react-dom@18.3.1_react@18.3.1__react@18.3.1/node_modules/next/dist/server/api-utils/node.js:366:15)
    at process.processTicksAndRejections (node:internal/process/task_queues:95:5)
    at async NextNodeServer.runApi (/app/node_modules/.pnpm/next@12.3.4_react-dom@18.3.1_react@18.3.1__react@18.3.1/node_modules/next/dist/server/next-server.js:481:9)
    at async Object.fn (/app/node_modules/.pnpm/next@12.3.4_react-dom@18.3.1_react@18.3.1__react@18.3.1/node_modules/next/dist/server/next-server.js:741:37)
    at async Router.execute (/app/node_modules/.pnpm/next@12.3.4_react-dom@18.3.1_react@18.3.1__react@18.3.1/node_modules/next/dist/server/router.js:252:36)
    at async NextNodeServer.run (/app/node_modules/.pnpm/next@12.3.4_react-dom@18.3.1_react@18.3.1__react@18.3.1/node_modules/next/dist/server/base-server.js:365:29)
    at async NextNodeServer.handleRequest (/app/node_modules/.pnpm/next@12.3.4_react-dom@18.3.1_react@18.3.1__react@18.3.1/node_modules/next/dist/server/base-server.js:303:20)
    at async Server.<anonymous> (/app/server.js:19:5)
[2026-02-18T22:51:41.894Z] error: <dockerStatusService> TypeError: Cannot read properties of null (reading 'my-docker')
    at getDockerArguments (/app/.next/server/chunks/2045.js:44:14)
    at handler (/app/.next/server/pages/api/docker/status/[...service].js:88:96)
    at Object.apiResolver (/app/node_modules/.pnpm/next@12.3.4_react-dom@18.3.1_react@18.3.1__react@18.3.1/node_modules/next/dist/server/api-utils/node.js:366:15)
    at process.processTicksAndRejections (node:internal/process/task_queues:95:5)
    at async NextNodeServer.runApi (/app/node_modules/.pnpm/next@12.3.4_react-dom@18.3.1_react@18.3.1__react@18.3.1/node_modules/next/dist/server/next-server.js:481:9)
    at async Object.fn (/app/node_modules/.pnpm/next@12.3.4_react-dom@18.3.1_react@18.3.1__react@18.3.1/node_modules/next/dist/server/next-server.js:741:37)
    at async Router.execute (/app/node_modules/.pnpm/next@12.3.4_react-dom@18.3.1_react@18.3.1__react@18.3.1/node_modules/next/dist/server/router.js:252:36)
    at async NextNodeServer.run (/app/node_modules/.pnpm/next@12.3.4_react-dom@18.3.1_react@18.3.1__react@18.3.1/node_modules/next/dist/server/base-server.js:365:29)
    at async NextNodeServer.handleRequest (/app/node_modules/.pnpm/next@12.3.4_react-dom@18.3.1_react@18.3.1__react@18.3.1/node_modules/next/dist/server/base-server.js:303:20)
    at async Server.<anonymous> (/app/server.js:19:5)
[2026-02-18T22:51:41.897Z] error: <dockerStatusService> TypeError: Cannot read properties of null (reading 'my-docker')
    at getDockerArguments (/app/.next/server/chunks/2045.js:44:14)
    at handler (/app/.next/server/pages/api/docker/status/[...service].js:88:96)
    at Object.apiResolver (/app/node_modules/.pnpm/next@12.3.4_react-dom@18.3.1_react@18.3.1__react@18.3.1/node_modules/next/dist/server/api-utils/node.js:366:15)
    at process.processTicksAndRejections (node:internal/process/task_queues:95:5)
    at async NextNodeServer.runApi (/app/node_modules/.pnpm/next@12.3.4_react-dom@18.3.1_react@18.3.1__react@18.3.1/node_modules/next/dist/server/next-server.js:481:9)
    at async Object.fn (/app/node_modules/.pnpm/next@12.3.4_react-dom@18.3.1_react@18.3.1__react@18.3.1/node_modules/next/dist/server/next-server.js:741:37)
    at async Router.execute (/app/node_modules/.pnpm/next@12.3.4_react-dom@18.3.1_react@18.3.1__react@18.3.1/node_modules/next/dist/server/router.js:252:36)
    at async NextNodeServer.run (/app/node_modules/.pnpm/next@12.3.4_react-dom@18.3.1_react@18.3.1__react@18.3.1/node_modules/next/dist/server/base-server.js:365:29)
    at async NextNodeServer.handleRequest (/app/node_modules/.pnpm/next@12.3.4_react-dom@18.3.1_react@18.3.1__react@18.3.1/node_modules/next/dist/server/base-server.js:303:20)
    at async Server.<anonymous> (/app/server.js:19:5)
[2026-02-18T22:51:41.913Z] error: <httpProxy> Error calling http://127.0.0.1:18789/...
[2026-02-18T22:51:41.913Z] error: <httpProxy> [
  500,
  Error: connect ECONNREFUSED 127.0.0.1:18789
      at TCPConnectWrap.afterConnect [as oncomplete] (node:net:1555:16) {
    errno: -111,
    code: 'ECONNREFUSED',
    syscall: 'connect',
    address: '127.0.0.1',
    port: 18789
  }
]
[2026-02-18T22:51:48.457Z] error: <dockerStatusService> TypeError: Cannot read properties of null (reading 'my-docker')
    at getDockerArguments (/app/.next/server/chunks/2045.js:44:14)
    at handler (/app/.next/server/pages/api/docker/status/[...service].js:88:96)
    at Object.apiResolver (/app/node_modules/.pnpm/next@12.3.4_react-dom@18.3.1_react@18.3.1__react@18.3.1/node_modules/next/dist/server/api-utils/node.js:366:15)
    at process.processTicksAndRejections (node:internal/process/task_queues:95:5)
    at async NextNodeServer.runApi (/app/node_modules/.pnpm/next@12.3.4_react-dom@18.3.1_react@18.3.1__react@18.3.1/node_modules/next/dist/server/next-server.js:481:9)
    at async Object.fn (/app/node_modules/.pnpm/next@12.3.4_react-dom@18.3.1_react@18.3.1__react@18.3.1/node_modules/next/dist/server/next-server.js:741:37)
    at async Router.execute (/app/node_modules/.pnpm/next@12.3.4_react-dom@18.3.1_react@18.3.1__react@18.3.1/node_modules/next/dist/server/router.js:252:36)
    at async NextNodeServer.run (/app/node_modules/.pnpm/next@12.3.4_react-dom@18.3.1_react@18.3.1__react@18.3.1/node_modules/next/dist/server/base-server.js:365:29)
    at async NextNodeServer.handleRequest (/app/node_modules/.pnpm/next@12.3.4_react-dom@18.3.1_react@18.3.1__react@18.3.1/node_modules/next/dist/server/base-server.js:303:20)
    at async Server.<anonymous> (/app/server.js:19:5)
[2026-02-18T22:51:48.501Z] error: <dockerStatusService> TypeError: Cannot read properties of null (reading 'my-docker')
    at getDockerArguments (/app/.next/server/chunks/2045.js:44:14)
    at handler (/app/.next/server/pages/api/docker/status/[...service].js:88:96)
    at Object.apiResolver (/app/node_modules/.pnpm/next@12.3.4_react-dom@18.3.1_react@18.3.1__react@18.3.1/node_modules/next/dist/server/api-utils/node.js:366:15)
    at process.processTicksAndRejections (node:internal/process/task_queues:95:5)
    at async NextNodeServer.runApi (/app/node_modules/.pnpm/next@12.3.4_react-dom@18.3.1_react@18.3.1__react@18.3.1/node_modules/next/dist/server/next-server.js:481:9)
    at async Object.fn (/app/node_modules/.pnpm/next@12.3.4_react-dom@18.3.1_react@18.3.1__react@18.3.1/node_modules/next/dist/server/next-server.js:741:37)
    at async Router.execute (/app/node_modules/.pnpm/next@12.3.4_react-dom@18.3.1_react@18.3.1__react@18.3.1/node_modules/next/dist/server/router.js:252:36)
    at async NextNodeServer.run (/app/node_modules/.pnpm/next@12.3.4_react-dom@18.3.1_react@18.3.1__react@18.3.1/node_modules/next/dist/server/base-server.js:365:29)
    at async NextNodeServer.handleRequest (/app/node_modules/.pnpm/next@12.3.4_react-dom@18.3.1_react@18.3.1__react@18.3.1/node_modules/next/dist/server/base-server.js:303:20)
    at async Server.<anonymous> (/app/server.js:19:5)
[2026-02-18T22:51:48.510Z] error: <dockerStatusService> TypeError: Cannot read properties of null (reading 'my-docker')
    at getDockerArguments (/app/.next/server/chunks/2045.js:44:14)
    at handler (/app/.next/server/pages/api/docker/status/[...service].js:88:96)
    at Object.apiResolver (/app/node_modules/.pnpm/next@12.3.4_react-dom@18.3.1_react@18.3.1__react@18.3.1/node_modules/next/dist/server/api-utils/node.js:366:15)
    at process.processTicksAndRejections (node:internal/process/task_queues:95:5)
    at async NextNodeServer.runApi (/app/node_modules/.pnpm/next@12.3.4_react-dom@18.3.1_react@18.3.1__react@18.3.1/node_modules/next/dist/server/next-server.js:481:9)
    at async Object.fn (/app/node_modules/.pnpm/next@12.3.4_react-dom@18.3.1_react@18.3.1__react@18.3.1/node_modules/next/dist/server/next-server.js:741:37)
    at async Router.execute (/app/node_modules/.pnpm/next@12.3.4_react-dom@18.3.1_react@18.3.1__react@18.3.1/node_modules/next/dist/server/router.js:252:36)
    at async NextNodeServer.run (/app/node_modules/.pnpm/next@12.3.4_react-dom@18.3.1_react@18.3.1__react@18.3.1/node_modules/next/dist/server/base-server.js:365:29)
    at async NextNodeServer.handleRequest (/app/node_modules/.pnpm/next@12.3.4_react-dom@18.3.1_react@18.3.1__react@18.3.1/node_modules/next/dist/server/base-server.js:303:20)
    at async Server.<anonymous> (/app/server.js:19:5)
[2026-02-18T22:51:48.516Z] error: <dockerStatusService> TypeError: Cannot read properties of null (reading 'my-docker')
    at getDockerArguments (/app/.next/server/chunks/2045.js:44:14)
    at handler (/app/.next/server/pages/api/docker/status/[...service].js:88:96)
    at Object.apiResolver (/app/node_modules/.pnpm/next@12.3.4_react-dom@18.3.1_react@18.3.1__react@18.3.1/node_modules/next/dist/server/api-utils/node.js:366:15)
    at process.processTicksAndRejections (node:internal/process/task_queues:95:5)
    at async NextNodeServer.runApi (/app/node_modules/.pnpm/next@12.3.4_react-dom@18.3.1_react@18.3.1__react@18.3.1/node_modules/next/dist/server/next-server.js:481:9)
    at async Object.fn (/app/node_modules/.pnpm/next@12.3.4_react-dom@18.3.1_react@18.3.1__react@18.3.1/node_modules/next/dist/server/next-server.js:741:37)
    at async Router.execute (/app/node_modules/.pnpm/next@12.3.4_react-dom@18.3.1_react@18.3.1__react@18.3.1/node_modules/next/dist/server/router.js:252:36)
    at async NextNodeServer.run (/app/node_modules/.pnpm/next@12.3.4_react-dom@18.3.1_react@18.3.1__react@18.3.1/node_modules/next/dist/server/base-server.js:365:29)
    at async NextNodeServer.handleRequest (/app/node_modules/.pnpm/next@12.3.4_react-dom@18.3.1_react@18.3.1__react@18.3.1/node_modules/next/dist/server/base-server.js:303:20)
    at async Server.<anonymous> (/app/server.js:19:5)
[2026-02-18T22:51:48.519Z] error: <dockerStatusService> TypeError: Cannot read properties of null (reading 'my-docker')
    at getDockerArguments (/app/.next/server/chunks/2045.js:44:14)
    at handler (/app/.next/server/pages/api/docker/status/[...service].js:88:96)
    at Object.apiResolver (/app/node_modules/.pnpm/next@12.3.4_react-dom@18.3.1_react@18.3.1__react@18.3.1/node_modules/next/dist/server/api-utils/node.js:366:15)
    at process.processTicksAndRejections (node:internal/process/task_queues:95:5)
    at async NextNodeServer.runApi (/app/node_modules/.pnpm/next@12.3.4_react-dom@18.3.1_react@18.3.1__react@18.3.1/node_modules/next/dist/server/next-server.js:481:9)
    at async Object.fn (/app/node_modules/.pnpm/next@12.3.4_react-dom@18.3.1_react@18.3.1__react@18.3.1/node_modules/next/dist/server/next-server.js:741:37)
    at async Router.execute (/app/node_modules/.pnpm/next@12.3.4_react-dom@18.3.1_react@18.3.1__react@18.3.1/node_modules/next/dist/server/router.js:252:36)
    at async NextNodeServer.run (/app/node_modules/.pnpm/next@12.3.4_react-dom@18.3.1_react@18.3.1__react@18.3.1/node_modules/next/dist/server/base-server.js:365:29)
    at async NextNodeServer.handleRequest (/app/node_modules/.pnpm/next@12.3.4_react-dom@18.3.1_react@18.3.1__react@18.3.1/node_modules/next/dist/server/base-server.js:303:20)
    at async Server.<anonymous> (/app/server.js:19:5)
[2026-02-18T22:51:48.533Z] error: <dockerStatusService> TypeError: Cannot read properties of null (reading 'my-docker')
    at getDockerArguments (/app/.next/server/chunks/2045.js:44:14)
    at handler (/app/.next/server/pages/api/docker/status/[...service].js:88:96)
    at Object.apiResolver (/app/node_modules/.pnpm/next@12.3.4_react-dom@18.3.1_react@18.3.1__react@18.3.1/node_modules/next/dist/server/api-utils/node.js:366:15)
    at process.processTicksAndRejections (node:internal/process/task_queues:95:5)
    at async NextNodeServer.runApi (/app/node_modules/.pnpm/next@12.3.4_react-dom@18.3.1_react@18.3.1__react@18.3.1/node_modules/next/dist/server/next-server.js:481:9)
    at async Object.fn (/app/node_modules/.pnpm/next@12.3.4_react-dom@18.3.1_react@18.3.1__react@18.3.1/node_modules/next/dist/server/next-server.js:741:37)
    at async Router.execute (/app/node_modules/.pnpm/next@12.3.4_react-dom@18.3.1_react@18.3.1__react@18.3.1/node_modules/next/dist/server/router.js:252:36)
    at async NextNodeServer.run (/app/node_modules/.pnpm/next@12.3.4_react-dom@18.3.1_react@18.3.1__react@18.3.1/node_modules/next/dist/server/base-server.js:365:29)
    at async NextNodeServer.handleRequest (/app/node_modules/.pnpm/next@12.3.4_react-dom@18.3.1_react@18.3.1__react@18.3.1/node_modules/next/dist/server/base-server.js:303:20)
    at async Server.<anonymous> (/app/server.js:19:5)
[2026-02-18T22:51:48.538Z] error: <dockerStatusService> TypeError: Cannot read properties of null (reading 'my-docker')
    at getDockerArguments (/app/.next/server/chunks/2045.js:44:14)
    at handler (/app/.next/server/pages/api/docker/status/[...service].js:88:96)
    at Object.apiResolver (/app/node_modules/.pnpm/next@12.3.4_react-dom@18.3.1_react@18.3.1__react@18.3.1/node_modules/next/dist/server/api-utils/node.js:366:15)
    at process.processTicksAndRejections (node:internal/process/task_queues:95:5)
    at async NextNodeServer.runApi (/app/node_modules/.pnpm/next@12.3.4_react-dom@18.3.1_react@18.3.1__react@18.3.1/node_modules/next/dist/server/next-server.js:481:9)
    at async Object.fn (/app/node_modules/.pnpm/next@12.3.4_react-dom@18.3.1_react@18.3.1__react@18.3.1/node_modules/next/dist/server/next-server.js:741:37)
    at async Router.execute (/app/node_modules/.pnpm/next@12.3.4_react-dom@18.3.1_react@18.3.1__react@18.3.1/node_modules/next/dist/server/router.js:252:36)
    at async NextNodeServer.run (/app/node_modules/.pnpm/next@12.3.4_react-dom@18.3.1_react@18.3.1__react@18.3.1/node_modules/next/dist/server/base-server.js:365:29)
    at async NextNodeServer.handleRequest (/app/node_modules/.pnpm/next@12.3.4_react-dom@18.3.1_react@18.3.1__react@18.3.1/node_modules/next/dist/server/base-server.js:303:20)
    at async Server.<anonymous> (/app/server.js:19:5)
[2026-02-18T22:51:48.557Z] error: <httpProxy> Error calling http://127.0.0.1:18789/...
[2026-02-18T22:51:48.557Z] error: <httpProxy> [
  500,
  Error: connect ECONNREFUSED 127.0.0.1:18789
      at TCPConnectWrap.afterConnect [as oncomplete] (node:net:1555:16) {
    errno: -111,
    code: 'ECONNREFUSED',
    syscall: 'connect',
    address: '127.0.0.1',
    port: 18789
  }
]
[2026-02-18T22:54:15.887Z] error: <dockerStatusService> TypeError: Cannot read properties of null (reading 'my-docker')
    at getDockerArguments (/app/.next/server/chunks/2045.js:44:14)
    at handler (/app/.next/server/pages/api/docker/status/[...service].js:88:96)
    at Object.apiResolver (/app/node_modules/.pnpm/next@12.3.4_react-dom@18.3.1_react@18.3.1__react@18.3.1/node_modules/next/dist/server/api-utils/node.js:366:15)
    at process.processTicksAndRejections (node:internal/process/task_queues:95:5)
    at async NextNodeServer.runApi (/app/node_modules/.pnpm/next@12.3.4_react-dom@18.3.1_react@18.3.1__react@18.3.1/node_modules/next/dist/server/next-server.js:481:9)
    at async Object.fn (/app/node_modules/.pnpm/next@12.3.4_react-dom@18.3.1_react@18.3.1__react@18.3.1/node_modules/next/dist/server/next-server.js:741:37)
    at async Router.execute (/app/node_modules/.pnpm/next@12.3.4_react-dom@18.3.1_react@18.3.1__react@18.3.1/node_modules/next/dist/server/router.js:252:36)
    at async NextNodeServer.run (/app/node_modules/.pnpm/next@12.3.4_react-dom@18.3.1_react@18.3.1__react@18.3.1/node_modules/next/dist/server/base-server.js:365:29)
    at async NextNodeServer.handleRequest (/app/node_modules/.pnpm/next@12.3.4_react-dom@18.3.1_react@18.3.1__react@18.3.1/node_modules/next/dist/server/base-server.js:303:20)
    at async Server.<anonymous> (/app/server.js:19:5)
[2026-02-18T22:54:15.895Z] error: <dockerStatusService> TypeError: Cannot read properties of null (reading 'my-docker')
    at getDockerArguments (/app/.next/server/chunks/2045.js:44:14)
    at handler (/app/.next/server/pages/api/docker/status/[...service].js:88:96)
    at Object.apiResolver (/app/node_modules/.pnpm/next@12.3.4_react-dom@18.3.1_react@18.3.1__react@18.3.1/node_modules/next/dist/server/api-utils/node.js:366:15)
    at process.processTicksAndRejections (node:internal/process/task_queues:95:5)
    at async NextNodeServer.runApi (/app/node_modules/.pnpm/next@12.3.4_react-dom@18.3.1_react@18.3.1__react@18.3.1/node_modules/next/dist/server/next-server.js:481:9)
    at async Object.fn (/app/node_modules/.pnpm/next@12.3.4_react-dom@18.3.1_react@18.3.1__react@18.3.1/node_modules/next/dist/server/next-server.js:741:37)
    at async Router.execute (/app/node_modules/.pnpm/next@12.3.4_react-dom@18.3.1_react@18.3.1__react@18.3.1/node_modules/next/dist/server/router.js:252:36)
    at async NextNodeServer.run (/app/node_modules/.pnpm/next@12.3.4_react-dom@18.3.1_react@18.3.1__react@18.3.1/node_modules/next/dist/server/base-server.js:365:29)
    at async NextNodeServer.handleRequest (/app/node_modules/.pnpm/next@12.3.4_react-dom@18.3.1_react@18.3.1__react@18.3.1/node_modules/next/dist/server/base-server.js:303:20)
    at async Server.<anonymous> (/app/server.js:19:5)
[2026-02-18T22:54:15.914Z] error: <dockerStatusService> TypeError: Cannot read properties of null (reading 'my-docker')
    at getDockerArguments (/app/.next/server/chunks/2045.js:44:14)
    at handler (/app/.next/server/pages/api/docker/status/[...service].js:88:96)
    at Object.apiResolver (/app/node_modules/.pnpm/next@12.3.4_react-dom@18.3.1_react@18.3.1__react@18.3.1/node_modules/next/dist/server/api-utils/node.js:366:15)
    at process.processTicksAndRejections (node:internal/process/task_queues:95:5)
    at async NextNodeServer.runApi (/app/node_modules/.pnpm/next@12.3.4_react-dom@18.3.1_react@18.3.1__react@18.3.1/node_modules/next/dist/server/next-server.js:481:9)
    at async Object.fn (/app/node_modules/.pnpm/next@12.3.4_react-dom@18.3.1_react@18.3.1__react@18.3.1/node_modules/next/dist/server/next-server.js:741:37)
    at async Router.execute (/app/node_modules/.pnpm/next@12.3.4_react-dom@18.3.1_react@18.3.1__react@18.3.1/node_modules/next/dist/server/router.js:252:36)
    at async NextNodeServer.run (/app/node_modules/.pnpm/next@12.3.4_react-dom@18.3.1_react@18.3.1__react@18.3.1/node_modules/next/dist/server/base-server.js:365:29)
    at async NextNodeServer.handleRequest (/app/node_modules/.pnpm/next@12.3.4_react-dom@18.3.1_react@18.3.1__react@18.3.1/node_modules/next/dist/server/base-server.js:303:20)
    at async Server.<anonymous> (/app/server.js:19:5)
[2026-02-18T22:54:15.919Z] error: <dockerStatusService> TypeError: Cannot read properties of null (reading 'my-docker')
    at getDockerArguments (/app/.next/server/chunks/2045.js:44:14)
    at handler (/app/.next/server/pages/api/docker/status/[...service].js:88:96)
    at Object.apiResolver (/app/node_modules/.pnpm/next@12.3.4_react-dom@18.3.1_react@18.3.1__react@18.3.1/node_modules/next/dist/server/api-utils/node.js:366:15)
    at process.processTicksAndRejections (node:internal/process/task_queues:95:5)
    at async NextNodeServer.runApi (/app/node_modules/.pnpm/next@12.3.4_react-dom@18.3.1_react@18.3.1__react@18.3.1/node_modules/next/dist/server/next-server.js:481:9)
    at async Object.fn (/app/node_modules/.pnpm/next@12.3.4_react-dom@18.3.1_react@18.3.1__react@18.3.1/node_modules/next/dist/server/next-server.js:741:37)
    at async Router.execute (/app/node_modules/.pnpm/next@12.3.4_react-dom@18.3.1_react@18.3.1__react@18.3.1/node_modules/next/dist/server/router.js:252:36)
    at async NextNodeServer.run (/app/node_modules/.pnpm/next@12.3.4_react-dom@18.3.1_react@18.3.1__react@18.3.1/node_modules/next/dist/server/base-server.js:365:29)
    at async NextNodeServer.handleRequest (/app/node_modules/.pnpm/next@12.3.4_react-dom@18.3.1_react@18.3.1__react@18.3.1/node_modules/next/dist/server/base-server.js:303:20)
    at async Server.<anonymous> (/app/server.js:19:5)
[2026-02-18T22:54:15.924Z] error: <dockerStatusService> TypeError: Cannot read properties of null (reading 'my-docker')
    at getDockerArguments (/app/.next/server/chunks/2045.js:44:14)
    at handler (/app/.next/server/pages/api/docker/status/[...service].js:88:96)
    at Object.apiResolver (/app/node_modules/.pnpm/next@12.3.4_react-dom@18.3.1_react@18.3.1__react@18.3.1/node_modules/next/dist/server/api-utils/node.js:366:15)
    at process.processTicksAndRejections (node:internal/process/task_queues:95:5)
    at async NextNodeServer.runApi (/app/node_modules/.pnpm/next@12.3.4_react-dom@18.3.1_react@18.3.1__react@18.3.1/node_modules/next/dist/server/next-server.js:481:9)
    at async Object.fn (/app/node_modules/.pnpm/next@12.3.4_react-dom@18.3.1_react@18.3.1__react@18.3.1/node_modules/next/dist/server/next-server.js:741:37)
    at async Router.execute (/app/node_modules/.pnpm/next@12.3.4_react-dom@18.3.1_react@18.3.1__react@18.3.1/node_modules/next/dist/server/router.js:252:36)
    at async NextNodeServer.run (/app/node_modules/.pnpm/next@12.3.4_react-dom@18.3.1_react@18.3.1__react@18.3.1/node_modules/next/dist/server/base-server.js:365:29)
    at async NextNodeServer.handleRequest (/app/node_modules/.pnpm/next@12.3.4_react-dom@18.3.1_react@18.3.1__react@18.3.1/node_modules/next/dist/server/base-server.js:303:20)
    at async Server.<anonymous> (/app/server.js:19:5)
[2026-02-18T22:54:15.927Z] error: <dockerStatusService> TypeError: Cannot read properties of null (reading 'my-docker')
    at getDockerArguments (/app/.next/server/chunks/2045.js:44:14)
    at handler (/app/.next/server/pages/api/docker/status/[...service].js:88:96)
    at Object.apiResolver (/app/node_modules/.pnpm/next@12.3.4_react-dom@18.3.1_react@18.3.1__react@18.3.1/node_modules/next/dist/server/api-utils/node.js:366:15)
    at process.processTicksAndRejections (node:internal/process/task_queues:95:5)
    at async NextNodeServer.runApi (/app/node_modules/.pnpm/next@12.3.4_react-dom@18.3.1_react@18.3.1__react@18.3.1/node_modules/next/dist/server/next-server.js:481:9)
    at async Object.fn (/app/node_modules/.pnpm/next@12.3.4_react-dom@18.3.1_react@18.3.1__react@18.3.1/node_modules/next/dist/server/next-server.js:741:37)
    at async Router.execute (/app/node_modules/.pnpm/next@12.3.4_react-dom@18.3.1_react@18.3.1__react@18.3.1/node_modules/next/dist/server/router.js:252:36)
    at async NextNodeServer.run (/app/node_modules/.pnpm/next@12.3.4_react-dom@18.3.1_react@18.3.1__react@18.3.1/node_modules/next/dist/server/base-server.js:365:29)
    at async NextNodeServer.handleRequest (/app/node_modules/.pnpm/next@12.3.4_react-dom@18.3.1_react@18.3.1__react@18.3.1/node_modules/next/dist/server/base-server.js:303:20)
    at async Server.<anonymous> (/app/server.js:19:5)
[2026-02-18T22:54:15.941Z] error: <httpProxy> Error calling http://127.0.0.1:18789/...
[2026-02-18T22:54:15.942Z] error: <httpProxy> [
  500,
  Error: connect ECONNREFUSED 127.0.0.1:18789
      at TCPConnectWrap.afterConnect [as oncomplete] (node:net:1555:16) {
    errno: -111,
    code: 'ECONNREFUSED',
    syscall: 'connect',
    address: '127.0.0.1',
    port: 18789
  }
]
[2026-02-18T22:54:15.949Z] error: <dockerStatusService> TypeError: Cannot read properties of null (reading 'my-docker')
    at getDockerArguments (/app/.next/server/chunks/2045.js:44:14)
    at handler (/app/.next/server/pages/api/docker/status/[...service].js:88:96)
    at Object.apiResolver (/app/node_modules/.pnpm/next@12.3.4_react-dom@18.3.1_react@18.3.1__react@18.3.1/node_modules/next/dist/server/api-utils/node.js:366:15)
    at process.processTicksAndRejections (node:internal/process/task_queues:95:5)
    at async NextNodeServer.runApi (/app/node_modules/.pnpm/next@12.3.4_react-dom@18.3.1_react@18.3.1__react@18.3.1/node_modules/next/dist/server/next-server.js:481:9)
    at async Object.fn (/app/node_modules/.pnpm/next@12.3.4_react-dom@18.3.1_react@18.3.1__react@18.3.1/node_modules/next/dist/server/next-server.js:741:37)
    at async Router.execute (/app/node_modules/.pnpm/next@12.3.4_react-dom@18.3.1_react@18.3.1__react@18.3.1/node_modules/next/dist/server/router.js:252:36)
    at async NextNodeServer.run (/app/node_modules/.pnpm/next@12.3.4_react-dom@18.3.1_react@18.3.1__react@18.3.1/node_modules/next/dist/server/base-server.js:365:29)
    at async NextNodeServer.handleRequest (/app/node_modules/.pnpm/next@12.3.4_react-dom@18.3.1_react@18.3.1__react@18.3.1/node_modules/next/dist/server/base-server.js:303:20)
    at async Server.<anonymous> (/app/server.js:19:5)
[2026-02-18T22:54:23.445Z] error: <dockerStatusService> TypeError: Cannot read properties of null (reading 'my-docker')
    at getDockerArguments (/app/.next/server/chunks/2045.js:44:14)
    at handler (/app/.next/server/pages/api/docker/status/[...service].js:88:96)
    at Object.apiResolver (/app/node_modules/.pnpm/next@12.3.4_react-dom@18.3.1_react@18.3.1__react@18.3.1/node_modules/next/dist/server/api-utils/node.js:366:15)
    at process.processTicksAndRejections (node:internal/process/task_queues:95:5)
    at async NextNodeServer.runApi (/app/node_modules/.pnpm/next@12.3.4_react-dom@18.3.1_react@18.3.1__react@18.3.1/node_modules/next/dist/server/next-server.js:481:9)
    at async Object.fn (/app/node_modules/.pnpm/next@12.3.4_react-dom@18.3.1_react@18.3.1__react@18.3.1/node_modules/next/dist/server/next-server.js:741:37)
    at async Router.execute (/app/node_modules/.pnpm/next@12.3.4_react-dom@18.3.1_react@18.3.1__react@18.3.1/node_modules/next/dist/server/router.js:252:36)
    at async NextNodeServer.run (/app/node_modules/.pnpm/next@12.3.4_react-dom@18.3.1_react@18.3.1__react@18.3.1/node_modules/next/dist/server/base-server.js:365:29)
    at async NextNodeServer.handleRequest (/app/node_modules/.pnpm/next@12.3.4_react-dom@18.3.1_react@18.3.1__react@18.3.1/node_modules/next/dist/server/base-server.js:303:20)
    at async Server.<anonymous> (/app/server.js:19:5)
[2026-02-18T22:54:23.453Z] error: <dockerStatusService> TypeError: Cannot read properties of null (reading 'my-docker')
    at getDockerArguments (/app/.next/server/chunks/2045.js:44:14)
    at handler (/app/.next/server/pages/api/docker/status/[...service].js:88:96)
    at Object.apiResolver (/app/node_modules/.pnpm/next@12.3.4_react-dom@18.3.1_react@18.3.1__react@18.3.1/node_modules/next/dist/server/api-utils/node.js:366:15)
    at process.processTicksAndRejections (node:internal/process/task_queues:95:5)
    at async NextNodeServer.runApi (/app/node_modules/.pnpm/next@12.3.4_react-dom@18.3.1_react@18.3.1__react@18.3.1/node_modules/next/dist/server/next-server.js:481:9)
    at async Object.fn (/app/node_modules/.pnpm/next@12.3.4_react-dom@18.3.1_react@18.3.1__react@18.3.1/node_modules/next/dist/server/next-server.js:741:37)
    at async Router.execute (/app/node_modules/.pnpm/next@12.3.4_react-dom@18.3.1_react@18.3.1__react@18.3.1/node_modules/next/dist/server/router.js:252:36)
    at async NextNodeServer.run (/app/node_modules/.pnpm/next@12.3.4_react-dom@18.3.1_react@18.3.1__react@18.3.1/node_modules/next/dist/server/base-server.js:365:29)
    at async NextNodeServer.handleRequest (/app/node_modules/.pnpm/next@12.3.4_react-dom@18.3.1_react@18.3.1__react@18.3.1/node_modules/next/dist/server/base-server.js:303:20)
    at async Server.<anonymous> (/app/server.js:19:5)
[2026-02-18T22:54:23.458Z] error: <dockerStatusService> TypeError: Cannot read properties of null (reading 'my-docker')
    at getDockerArguments (/app/.next/server/chunks/2045.js:44:14)
    at handler (/app/.next/server/pages/api/docker/status/[...service].js:88:96)
    at Object.apiResolver (/app/node_modules/.pnpm/next@12.3.4_react-dom@18.3.1_react@18.3.1__react@18.3.1/node_modules/next/dist/server/api-utils/node.js:366:15)
    at process.processTicksAndRejections (node:internal/process/task_queues:95:5)
    at async NextNodeServer.runApi (/app/node_modules/.pnpm/next@12.3.4_react-dom@18.3.1_react@18.3.1__react@18.3.1/node_modules/next/dist/server/next-server.js:481:9)
    at async Object.fn (/app/node_modules/.pnpm/next@12.3.4_react-dom@18.3.1_react@18.3.1__react@18.3.1/node_modules/next/dist/server/next-server.js:741:37)
    at async Router.execute (/app/node_modules/.pnpm/next@12.3.4_react-dom@18.3.1_react@18.3.1__react@18.3.1/node_modules/next/dist/server/router.js:252:36)
    at async NextNodeServer.run (/app/node_modules/.pnpm/next@12.3.4_react-dom@18.3.1_react@18.3.1__react@18.3.1/node_modules/next/dist/server/base-server.js:365:29)
    at async NextNodeServer.handleRequest (/app/node_modules/.pnpm/next@12.3.4_react-dom@18.3.1_react@18.3.1__react@18.3.1/node_modules/next/dist/server/base-server.js:303:20)
    at async Server.<anonymous> (/app/server.js:19:5)
[2026-02-18T22:54:23.462Z] error: <dockerStatusService> TypeError: Cannot read properties of null (reading 'my-docker')
    at getDockerArguments (/app/.next/server/chunks/2045.js:44:14)
    at handler (/app/.next/server/pages/api/docker/status/[...service].js:88:96)
    at Object.apiResolver (/app/node_modules/.pnpm/next@12.3.4_react-dom@18.3.1_react@18.3.1__react@18.3.1/node_modules/next/dist/server/api-utils/node.js:366:15)
    at process.processTicksAndRejections (node:internal/process/task_queues:95:5)
    at async NextNodeServer.runApi (/app/node_modules/.pnpm/next@12.3.4_react-dom@18.3.1_react@18.3.1__react@18.3.1/node_modules/next/dist/server/next-server.js:481:9)
    at async Object.fn (/app/node_modules/.pnpm/next@12.3.4_react-dom@18.3.1_react@18.3.1__react@18.3.1/node_modules/next/dist/server/next-server.js:741:37)
    at async Router.execute (/app/node_modules/.pnpm/next@12.3.4_react-dom@18.3.1_react@18.3.1__react@18.3.1/node_modules/next/dist/server/router.js:252:36)
    at async NextNodeServer.run (/app/node_modules/.pnpm/next@12.3.4_react-dom@18.3.1_react@18.3.1__react@18.3.1/node_modules/next/dist/server/base-server.js:365:29)
    at async NextNodeServer.handleRequest (/app/node_modules/.pnpm/next@12.3.4_react-dom@18.3.1_react@18.3.1__react@18.3.1/node_modules/next/dist/server/base-server.js:303:20)
    at async Server.<anonymous> (/app/server.js:19:5)
[2026-02-18T22:54:23.465Z] error: <dockerStatusService> TypeError: Cannot read properties of null (reading 'my-docker')
    at getDockerArguments (/app/.next/server/chunks/2045.js:44:14)
    at handler (/app/.next/server/pages/api/docker/status/[...service].js:88:96)
    at Object.apiResolver (/app/node_modules/.pnpm/next@12.3.4_react-dom@18.3.1_react@18.3.1__react@18.3.1/node_modules/next/dist/server/api-utils/node.js:366:15)
    at process.processTicksAndRejections (node:internal/process/task_queues:95:5)
    at async NextNodeServer.runApi (/app/node_modules/.pnpm/next@12.3.4_react-dom@18.3.1_react@18.3.1__react@18.3.1/node_modules/next/dist/server/next-server.js:481:9)
    at async Object.fn (/app/node_modules/.pnpm/next@12.3.4_react-dom@18.3.1_react@18.3.1__react@18.3.1/node_modules/next/dist/server/next-server.js:741:37)
    at async Router.execute (/app/node_modules/.pnpm/next@12.3.4_react-dom@18.3.1_react@18.3.1__react@18.3.1/node_modules/next/dist/server/router.js:252:36)
    at async NextNodeServer.run (/app/node_modules/.pnpm/next@12.3.4_react-dom@18.3.1_react@18.3.1__react@18.3.1/node_modules/next/dist/server/base-server.js:365:29)
    at async NextNodeServer.handleRequest (/app/node_modules/.pnpm/next@12.3.4_react-dom@18.3.1_react@18.3.1__react@18.3.1/node_modules/next/dist/server/base-server.js:303:20)
    at async Server.<anonymous> (/app/server.js:19:5)
[2026-02-18T22:54:23.469Z] error: <dockerStatusService> TypeError: Cannot read properties of null (reading 'my-docker')
    at getDockerArguments (/app/.next/server/chunks/2045.js:44:14)
    at handler (/app/.next/server/pages/api/docker/status/[...service].js:88:96)
    at Object.apiResolver (/app/node_modules/.pnpm/next@12.3.4_react-dom@18.3.1_react@18.3.1__react@18.3.1/node_modules/next/dist/server/api-utils/node.js:366:15)
    at process.processTicksAndRejections (node:internal/process/task_queues:95:5)
    at async NextNodeServer.runApi (/app/node_modules/.pnpm/next@12.3.4_react-dom@18.3.1_react@18.3.1__react@18.3.1/node_modules/next/dist/server/next-server.js:481:9)
    at async Object.fn (/app/node_modules/.pnpm/next@12.3.4_react-dom@18.3.1_react@18.3.1__react@18.3.1/node_modules/next/dist/server/next-server.js:741:37)
    at async Router.execute (/app/node_modules/.pnpm/next@12.3.4_react-dom@18.3.1_react@18.3.1__react@18.3.1/node_modules/next/dist/server/router.js:252:36)
    at async NextNodeServer.run (/app/node_modules/.pnpm/next@12.3.4_react-dom@18.3.1_react@18.3.1__react@18.3.1/node_modules/next/dist/server/base-server.js:365:29)
    at async NextNodeServer.handleRequest (/app/node_modules/.pnpm/next@12.3.4_react-dom@18.3.1_react@18.3.1__react@18.3.1/node_modules/next/dist/server/base-server.js:303:20)
    at async Server.<anonymous> (/app/server.js:19:5)
[2026-02-18T22:54:23.472Z] error: <dockerStatusService> TypeError: Cannot read properties of null (reading 'my-docker')
    at getDockerArguments (/app/.next/server/chunks/2045.js:44:14)
    at handler (/app/.next/server/pages/api/docker/status/[...service].js:88:96)
    at Object.apiResolver (/app/node_modules/.pnpm/next@12.3.4_react-dom@18.3.1_react@18.3.1__react@18.3.1/node_modules/next/dist/server/api-utils/node.js:366:15)
    at process.processTicksAndRejections (node:internal/process/task_queues:95:5)
    at async NextNodeServer.runApi (/app/node_modules/.pnpm/next@12.3.4_react-dom@18.3.1_react@18.3.1__react@18.3.1/node_modules/next/dist/server/next-server.js:481:9)
    at async Object.fn (/app/node_modules/.pnpm/next@12.3.4_react-dom@18.3.1_react@18.3.1__react@18.3.1/node_modules/next/dist/server/next-server.js:741:37)
    at async Router.execute (/app/node_modules/.pnpm/next@12.3.4_react-dom@18.3.1_react@18.3.1__react@18.3.1/node_modules/next/dist/server/router.js:252:36)
    at async NextNodeServer.run (/app/node_modules/.pnpm/next@12.3.4_react-dom@18.3.1_react@18.3.1__react@18.3.1/node_modules/next/dist/server/base-server.js:365:29)
    at async NextNodeServer.handleRequest (/app/node_modules/.pnpm/next@12.3.4_react-dom@18.3.1_react@18.3.1__react@18.3.1/node_modules/next/dist/server/base-server.js:303:20)
    at async Server.<anonymous> (/app/server.js:19:5)
[2026-02-18T22:54:23.502Z] error: <httpProxy> Error calling http://127.0.0.1:18789/...
[2026-02-18T22:54:23.502Z] error: <httpProxy> [
  500,
  Error: connect ECONNREFUSED 127.0.0.1:18789
      at TCPConnectWrap.afterConnect [as oncomplete] (node:net:1555:16) {
    errno: -111,
    code: 'ECONNREFUSED',
    syscall: 'connect',
    address: '127.0.0.1',
    port: 18789
  }
]
[2026-02-18T22:54:25.977Z] error: <httpProxy> Error calling http://127.0.0.1:18789/...
[2026-02-18T22:54:25.978Z] error: <httpProxy> [
  500,
  Error: connect ECONNREFUSED 127.0.0.1:18789
      at TCPConnectWrap.afterConnect [as oncomplete] (node:net:1555:16) {
    errno: -111,
    code: 'ECONNREFUSED',
    syscall: 'connect',
    address: '127.0.0.1',
    port: 18789
  }
]
[2026-02-18T22:54:28.921Z] error: <dockerStatusService> TypeError: Cannot read properties of null (reading 'my-docker')
    at getDockerArguments (/app/.next/server/chunks/2045.js:44:14)
    at handler (/app/.next/server/pages/api/docker/status/[...service].js:88:96)
    at Object.apiResolver (/app/node_modules/.pnpm/next@12.3.4_react-dom@18.3.1_react@18.3.1__react@18.3.1/node_modules/next/dist/server/api-utils/node.js:366:15)
    at process.processTicksAndRejections (node:internal/process/task_queues:95:5)
    at async NextNodeServer.runApi (/app/node_modules/.pnpm/next@12.3.4_react-dom@18.3.1_react@18.3.1__react@18.3.1/node_modules/next/dist/server/next-server.js:481:9)
    at async Object.fn (/app/node_modules/.pnpm/next@12.3.4_react-dom@18.3.1_react@18.3.1__react@18.3.1/node_modules/next/dist/server/next-server.js:741:37)
    at async Router.execute (/app/node_modules/.pnpm/next@12.3.4_react-dom@18.3.1_react@18.3.1__react@18.3.1/node_modules/next/dist/server/router.js:252:36)
    at async NextNodeServer.run (/app/node_modules/.pnpm/next@12.3.4_react-dom@18.3.1_react@18.3.1__react@18.3.1/node_modules/next/dist/server/base-server.js:365:29)
    at async NextNodeServer.handleRequest (/app/node_modules/.pnpm/next@12.3.4_react-dom@18.3.1_react@18.3.1__react@18.3.1/node_modules/next/dist/server/base-server.js:303:20)
    at async Server.<anonymous> (/app/server.js:19:5)
[2026-02-18T22:54:28.923Z] error: <dockerStatusService> TypeError: Cannot read properties of null (reading 'my-docker')
    at getDockerArguments (/app/.next/server/chunks/2045.js:44:14)
    at handler (/app/.next/server/pages/api/docker/status/[...service].js:88:96)
    at Object.apiResolver (/app/node_modules/.pnpm/next@12.3.4_react-dom@18.3.1_react@18.3.1__react@18.3.1/node_modules/next/dist/server/api-utils/node.js:366:15)
    at process.processTicksAndRejections (node:internal/process/task_queues:95:5)
    at async NextNodeServer.runApi (/app/node_modules/.pnpm/next@12.3.4_react-dom@18.3.1_react@18.3.1__react@18.3.1/node_modules/next/dist/server/next-server.js:481:9)
    at async Object.fn (/app/node_modules/.pnpm/next@12.3.4_react-dom@18.3.1_react@18.3.1__react@18.3.1/node_modules/next/dist/server/next-server.js:741:37)
    at async Router.execute (/app/node_modules/.pnpm/next@12.3.4_react-dom@18.3.1_react@18.3.1__react@18.3.1/node_modules/next/dist/server/router.js:252:36)
    at async NextNodeServer.run (/app/node_modules/.pnpm/next@12.3.4_react-dom@18.3.1_react@18.3.1__react@18.3.1/node_modules/next/dist/server/base-server.js:365:29)
    at async NextNodeServer.handleRequest (/app/node_modules/.pnpm/next@12.3.4_react-dom@18.3.1_react@18.3.1__react@18.3.1/node_modules/next/dist/server/base-server.js:303:20)
    at async Server.<anonymous> (/app/server.js:19:5)
[2026-02-18T22:54:28.926Z] error: <dockerStatusService> TypeError: Cannot read properties of null (reading 'my-docker')
    at getDockerArguments (/app/.next/server/chunks/2045.js:44:14)
    at handler (/app/.next/server/pages/api/docker/status/[...service].js:88:96)
    at Object.apiResolver (/app/node_modules/.pnpm/next@12.3.4_react-dom@18.3.1_react@18.3.1__react@18.3.1/node_modules/next/dist/server/api-utils/node.js:366:15)
    at process.processTicksAndRejections (node:internal/process/task_queues:95:5)
    at async NextNodeServer.runApi (/app/node_modules/.pnpm/next@12.3.4_react-dom@18.3.1_react@18.3.1__react@18.3.1/node_modules/next/dist/server/next-server.js:481:9)
    at async Object.fn (/app/node_modules/.pnpm/next@12.3.4_react-dom@18.3.1_react@18.3.1__react@18.3.1/node_modules/next/dist/server/next-server.js:741:37)
    at async Router.execute (/app/node_modules/.pnpm/next@12.3.4_react-dom@18.3.1_react@18.3.1__react@18.3.1/node_modules/next/dist/server/router.js:252:36)
    at async NextNodeServer.run (/app/node_modules/.pnpm/next@12.3.4_react-dom@18.3.1_react@18.3.1__react@18.3.1/node_modules/next/dist/server/base-server.js:365:29)
    at async NextNodeServer.handleRequest (/app/node_modules/.pnpm/next@12.3.4_react-dom@18.3.1_react@18.3.1__react@18.3.1/node_modules/next/dist/server/base-server.js:303:20)
    at async Server.<anonymous> (/app/server.js:19:5)
[2026-02-18T22:54:28.928Z] error: <dockerStatusService> TypeError: Cannot read properties of null (reading 'my-docker')
    at getDockerArguments (/app/.next/server/chunks/2045.js:44:14)
    at handler (/app/.next/server/pages/api/docker/status/[...service].js:88:96)
    at Object.apiResolver (/app/node_modules/.pnpm/next@12.3.4_react-dom@18.3.1_react@18.3.1__react@18.3.1/node_modules/next/dist/server/api-utils/node.js:366:15)
    at process.processTicksAndRejections (node:internal/process/task_queues:95:5)
    at async NextNodeServer.runApi (/app/node_modules/.pnpm/next@12.3.4_react-dom@18.3.1_react@18.3.1__react@18.3.1/node_modules/next/dist/server/next-server.js:481:9)
    at async Object.fn (/app/node_modules/.pnpm/next@12.3.4_react-dom@18.3.1_react@18.3.1__react@18.3.1/node_modules/next/dist/server/next-server.js:741:37)
    at async Router.execute (/app/node_modules/.pnpm/next@12.3.4_react-dom@18.3.1_react@18.3.1__react@18.3.1/node_modules/next/dist/server/router.js:252:36)
    at async NextNodeServer.run (/app/node_modules/.pnpm/next@12.3.4_react-dom@18.3.1_react@18.3.1__react@18.3.1/node_modules/next/dist/server/base-server.js:365:29)
    at async NextNodeServer.handleRequest (/app/node_modules/.pnpm/next@12.3.4_react-dom@18.3.1_react@18.3.1__react@18.3.1/node_modules/next/dist/server/base-server.js:303:20)
    at async Server.<anonymous> (/app/server.js:19:5)
[2026-02-18T22:54:28.931Z] error: <dockerStatusService> TypeError: Cannot read properties of null (reading 'my-docker')
    at getDockerArguments (/app/.next/server/chunks/2045.js:44:14)
    at handler (/app/.next/server/pages/api/docker/status/[...service].js:88:96)
    at Object.apiResolver (/app/node_modules/.pnpm/next@12.3.4_react-dom@18.3.1_react@18.3.1__react@18.3.1/node_modules/next/dist/server/api-utils/node.js:366:15)
    at process.processTicksAndRejections (node:internal/process/task_queues:95:5)
    at async NextNodeServer.runApi (/app/node_modules/.pnpm/next@12.3.4_react-dom@18.3.1_react@18.3.1__react@18.3.1/node_modules/next/dist/server/next-server.js:481:9)
    at async Object.fn (/app/node_modules/.pnpm/next@12.3.4_react-dom@18.3.1_react@18.3.1__react@18.3.1/node_modules/next/dist/server/next-server.js:741:37)
    at async Router.execute (/app/node_modules/.pnpm/next@12.3.4_react-dom@18.3.1_react@18.3.1__react@18.3.1/node_modules/next/dist/server/router.js:252:36)
    at async NextNodeServer.run (/app/node_modules/.pnpm/next@12.3.4_react-dom@18.3.1_react@18.3.1__react@18.3.1/node_modules/next/dist/server/base-server.js:365:29)
    at async NextNodeServer.handleRequest (/app/node_modules/.pnpm/next@12.3.4_react-dom@18.3.1_react@18.3.1__react@18.3.1/node_modules/next/dist/server/base-server.js:303:20)
    at async Server.<anonymous> (/app/server.js:19:5)
[2026-02-18T22:54:28.937Z] error: <dockerStatusService> TypeError: Cannot read properties of null (reading 'my-docker')
    at getDockerArguments (/app/.next/server/chunks/2045.js:44:14)
    at handler (/app/.next/server/pages/api/docker/status/[...service].js:88:96)
    at Object.apiResolver (/app/node_modules/.pnpm/next@12.3.4_react-dom@18.3.1_react@18.3.1__react@18.3.1/node_modules/next/dist/server/api-utils/node.js:366:15)
    at process.processTicksAndRejections (node:internal/process/task_queues:95:5)
    at async NextNodeServer.runApi (/app/node_modules/.pnpm/next@12.3.4_react-dom@18.3.1_react@18.3.1__react@18.3.1/node_modules/next/dist/server/next-server.js:481:9)
    at async Object.fn (/app/node_modules/.pnpm/next@12.3.4_react-dom@18.3.1_react@18.3.1__react@18.3.1/node_modules/next/dist/server/next-server.js:741:37)
    at async Router.execute (/app/node_modules/.pnpm/next@12.3.4_react-dom@18.3.1_react@18.3.1__react@18.3.1/node_modules/next/dist/server/router.js:252:36)
    at async NextNodeServer.run (/app/node_modules/.pnpm/next@12.3.4_react-dom@18.3.1_react@18.3.1__react@18.3.1/node_modules/next/dist/server/base-server.js:365:29)
    at async NextNodeServer.handleRequest (/app/node_modules/.pnpm/next@12.3.4_react-dom@18.3.1_react@18.3.1__react@18.3.1/node_modules/next/dist/server/base-server.js:303:20)
    at async Server.<anonymous> (/app/server.js:19:5)
[2026-02-18T22:54:28.946Z] error: <dockerStatusService> TypeError: Cannot read properties of null (reading 'my-docker')
    at getDockerArguments (/app/.next/server/chunks/2045.js:44:14)
    at handler (/app/.next/server/pages/api/docker/status/[...service].js:88:96)
    at Object.apiResolver (/app/node_modules/.pnpm/next@12.3.4_react-dom@18.3.1_react@18.3.1__react@18.3.1/node_modules/next/dist/server/api-utils/node.js:366:15)
    at process.processTicksAndRejections (node:internal/process/task_queues:95:5)
    at async NextNodeServer.runApi (/app/node_modules/.pnpm/next@12.3.4_react-dom@18.3.1_react@18.3.1__react@18.3.1/node_modules/next/dist/server/next-server.js:481:9)
    at async Object.fn (/app/node_modules/.pnpm/next@12.3.4_react-dom@18.3.1_react@18.3.1__react@18.3.1/node_modules/next/dist/server/next-server.js:741:37)
    at async Router.execute (/app/node_modules/.pnpm/next@12.3.4_react-dom@18.3.1_react@18.3.1__react@18.3.1/node_modules/next/dist/server/router.js:252:36)
    at async NextNodeServer.run (/app/node_modules/.pnpm/next@12.3.4_react-dom@18.3.1_react@18.3.1__react@18.3.1/node_modules/next/dist/server/base-server.js:365:29)
    at async NextNodeServer.handleRequest (/app/node_modules/.pnpm/next@12.3.4_react-dom@18.3.1_react@18.3.1__react@18.3.1/node_modules/next/dist/server/base-server.js:303:20)
    at async Server.<anonymous> (/app/server.js:19:5)
[2026-02-18T22:54:28.957Z] error: <httpProxy> Error calling http://127.0.0.1:18789/...
[2026-02-18T22:54:28.957Z] error: <httpProxy> [
  500,
  Error: connect ECONNREFUSED 127.0.0.1:18789
      at TCPConnectWrap.afterConnect [as oncomplete] (node:net:1555:16) {
    errno: -111,
    code: 'ECONNREFUSED',
    syscall: 'connect',
    address: '127.0.0.1',
    port: 18789
  }
]
[2026-02-18T22:54:30.891Z] error: <dockerStatusService> TypeError: Cannot read properties of null (reading 'my-docker')
    at getDockerArguments (/app/.next/server/chunks/2045.js:44:14)
    at handler (/app/.next/server/pages/api/docker/status/[...service].js:88:96)
    at Object.apiResolver (/app/node_modules/.pnpm/next@12.3.4_react-dom@18.3.1_react@18.3.1__react@18.3.1/node_modules/next/dist/server/api-utils/node.js:366:15)
    at process.processTicksAndRejections (node:internal/process/task_queues:95:5)
    at async NextNodeServer.runApi (/app/node_modules/.pnpm/next@12.3.4_react-dom@18.3.1_react@18.3.1__react@18.3.1/node_modules/next/dist/server/next-server.js:481:9)
    at async Object.fn (/app/node_modules/.pnpm/next@12.3.4_react-dom@18.3.1_react@18.3.1__react@18.3.1/node_modules/next/dist/server/next-server.js:741:37)
    at async Router.execute (/app/node_modules/.pnpm/next@12.3.4_react-dom@18.3.1_react@18.3.1__react@18.3.1/node_modules/next/dist/server/router.js:252:36)
    at async NextNodeServer.run (/app/node_modules/.pnpm/next@12.3.4_react-dom@18.3.1_react@18.3.1__react@18.3.1/node_modules/next/dist/server/base-server.js:365:29)
    at async NextNodeServer.handleRequest (/app/node_modules/.pnpm/next@12.3.4_react-dom@18.3.1_react@18.3.1__react@18.3.1/node_modules/next/dist/server/base-server.js:303:20)
    at async Server.<anonymous> (/app/server.js:19:5)
[2026-02-18T22:54:30.894Z] error: <dockerStatusService> TypeError: Cannot read properties of null (reading 'my-docker')
    at getDockerArguments (/app/.next/server/chunks/2045.js:44:14)
    at handler (/app/.next/server/pages/api/docker/status/[...service].js:88:96)
    at Object.apiResolver (/app/node_modules/.pnpm/next@12.3.4_react-dom@18.3.1_react@18.3.1__react@18.3.1/node_modules/next/dist/server/api-utils/node.js:366:15)
    at process.processTicksAndRejections (node:internal/process/task_queues:95:5)
    at async NextNodeServer.runApi (/app/node_modules/.pnpm/next@12.3.4_react-dom@18.3.1_react@18.3.1__react@18.3.1/node_modules/next/dist/server/next-server.js:481:9)
    at async Object.fn (/app/node_modules/.pnpm/next@12.3.4_react-dom@18.3.1_react@18.3.1__react@18.3.1/node_modules/next/dist/server/next-server.js:741:37)
    at async Router.execute (/app/node_modules/.pnpm/next@12.3.4_react-dom@18.3.1_react@18.3.1__react@18.3.1/node_modules/next/dist/server/router.js:252:36)
    at async NextNodeServer.run (/app/node_modules/.pnpm/next@12.3.4_react-dom@18.3.1_react@18.3.1__react@18.3.1/node_modules/next/dist/server/base-server.js:365:29)
    at async NextNodeServer.handleRequest (/app/node_modules/.pnpm/next@12.3.4_react-dom@18.3.1_react@18.3.1__react@18.3.1/node_modules/next/dist/server/base-server.js:303:20)
    at async Server.<anonymous> (/app/server.js:19:5)
[2026-02-18T22:54:30.897Z] error: <dockerStatusService> TypeError: Cannot read properties of null (reading 'my-docker')
    at getDockerArguments (/app/.next/server/chunks/2045.js:44:14)
    at handler (/app/.next/server/pages/api/docker/status/[...service].js:88:96)
    at Object.apiResolver (/app/node_modules/.pnpm/next@12.3.4_react-dom@18.3.1_react@18.3.1__react@18.3.1/node_modules/next/dist/server/api-utils/node.js:366:15)
    at process.processTicksAndRejections (node:internal/process/task_queues:95:5)
    at async NextNodeServer.runApi (/app/node_modules/.pnpm/next@12.3.4_react-dom@18.3.1_react@18.3.1__react@18.3.1/node_modules/next/dist/server/next-server.js:481:9)
    at async Object.fn (/app/node_modules/.pnpm/next@12.3.4_react-dom@18.3.1_react@18.3.1__react@18.3.1/node_modules/next/dist/server/next-server.js:741:37)
    at async Router.execute (/app/node_modules/.pnpm/next@12.3.4_react-dom@18.3.1_react@18.3.1__react@18.3.1/node_modules/next/dist/server/router.js:252:36)
    at async NextNodeServer.run (/app/node_modules/.pnpm/next@12.3.4_react-dom@18.3.1_react@18.3.1__react@18.3.1/node_modules/next/dist/server/base-server.js:365:29)
    at async NextNodeServer.handleRequest (/app/node_modules/.pnpm/next@12.3.4_react-dom@18.3.1_react@18.3.1__react@18.3.1/node_modules/next/dist/server/base-server.js:303:20)
    at async Server.<anonymous> (/app/server.js:19:5)
[2026-02-18T22:54:30.905Z] error: <dockerStatusService> TypeError: Cannot read properties of null (reading 'my-docker')
    at getDockerArguments (/app/.next/server/chunks/2045.js:44:14)
    at handler (/app/.next/server/pages/api/docker/status/[...service].js:88:96)
    at Object.apiResolver (/app/node_modules/.pnpm/next@12.3.4_react-dom@18.3.1_react@18.3.1__react@18.3.1/node_modules/next/dist/server/api-utils/node.js:366:15)
    at process.processTicksAndRejections (node:internal/process/task_queues:95:5)
    at async NextNodeServer.runApi (/app/node_modules/.pnpm/next@12.3.4_react-dom@18.3.1_react@18.3.1__react@18.3.1/node_modules/next/dist/server/next-server.js:481:9)
    at async Object.fn (/app/node_modules/.pnpm/next@12.3.4_react-dom@18.3.1_react@18.3.1__react@18.3.1/node_modules/next/dist/server/next-server.js:741:37)
    at async Router.execute (/app/node_modules/.pnpm/next@12.3.4_react-dom@18.3.1_react@18.3.1__react@18.3.1/node_modules/next/dist/server/router.js:252:36)
    at async NextNodeServer.run (/app/node_modules/.pnpm/next@12.3.4_react-dom@18.3.1_react@18.3.1__react@18.3.1/node_modules/next/dist/server/base-server.js:365:29)
    at async NextNodeServer.handleRequest (/app/node_modules/.pnpm/next@12.3.4_react-dom@18.3.1_react@18.3.1__react@18.3.1/node_modules/next/dist/server/base-server.js:303:20)
    at async Server.<anonymous> (/app/server.js:19:5)
[2026-02-18T22:54:30.908Z] error: <dockerStatusService> TypeError: Cannot read properties of null (reading 'my-docker')
    at getDockerArguments (/app/.next/server/chunks/2045.js:44:14)
    at handler (/app/.next/server/pages/api/docker/status/[...service].js:88:96)
    at Object.apiResolver (/app/node_modules/.pnpm/next@12.3.4_react-dom@18.3.1_react@18.3.1__react@18.3.1/node_modules/next/dist/server/api-utils/node.js:366:15)
    at process.processTicksAndRejections (node:internal/process/task_queues:95:5)
    at async NextNodeServer.runApi (/app/node_modules/.pnpm/next@12.3.4_react-dom@18.3.1_react@18.3.1__react@18.3.1/node_modules/next/dist/server/next-server.js:481:9)
    at async Object.fn (/app/node_modules/.pnpm/next@12.3.4_react-dom@18.3.1_react@18.3.1__react@18.3.1/node_modules/next/dist/server/next-server.js:741:37)
    at async Router.execute (/app/node_modules/.pnpm/next@12.3.4_react-dom@18.3.1_react@18.3.1__react@18.3.1/node_modules/next/dist/server/router.js:252:36)
    at async NextNodeServer.run (/app/node_modules/.pnpm/next@12.3.4_react-dom@18.3.1_react@18.3.1__react@18.3.1/node_modules/next/dist/server/base-server.js:365:29)
    at async NextNodeServer.handleRequest (/app/node_modules/.pnpm/next@12.3.4_react-dom@18.3.1_react@18.3.1__react@18.3.1/node_modules/next/dist/server/base-server.js:303:20)
    at async Server.<anonymous> (/app/server.js:19:5)
[2026-02-18T22:54:30.911Z] error: <dockerStatusService> TypeError: Cannot read properties of null (reading 'my-docker')
    at getDockerArguments (/app/.next/server/chunks/2045.js:44:14)
    at handler (/app/.next/server/pages/api/docker/status/[...service].js:88:96)
    at Object.apiResolver (/app/node_modules/.pnpm/next@12.3.4_react-dom@18.3.1_react@18.3.1__react@18.3.1/node_modules/next/dist/server/api-utils/node.js:366:15)
    at process.processTicksAndRejections (node:internal/process/task_queues:95:5)
    at async NextNodeServer.runApi (/app/node_modules/.pnpm/next@12.3.4_react-dom@18.3.1_react@18.3.1__react@18.3.1/node_modules/next/dist/server/next-server.js:481:9)
    at async Object.fn (/app/node_modules/.pnpm/next@12.3.4_react-dom@18.3.1_react@18.3.1__react@18.3.1/node_modules/next/dist/server/next-server.js:741:37)
    at async Router.execute (/app/node_modules/.pnpm/next@12.3.4_react-dom@18.3.1_react@18.3.1__react@18.3.1/node_modules/next/dist/server/router.js:252:36)
    at async NextNodeServer.run (/app/node_modules/.pnpm/next@12.3.4_react-dom@18.3.1_react@18.3.1__react@18.3.1/node_modules/next/dist/server/base-server.js:365:29)
    at async NextNodeServer.handleRequest (/app/node_modules/.pnpm/next@12.3.4_react-dom@18.3.1_react@18.3.1__react@18.3.1/node_modules/next/dist/server/base-server.js:303:20)
    at async Server.<anonymous> (/app/server.js:19:5)
[2026-02-18T22:54:30.913Z] error: <dockerStatusService> TypeError: Cannot read properties of null (reading 'my-docker')
    at getDockerArguments (/app/.next/server/chunks/2045.js:44:14)
    at handler (/app/.next/server/pages/api/docker/status/[...service].js:88:96)
    at Object.apiResolver (/app/node_modules/.pnpm/next@12.3.4_react-dom@18.3.1_react@18.3.1__react@18.3.1/node_modules/next/dist/server/api-utils/node.js:366:15)
    at process.processTicksAndRejections (node:internal/process/task_queues:95:5)
    at async NextNodeServer.runApi (/app/node_modules/.pnpm/next@12.3.4_react-dom@18.3.1_react@18.3.1__react@18.3.1/node_modules/next/dist/server/next-server.js:481:9)
    at async Object.fn (/app/node_modules/.pnpm/next@12.3.4_react-dom@18.3.1_react@18.3.1__react@18.3.1/node_modules/next/dist/server/next-server.js:741:37)
    at async Router.execute (/app/node_modules/.pnpm/next@12.3.4_react-dom@18.3.1_react@18.3.1__react@18.3.1/node_modules/next/dist/server/router.js:252:36)
    at async NextNodeServer.run (/app/node_modules/.pnpm/next@12.3.4_react-dom@18.3.1_react@18.3.1__react@18.3.1/node_modules/next/dist/server/base-server.js:365:29)
    at async NextNodeServer.handleRequest (/app/node_modules/.pnpm/next@12.3.4_react-dom@18.3.1_react@18.3.1__react@18.3.1/node_modules/next/dist/server/base-server.js:303:20)
    at async Server.<anonymous> (/app/server.js:19:5)
[2026-02-18T22:54:30.929Z] error: <httpProxy> Error calling http://127.0.0.1:18789/...
[2026-02-18T22:54:30.929Z] error: <httpProxy> [
  500,
  Error: connect ECONNREFUSED 127.0.0.1:18789
      at TCPConnectWrap.afterConnect [as oncomplete] (node:net:1555:16) {
    errno: -111,
    code: 'ECONNREFUSED',
    syscall: 'connect',
    address: '127.0.0.1',
    port: 18789
  }
]
[2026-02-18T23:10:15.293Z] error: <dockerStatusService> TypeError: Cannot read properties of null (reading 'my-docker')
    at getDockerArguments (/app/.next/server/chunks/2045.js:44:14)
    at handler (/app/.next/server/pages/api/docker/status/[...service].js:88:96)
    at Object.apiResolver (/app/node_modules/.pnpm/next@12.3.4_react-dom@18.3.1_react@18.3.1__react@18.3.1/node_modules/next/dist/server/api-utils/node.js:366:15)
    at process.processTicksAndRejections (node:internal/process/task_queues:95:5)
    at async NextNodeServer.runApi (/app/node_modules/.pnpm/next@12.3.4_react-dom@18.3.1_react@18.3.1__react@18.3.1/node_modules/next/dist/server/next-server.js:481:9)
    at async Object.fn (/app/node_modules/.pnpm/next@12.3.4_react-dom@18.3.1_react@18.3.1__react@18.3.1/node_modules/next/dist/server/next-server.js:741:37)
    at async Router.execute (/app/node_modules/.pnpm/next@12.3.4_react-dom@18.3.1_react@18.3.1__react@18.3.1/node_modules/next/dist/server/router.js:252:36)
    at async NextNodeServer.run (/app/node_modules/.pnpm/next@12.3.4_react-dom@18.3.1_react@18.3.1__react@18.3.1/node_modules/next/dist/server/base-server.js:365:29)
    at async NextNodeServer.handleRequest (/app/node_modules/.pnpm/next@12.3.4_react-dom@18.3.1_react@18.3.1__react@18.3.1/node_modules/next/dist/server/base-server.js:303:20)
    at async Server.<anonymous> (/app/server.js:19:5)
[2026-02-18T23:10:15.303Z] error: <dockerStatusService> TypeError: Cannot read properties of null (reading 'my-docker')
    at getDockerArguments (/app/.next/server/chunks/2045.js:44:14)
    at handler (/app/.next/server/pages/api/docker/status/[...service].js:88:96)
    at Object.apiResolver (/app/node_modules/.pnpm/next@12.3.4_react-dom@18.3.1_react@18.3.1__react@18.3.1/node_modules/next/dist/server/api-utils/node.js:366:15)
    at process.processTicksAndRejections (node:internal/process/task_queues:95:5)
    at async NextNodeServer.runApi (/app/node_modules/.pnpm/next@12.3.4_react-dom@18.3.1_react@18.3.1__react@18.3.1/node_modules/next/dist/server/next-server.js:481:9)
    at async Object.fn (/app/node_modules/.pnpm/next@12.3.4_react-dom@18.3.1_react@18.3.1__react@18.3.1/node_modules/next/dist/server/next-server.js:741:37)
    at async Router.execute (/app/node_modules/.pnpm/next@12.3.4_react-dom@18.3.1_react@18.3.1__react@18.3.1/node_modules/next/dist/server/router.js:252:36)
    at async NextNodeServer.run (/app/node_modules/.pnpm/next@12.3.4_react-dom@18.3.1_react@18.3.1__react@18.3.1/node_modules/next/dist/server/base-server.js:365:29)
    at async NextNodeServer.handleRequest (/app/node_modules/.pnpm/next@12.3.4_react-dom@18.3.1_react@18.3.1__react@18.3.1/node_modules/next/dist/server/base-server.js:303:20)
    at async Server.<anonymous> (/app/server.js:19:5)
[2026-02-18T23:10:15.307Z] error: <dockerStatusService> TypeError: Cannot read properties of null (reading 'my-docker')
    at getDockerArguments (/app/.next/server/chunks/2045.js:44:14)
    at handler (/app/.next/server/pages/api/docker/status/[...service].js:88:96)
    at Object.apiResolver (/app/node_modules/.pnpm/next@12.3.4_react-dom@18.3.1_react@18.3.1__react@18.3.1/node_modules/next/dist/server/api-utils/node.js:366:15)
    at process.processTicksAndRejections (node:internal/process/task_queues:95:5)
    at async NextNodeServer.runApi (/app/node_modules/.pnpm/next@12.3.4_react-dom@18.3.1_react@18.3.1__react@18.3.1/node_modules/next/dist/server/next-server.js:481:9)
    at async Object.fn (/app/node_modules/.pnpm/next@12.3.4_react-dom@18.3.1_react@18.3.1__react@18.3.1/node_modules/next/dist/server/next-server.js:741:37)
    at async Router.execute (/app/node_modules/.pnpm/next@12.3.4_react-dom@18.3.1_react@18.3.1__react@18.3.1/node_modules/next/dist/server/router.js:252:36)
    at async NextNodeServer.run (/app/node_modules/.pnpm/next@12.3.4_react-dom@18.3.1_react@18.3.1__react@18.3.1/node_modules/next/dist/server/base-server.js:365:29)
    at async NextNodeServer.handleRequest (/app/node_modules/.pnpm/next@12.3.4_react-dom@18.3.1_react@18.3.1__react@18.3.1/node_modules/next/dist/server/base-server.js:303:20)
    at async Server.<anonymous> (/app/server.js:19:5)
[2026-02-18T23:10:15.328Z] error: <dockerStatusService> TypeError: Cannot read properties of null (reading 'my-docker')
    at getDockerArguments (/app/.next/server/chunks/2045.js:44:14)
    at handler (/app/.next/server/pages/api/docker/status/[...service].js:88:96)
    at Object.apiResolver (/app/node_modules/.pnpm/next@12.3.4_react-dom@18.3.1_react@18.3.1__react@18.3.1/node_modules/next/dist/server/api-utils/node.js:366:15)
    at process.processTicksAndRejections (node:internal/process/task_queues:95:5)
    at async NextNodeServer.runApi (/app/node_modules/.pnpm/next@12.3.4_react-dom@18.3.1_react@18.3.1__react@18.3.1/node_modules/next/dist/server/next-server.js:481:9)
    at async Object.fn (/app/node_modules/.pnpm/next@12.3.4_react-dom@18.3.1_react@18.3.1__react@18.3.1/node_modules/next/dist/server/next-server.js:741:37)
    at async Router.execute (/app/node_modules/.pnpm/next@12.3.4_react-dom@18.3.1_react@18.3.1__react@18.3.1/node_modules/next/dist/server/router.js:252:36)
    at async NextNodeServer.run (/app/node_modules/.pnpm/next@12.3.4_react-dom@18.3.1_react@18.3.1__react@18.3.1/node_modules/next/dist/server/base-server.js:365:29)
    at async NextNodeServer.handleRequest (/app/node_modules/.pnpm/next@12.3.4_react-dom@18.3.1_react@18.3.1__react@18.3.1/node_modules/next/dist/server/base-server.js:303:20)
    at async Server.<anonymous> (/app/server.js:19:5)
[2026-02-18T23:10:15.336Z] error: <dockerStatusService> TypeError: Cannot read properties of null (reading 'my-docker')
    at getDockerArguments (/app/.next/server/chunks/2045.js:44:14)
    at handler (/app/.next/server/pages/api/docker/status/[...service].js:88:96)
    at Object.apiResolver (/app/node_modules/.pnpm/next@12.3.4_react-dom@18.3.1_react@18.3.1__react@18.3.1/node_modules/next/dist/server/api-utils/node.js:366:15)
    at process.processTicksAndRejections (node:internal/process/task_queues:95:5)
    at async NextNodeServer.runApi (/app/node_modules/.pnpm/next@12.3.4_react-dom@18.3.1_react@18.3.1__react@18.3.1/node_modules/next/dist/server/next-server.js:481:9)
    at async Object.fn (/app/node_modules/.pnpm/next@12.3.4_react-dom@18.3.1_react@18.3.1__react@18.3.1/node_modules/next/dist/server/next-server.js:741:37)
    at async Router.execute (/app/node_modules/.pnpm/next@12.3.4_react-dom@18.3.1_react@18.3.1__react@18.3.1/node_modules/next/dist/server/router.js:252:36)
    at async NextNodeServer.run (/app/node_modules/.pnpm/next@12.3.4_react-dom@18.3.1_react@18.3.1__react@18.3.1/node_modules/next/dist/server/base-server.js:365:29)
    at async NextNodeServer.handleRequest (/app/node_modules/.pnpm/next@12.3.4_react-dom@18.3.1_react@18.3.1__react@18.3.1/node_modules/next/dist/server/base-server.js:303:20)
    at async Server.<anonymous> (/app/server.js:19:5)
[2026-02-18T23:10:15.340Z] error: <dockerStatusService> TypeError: Cannot read properties of null (reading 'my-docker')
    at getDockerArguments (/app/.next/server/chunks/2045.js:44:14)
    at handler (/app/.next/server/pages/api/docker/status/[...service].js:88:96)
    at Object.apiResolver (/app/node_modules/.pnpm/next@12.3.4_react-dom@18.3.1_react@18.3.1__react@18.3.1/node_modules/next/dist/server/api-utils/node.js:366:15)
    at process.processTicksAndRejections (node:internal/process/task_queues:95:5)
    at async NextNodeServer.runApi (/app/node_modules/.pnpm/next@12.3.4_react-dom@18.3.1_react@18.3.1__react@18.3.1/node_modules/next/dist/server/next-server.js:481:9)
    at async Object.fn (/app/node_modules/.pnpm/next@12.3.4_react-dom@18.3.1_react@18.3.1__react@18.3.1/node_modules/next/dist/server/next-server.js:741:37)
    at async Router.execute (/app/node_modules/.pnpm/next@12.3.4_react-dom@18.3.1_react@18.3.1__react@18.3.1/node_modules/next/dist/server/router.js:252:36)
    at async NextNodeServer.run (/app/node_modules/.pnpm/next@12.3.4_react-dom@18.3.1_react@18.3.1__react@18.3.1/node_modules/next/dist/server/base-server.js:365:29)
    at async NextNodeServer.handleRequest (/app/node_modules/.pnpm/next@12.3.4_react-dom@18.3.1_react@18.3.1__react@18.3.1/node_modules/next/dist/server/base-server.js:303:20)
    at async Server.<anonymous> (/app/server.js:19:5)
[2026-02-18T23:10:15.344Z] error: <dockerStatusService> TypeError: Cannot read properties of null (reading 'my-docker')
    at getDockerArguments (/app/.next/server/chunks/2045.js:44:14)
    at handler (/app/.next/server/pages/api/docker/status/[...service].js:88:96)
    at Object.apiResolver (/app/node_modules/.pnpm/next@12.3.4_react-dom@18.3.1_react@18.3.1__react@18.3.1/node_modules/next/dist/server/api-utils/node.js:366:15)
    at process.processTicksAndRejections (node:internal/process/task_queues:95:5)
    at async NextNodeServer.runApi (/app/node_modules/.pnpm/next@12.3.4_react-dom@18.3.1_react@18.3.1__react@18.3.1/node_modules/next/dist/server/next-server.js:481:9)
    at async Object.fn (/app/node_modules/.pnpm/next@12.3.4_react-dom@18.3.1_react@18.3.1__react@18.3.1/node_modules/next/dist/server/next-server.js:741:37)
    at async Router.execute (/app/node_modules/.pnpm/next@12.3.4_react-dom@18.3.1_react@18.3.1__react@18.3.1/node_modules/next/dist/server/router.js:252:36)
    at async NextNodeServer.run (/app/node_modules/.pnpm/next@12.3.4_react-dom@18.3.1_react@18.3.1__react@18.3.1/node_modules/next/dist/server/base-server.js:365:29)
    at async NextNodeServer.handleRequest (/app/node_modules/.pnpm/next@12.3.4_react-dom@18.3.1_react@18.3.1__react@18.3.1/node_modules/next/dist/server/base-server.js:303:20)
    at async Server.<anonymous> (/app/server.js:19:5)
[2026-02-18T23:10:15.706Z] error: <httpProxy> Error calling http://127.0.0.1:18789/...
[2026-02-18T23:10:15.708Z] error: <httpProxy> [
  500,
  Error: connect ECONNREFUSED 127.0.0.1:18789
      at TCPConnectWrap.afterConnect [as oncomplete] (node:net:1555:16) {
    errno: -111,
    code: 'ECONNREFUSED',
    syscall: 'connect',
    address: '127.0.0.1',
    port: 18789
  }
]
[2026-02-18T23:14:09.221Z] error: <dockerStatusService> TypeError: Cannot read properties of null (reading 'my-docker')
    at getDockerArguments (/app/.next/server/chunks/2045.js:44:14)
    at handler (/app/.next/server/pages/api/docker/status/[...service].js:88:96)
    at Object.apiResolver (/app/node_modules/.pnpm/next@12.3.4_react-dom@18.3.1_react@18.3.1__react@18.3.1/node_modules/next/dist/server/api-utils/node.js:366:15)
    at process.processTicksAndRejections (node:internal/process/task_queues:95:5)
    at async NextNodeServer.runApi (/app/node_modules/.pnpm/next@12.3.4_react-dom@18.3.1_react@18.3.1__react@18.3.1/node_modules/next/dist/server/next-server.js:481:9)
    at async Object.fn (/app/node_modules/.pnpm/next@12.3.4_react-dom@18.3.1_react@18.3.1__react@18.3.1/node_modules/next/dist/server/next-server.js:741:37)
    at async Router.execute (/app/node_modules/.pnpm/next@12.3.4_react-dom@18.3.1_react@18.3.1__react@18.3.1/node_modules/next/dist/server/router.js:252:36)
    at async NextNodeServer.run (/app/node_modules/.pnpm/next@12.3.4_react-dom@18.3.1_react@18.3.1__react@18.3.1/node_modules/next/dist/server/base-server.js:365:29)
    at async NextNodeServer.handleRequest (/app/node_modules/.pnpm/next@12.3.4_react-dom@18.3.1_react@18.3.1__react@18.3.1/node_modules/next/dist/server/base-server.js:303:20)
    at async Server.<anonymous> (/app/server.js:19:5)
[2026-02-18T23:14:09.246Z] error: <dockerStatusService> TypeError: Cannot read properties of null (reading 'my-docker')
    at getDockerArguments (/app/.next/server/chunks/2045.js:44:14)
    at handler (/app/.next/server/pages/api/docker/status/[...service].js:88:96)
    at Object.apiResolver (/app/node_modules/.pnpm/next@12.3.4_react-dom@18.3.1_react@18.3.1__react@18.3.1/node_modules/next/dist/server/api-utils/node.js:366:15)
    at process.processTicksAndRejections (node:internal/process/task_queues:95:5)
    at async NextNodeServer.runApi (/app/node_modules/.pnpm/next@12.3.4_react-dom@18.3.1_react@18.3.1__react@18.3.1/node_modules/next/dist/server/next-server.js:481:9)
    at async Object.fn (/app/node_modules/.pnpm/next@12.3.4_react-dom@18.3.1_react@18.3.1__react@18.3.1/node_modules/next/dist/server/next-server.js:741:37)
    at async Router.execute (/app/node_modules/.pnpm/next@12.3.4_react-dom@18.3.1_react@18.3.1__react@18.3.1/node_modules/next/dist/server/router.js:252:36)
    at async NextNodeServer.run (/app/node_modules/.pnpm/next@12.3.4_react-dom@18.3.1_react@18.3.1__react@18.3.1/node_modules/next/dist/server/base-server.js:365:29)
    at async NextNodeServer.handleRequest (/app/node_modules/.pnpm/next@12.3.4_react-dom@18.3.1_react@18.3.1__react@18.3.1/node_modules/next/dist/server/base-server.js:303:20)
    at async Server.<anonymous> (/app/server.js:19:5)
[2026-02-18T23:14:09.255Z] error: <dockerStatusService> TypeError: Cannot read properties of null (reading 'my-docker')
    at getDockerArguments (/app/.next/server/chunks/2045.js:44:14)
    at handler (/app/.next/server/pages/api/docker/status/[...service].js:88:96)
    at Object.apiResolver (/app/node_modules/.pnpm/next@12.3.4_react-dom@18.3.1_react@18.3.1__react@18.3.1/node_modules/next/dist/server/api-utils/node.js:366:15)
    at process.processTicksAndRejections (node:internal/process/task_queues:95:5)
    at async NextNodeServer.runApi (/app/node_modules/.pnpm/next@12.3.4_react-dom@18.3.1_react@18.3.1__react@18.3.1/node_modules/next/dist/server/next-server.js:481:9)
    at async Object.fn (/app/node_modules/.pnpm/next@12.3.4_react-dom@18.3.1_react@18.3.1__react@18.3.1/node_modules/next/dist/server/next-server.js:741:37)
    at async Router.execute (/app/node_modules/.pnpm/next@12.3.4_react-dom@18.3.1_react@18.3.1__react@18.3.1/node_modules/next/dist/server/router.js:252:36)
    at async NextNodeServer.run (/app/node_modules/.pnpm/next@12.3.4_react-dom@18.3.1_react@18.3.1__react@18.3.1/node_modules/next/dist/server/base-server.js:365:29)
    at async NextNodeServer.handleRequest (/app/node_modules/.pnpm/next@12.3.4_react-dom@18.3.1_react@18.3.1__react@18.3.1/node_modules/next/dist/server/base-server.js:303:20)
    at async Server.<anonymous> (/app/server.js:19:5)
[2026-02-18T23:14:09.259Z] error: <dockerStatusService> TypeError: Cannot read properties of null (reading 'my-docker')
    at getDockerArguments (/app/.next/server/chunks/2045.js:44:14)
    at handler (/app/.next/server/pages/api/docker/status/[...service].js:88:96)
    at Object.apiResolver (/app/node_modules/.pnpm/next@12.3.4_react-dom@18.3.1_react@18.3.1__react@18.3.1/node_modules/next/dist/server/api-utils/node.js:366:15)
    at process.processTicksAndRejections (node:internal/process/task_queues:95:5)
    at async NextNodeServer.runApi (/app/node_modules/.pnpm/next@12.3.4_react-dom@18.3.1_react@18.3.1__react@18.3.1/node_modules/next/dist/server/next-server.js:481:9)
    at async Object.fn (/app/node_modules/.pnpm/next@12.3.4_react-dom@18.3.1_react@18.3.1__react@18.3.1/node_modules/next/dist/server/next-server.js:741:37)
    at async Router.execute (/app/node_modules/.pnpm/next@12.3.4_react-dom@18.3.1_react@18.3.1__react@18.3.1/node_modules/next/dist/server/router.js:252:36)
    at async NextNodeServer.run (/app/node_modules/.pnpm/next@12.3.4_react-dom@18.3.1_react@18.3.1__react@18.3.1/node_modules/next/dist/server/base-server.js:365:29)
    at async NextNodeServer.handleRequest (/app/node_modules/.pnpm/next@12.3.4_react-dom@18.3.1_react@18.3.1__react@18.3.1/node_modules/next/dist/server/base-server.js:303:20)
    at async Server.<anonymous> (/app/server.js:19:5)
[2026-02-18T23:14:09.266Z] error: <dockerStatusService> TypeError: Cannot read properties of null (reading 'my-docker')
    at getDockerArguments (/app/.next/server/chunks/2045.js:44:14)
    at handler (/app/.next/server/pages/api/docker/status/[...service].js:88:96)
    at Object.apiResolver (/app/node_modules/.pnpm/next@12.3.4_react-dom@18.3.1_react@18.3.1__react@18.3.1/node_modules/next/dist/server/api-utils/node.js:366:15)
    at process.processTicksAndRejections (node:internal/process/task_queues:95:5)
    at async NextNodeServer.runApi (/app/node_modules/.pnpm/next@12.3.4_react-dom@18.3.1_react@18.3.1__react@18.3.1/node_modules/next/dist/server/next-server.js:481:9)
    at async Object.fn (/app/node_modules/.pnpm/next@12.3.4_react-dom@18.3.1_react@18.3.1__react@18.3.1/node_modules/next/dist/server/next-server.js:741:37)
    at async Router.execute (/app/node_modules/.pnpm/next@12.3.4_react-dom@18.3.1_react@18.3.1__react@18.3.1/node_modules/next/dist/server/router.js:252:36)
    at async NextNodeServer.run (/app/node_modules/.pnpm/next@12.3.4_react-dom@18.3.1_react@18.3.1__react@18.3.1/node_modules/next/dist/server/base-server.js:365:29)
    at async NextNodeServer.handleRequest (/app/node_modules/.pnpm/next@12.3.4_react-dom@18.3.1_react@18.3.1__react@18.3.1/node_modules/next/dist/server/base-server.js:303:20)
    at async Server.<anonymous> (/app/server.js:19:5)
[2026-02-18T23:14:09.270Z] error: <dockerStatusService> TypeError: Cannot read properties of null (reading 'my-docker')
    at getDockerArguments (/app/.next/server/chunks/2045.js:44:14)
    at handler (/app/.next/server/pages/api/docker/status/[...service].js:88:96)
    at Object.apiResolver (/app/node_modules/.pnpm/next@12.3.4_react-dom@18.3.1_react@18.3.1__react@18.3.1/node_modules/next/dist/server/api-utils/node.js:366:15)
    at process.processTicksAndRejections (node:internal/process/task_queues:95:5)
    at async NextNodeServer.runApi (/app/node_modules/.pnpm/next@12.3.4_react-dom@18.3.1_react@18.3.1__react@18.3.1/node_modules/next/dist/server/next-server.js:481:9)
    at async Object.fn (/app/node_modules/.pnpm/next@12.3.4_react-dom@18.3.1_react@18.3.1__react@18.3.1/node_modules/next/dist/server/next-server.js:741:37)
    at async Router.execute (/app/node_modules/.pnpm/next@12.3.4_react-dom@18.3.1_react@18.3.1__react@18.3.1/node_modules/next/dist/server/router.js:252:36)
    at async NextNodeServer.run (/app/node_modules/.pnpm/next@12.3.4_react-dom@18.3.1_react@18.3.1__react@18.3.1/node_modules/next/dist/server/base-server.js:365:29)
    at async NextNodeServer.handleRequest (/app/node_modules/.pnpm/next@12.3.4_react-dom@18.3.1_react@18.3.1__react@18.3.1/node_modules/next/dist/server/base-server.js:303:20)
    at async Server.<anonymous> (/app/server.js:19:5)
[2026-02-18T23:14:09.278Z] error: <dockerStatusService> TypeError: Cannot read properties of null (reading 'my-docker')
    at getDockerArguments (/app/.next/server/chunks/2045.js:44:14)
    at handler (/app/.next/server/pages/api/docker/status/[...service].js:88:96)
    at Object.apiResolver (/app/node_modules/.pnpm/next@12.3.4_react-dom@18.3.1_react@18.3.1__react@18.3.1/node_modules/next/dist/server/api-utils/node.js:366:15)
    at process.processTicksAndRejections (node:internal/process/task_queues:95:5)
    at async NextNodeServer.runApi (/app/node_modules/.pnpm/next@12.3.4_react-dom@18.3.1_react@18.3.1__react@18.3.1/node_modules/next/dist/server/next-server.js:481:9)
    at async Object.fn (/app/node_modules/.pnpm/next@12.3.4_react-dom@18.3.1_react@18.3.1__react@18.3.1/node_modules/next/dist/server/next-server.js:741:37)
    at async Router.execute (/app/node_modules/.pnpm/next@12.3.4_react-dom@18.3.1_react@18.3.1__react@18.3.1/node_modules/next/dist/server/router.js:252:36)
    at async NextNodeServer.run (/app/node_modules/.pnpm/next@12.3.4_react-dom@18.3.1_react@18.3.1__react@18.3.1/node_modules/next/dist/server/base-server.js:365:29)
    at async NextNodeServer.handleRequest (/app/node_modules/.pnpm/next@12.3.4_react-dom@18.3.1_react@18.3.1__react@18.3.1/node_modules/next/dist/server/base-server.js:303:20)
    at async Server.<anonymous> (/app/server.js:19:5)
[2026-02-18T23:14:09.308Z] error: <httpProxy> Error calling http://127.0.0.1:18789/...
[2026-02-18T23:14:09.309Z] error: <httpProxy> [
  500,
  Error: connect ECONNREFUSED 127.0.0.1:18789
      at TCPConnectWrap.afterConnect [as oncomplete] (node:net:1555:16) {
    errno: -111,
    code: 'ECONNREFUSED',
    syscall: 'connect',
    address: '127.0.0.1',
    port: 18789
  }
]
[2026-02-18T23:17:13.546Z] error: <dockerStatusService> TypeError: Cannot read properties of null (reading 'my-docker')
    at getDockerArguments (/app/.next/server/chunks/2045.js:44:14)
    at handler (/app/.next/server/pages/api/docker/status/[...service].js:88:96)
    at Object.apiResolver (/app/node_modules/.pnpm/next@12.3.4_react-dom@18.3.1_react@18.3.1__react@18.3.1/node_modules/next/dist/server/api-utils/node.js:366:15)
    at process.processTicksAndRejections (node:internal/process/task_queues:95:5)
    at async NextNodeServer.runApi (/app/node_modules/.pnpm/next@12.3.4_react-dom@18.3.1_react@18.3.1__react@18.3.1/node_modules/next/dist/server/next-server.js:481:9)
    at async Object.fn (/app/node_modules/.pnpm/next@12.3.4_react-dom@18.3.1_react@18.3.1__react@18.3.1/node_modules/next/dist/server/next-server.js:741:37)
    at async Router.execute (/app/node_modules/.pnpm/next@12.3.4_react-dom@18.3.1_react@18.3.1__react@18.3.1/node_modules/next/dist/server/router.js:252:36)
    at async NextNodeServer.run (/app/node_modules/.pnpm/next@12.3.4_react-dom@18.3.1_react@18.3.1__react@18.3.1/node_modules/next/dist/server/base-server.js:365:29)
    at async NextNodeServer.handleRequest (/app/node_modules/.pnpm/next@12.3.4_react-dom@18.3.1_react@18.3.1__react@18.3.1/node_modules/next/dist/server/base-server.js:303:20)
    at async Server.<anonymous> (/app/server.js:19:5)
[2026-02-18T23:17:13.558Z] error: <dockerStatusService> TypeError: Cannot read properties of null (reading 'my-docker')
    at getDockerArguments (/app/.next/server/chunks/2045.js:44:14)
    at handler (/app/.next/server/pages/api/docker/status/[...service].js:88:96)
    at Object.apiResolver (/app/node_modules/.pnpm/next@12.3.4_react-dom@18.3.1_react@18.3.1__react@18.3.1/node_modules/next/dist/server/api-utils/node.js:366:15)
    at process.processTicksAndRejections (node:internal/process/task_queues:95:5)
    at async NextNodeServer.runApi (/app/node_modules/.pnpm/next@12.3.4_react-dom@18.3.1_react@18.3.1__react@18.3.1/node_modules/next/dist/server/next-server.js:481:9)
    at async Object.fn (/app/node_modules/.pnpm/next@12.3.4_react-dom@18.3.1_react@18.3.1__react@18.3.1/node_modules/next/dist/server/next-server.js:741:37)
    at async Router.execute (/app/node_modules/.pnpm/next@12.3.4_react-dom@18.3.1_react@18.3.1__react@18.3.1/node_modules/next/dist/server/router.js:252:36)
    at async NextNodeServer.run (/app/node_modules/.pnpm/next@12.3.4_react-dom@18.3.1_react@18.3.1__react@18.3.1/node_modules/next/dist/server/base-server.js:365:29)
    at async NextNodeServer.handleRequest (/app/node_modules/.pnpm/next@12.3.4_react-dom@18.3.1_react@18.3.1__react@18.3.1/node_modules/next/dist/server/base-server.js:303:20)
    at async Server.<anonymous> (/app/server.js:19:5)
[2026-02-18T23:17:13.561Z] error: <dockerStatusService> TypeError: Cannot read properties of null (reading 'my-docker')
    at getDockerArguments (/app/.next/server/chunks/2045.js:44:14)
    at handler (/app/.next/server/pages/api/docker/status/[...service].js:88:96)
    at Object.apiResolver (/app/node_modules/.pnpm/next@12.3.4_react-dom@18.3.1_react@18.3.1__react@18.3.1/node_modules/next/dist/server/api-utils/node.js:366:15)
    at process.processTicksAndRejections (node:internal/process/task_queues:95:5)
    at async NextNodeServer.runApi (/app/node_modules/.pnpm/next@12.3.4_react-dom@18.3.1_react@18.3.1__react@18.3.1/node_modules/next/dist/server/next-server.js:481:9)
    at async Object.fn (/app/node_modules/.pnpm/next@12.3.4_react-dom@18.3.1_react@18.3.1__react@18.3.1/node_modules/next/dist/server/next-server.js:741:37)
    at async Router.execute (/app/node_modules/.pnpm/next@12.3.4_react-dom@18.3.1_react@18.3.1__react@18.3.1/node_modules/next/dist/server/router.js:252:36)
    at async NextNodeServer.run (/app/node_modules/.pnpm/next@12.3.4_react-dom@18.3.1_react@18.3.1__react@18.3.1/node_modules/next/dist/server/base-server.js:365:29)
    at async NextNodeServer.handleRequest (/app/node_modules/.pnpm/next@12.3.4_react-dom@18.3.1_react@18.3.1__react@18.3.1/node_modules/next/dist/server/base-server.js:303:20)
    at async Server.<anonymous> (/app/server.js:19:5)
[2026-02-18T23:17:13.564Z] error: <dockerStatusService> TypeError: Cannot read properties of null (reading 'my-docker')
    at getDockerArguments (/app/.next/server/chunks/2045.js:44:14)
    at handler (/app/.next/server/pages/api/docker/status/[...service].js:88:96)
    at Object.apiResolver (/app/node_modules/.pnpm/next@12.3.4_react-dom@18.3.1_react@18.3.1__react@18.3.1/node_modules/next/dist/server/api-utils/node.js:366:15)
    at process.processTicksAndRejections (node:internal/process/task_queues:95:5)
    at async NextNodeServer.runApi (/app/node_modules/.pnpm/next@12.3.4_react-dom@18.3.1_react@18.3.1__react@18.3.1/node_modules/next/dist/server/next-server.js:481:9)
    at async Object.fn (/app/node_modules/.pnpm/next@12.3.4_react-dom@18.3.1_react@18.3.1__react@18.3.1/node_modules/next/dist/server/next-server.js:741:37)
    at async Router.execute (/app/node_modules/.pnpm/next@12.3.4_react-dom@18.3.1_react@18.3.1__react@18.3.1/node_modules/next/dist/server/router.js:252:36)
    at async NextNodeServer.run (/app/node_modules/.pnpm/next@12.3.4_react-dom@18.3.1_react@18.3.1__react@18.3.1/node_modules/next/dist/server/base-server.js:365:29)
    at async NextNodeServer.handleRequest (/app/node_modules/.pnpm/next@12.3.4_react-dom@18.3.1_react@18.3.1__react@18.3.1/node_modules/next/dist/server/base-server.js:303:20)
    at async Server.<anonymous> (/app/server.js:19:5)
[2026-02-18T23:17:13.568Z] error: <dockerStatusService> TypeError: Cannot read properties of null (reading 'my-docker')
    at getDockerArguments (/app/.next/server/chunks/2045.js:44:14)
    at handler (/app/.next/server/pages/api/docker/status/[...service].js:88:96)
    at Object.apiResolver (/app/node_modules/.pnpm/next@12.3.4_react-dom@18.3.1_react@18.3.1__react@18.3.1/node_modules/next/dist/server/api-utils/node.js:366:15)
    at process.processTicksAndRejections (node:internal/process/task_queues:95:5)
    at async NextNodeServer.runApi (/app/node_modules/.pnpm/next@12.3.4_react-dom@18.3.1_react@18.3.1__react@18.3.1/node_modules/next/dist/server/next-server.js:481:9)
    at async Object.fn (/app/node_modules/.pnpm/next@12.3.4_react-dom@18.3.1_react@18.3.1__react@18.3.1/node_modules/next/dist/server/next-server.js:741:37)
    at async Router.execute (/app/node_modules/.pnpm/next@12.3.4_react-dom@18.3.1_react@18.3.1__react@18.3.1/node_modules/next/dist/server/router.js:252:36)
    at async NextNodeServer.run (/app/node_modules/.pnpm/next@12.3.4_react-dom@18.3.1_react@18.3.1__react@18.3.1/node_modules/next/dist/server/base-server.js:365:29)
    at async NextNodeServer.handleRequest (/app/node_modules/.pnpm/next@12.3.4_react-dom@18.3.1_react@18.3.1__react@18.3.1/node_modules/next/dist/server/base-server.js:303:20)
    at async Server.<anonymous> (/app/server.js:19:5)
[2026-02-18T23:17:13.577Z] error: <dockerStatusService> TypeError: Cannot read properties of null (reading 'my-docker')
    at getDockerArguments (/app/.next/server/chunks/2045.js:44:14)
    at handler (/app/.next/server/pages/api/docker/status/[...service].js:88:96)
    at Object.apiResolver (/app/node_modules/.pnpm/next@12.3.4_react-dom@18.3.1_react@18.3.1__react@18.3.1/node_modules/next/dist/server/api-utils/node.js:366:15)
    at process.processTicksAndRejections (node:internal/process/task_queues:95:5)
    at async NextNodeServer.runApi (/app/node_modules/.pnpm/next@12.3.4_react-dom@18.3.1_react@18.3.1__react@18.3.1/node_modules/next/dist/server/next-server.js:481:9)
    at async Object.fn (/app/node_modules/.pnpm/next@12.3.4_react-dom@18.3.1_react@18.3.1__react@18.3.1/node_modules/next/dist/server/next-server.js:741:37)
    at async Router.execute (/app/node_modules/.pnpm/next@12.3.4_react-dom@18.3.1_react@18.3.1__react@18.3.1/node_modules/next/dist/server/router.js:252:36)
    at async NextNodeServer.run (/app/node_modules/.pnpm/next@12.3.4_react-dom@18.3.1_react@18.3.1__react@18.3.1/node_modules/next/dist/server/base-server.js:365:29)
    at async NextNodeServer.handleRequest (/app/node_modules/.pnpm/next@12.3.4_react-dom@18.3.1_react@18.3.1__react@18.3.1/node_modules/next/dist/server/base-server.js:303:20)
    at async Server.<anonymous> (/app/server.js:19:5)
[2026-02-18T23:17:13.584Z] error: <dockerStatusService> TypeError: Cannot read properties of null (reading 'my-docker')
    at getDockerArguments (/app/.next/server/chunks/2045.js:44:14)
    at handler (/app/.next/server/pages/api/docker/status/[...service].js:88:96)
    at Object.apiResolver (/app/node_modules/.pnpm/next@12.3.4_react-dom@18.3.1_react@18.3.1__react@18.3.1/node_modules/next/dist/server/api-utils/node.js:366:15)
    at process.processTicksAndRejections (node:internal/process/task_queues:95:5)
    at async NextNodeServer.runApi (/app/node_modules/.pnpm/next@12.3.4_react-dom@18.3.1_react@18.3.1__react@18.3.1/node_modules/next/dist/server/next-server.js:481:9)
    at async Object.fn (/app/node_modules/.pnpm/next@12.3.4_react-dom@18.3.1_react@18.3.1__react@18.3.1/node_modules/next/dist/server/next-server.js:741:37)
    at async Router.execute (/app/node_modules/.pnpm/next@12.3.4_react-dom@18.3.1_react@18.3.1__react@18.3.1/node_modules/next/dist/server/router.js:252:36)
    at async NextNodeServer.run (/app/node_modules/.pnpm/next@12.3.4_react-dom@18.3.1_react@18.3.1__react@18.3.1/node_modules/next/dist/server/base-server.js:365:29)
    at async NextNodeServer.handleRequest (/app/node_modules/.pnpm/next@12.3.4_react-dom@18.3.1_react@18.3.1__react@18.3.1/node_modules/next/dist/server/base-server.js:303:20)
    at async Server.<anonymous> (/app/server.js:19:5)
[2026-02-18T23:17:13.626Z] error: <httpProxy> Error calling http://127.0.0.1:18789/...
[2026-02-18T23:17:13.627Z] error: <httpProxy> [
  500,
  Error: connect ECONNREFUSED 127.0.0.1:18789
      at TCPConnectWrap.afterConnect [as oncomplete] (node:net:1555:16) {
    errno: -111,
    code: 'ECONNREFUSED',
    syscall: 'connect',
    address: '127.0.0.1',
    port: 18789
  }
]
[2026-02-18T23:17:23.464Z] error: <httpProxy> Error calling http://127.0.0.1:18789/...
[2026-02-18T23:17:23.465Z] error: <httpProxy> [
  500,
  Error: connect ECONNREFUSED 127.0.0.1:18789
      at TCPConnectWrap.afterConnect [as oncomplete] (node:net:1555:16) {
    errno: -111,
    code: 'ECONNREFUSED',
    syscall: 'connect',
    address: '127.0.0.1',
    port: 18789
  }
]
[2026-02-18T23:17:33.516Z] error: <httpProxy> Error calling http://127.0.0.1:18789/...
[2026-02-18T23:17:33.517Z] error: <httpProxy> [
  500,
  Error: connect ECONNREFUSED 127.0.0.1:18789
      at TCPConnectWrap.afterConnect [as oncomplete] (node:net:1555:16) {
    errno: -111,
    code: 'ECONNREFUSED',
    syscall: 'connect',
    address: '127.0.0.1',
    port: 18789
  }
]
[2026-02-18T23:17:43.559Z] error: <httpProxy> Error calling http://127.0.0.1:18789/...
[2026-02-18T23:17:43.560Z] error: <httpProxy> [
  500,
  Error: connect ECONNREFUSED 127.0.0.1:18789
      at TCPConnectWrap.afterConnect [as oncomplete] (node:net:1555:16) {
    errno: -111,
    code: 'ECONNREFUSED',
    syscall: 'connect',
    address: '127.0.0.1',
    port: 18789
  }
]
[2026-02-18T23:17:47.681Z] error: <dockerStatusService> TypeError: Cannot read properties of null (reading 'my-docker')
    at getDockerArguments (/app/.next/server/chunks/2045.js:44:14)
    at handler (/app/.next/server/pages/api/docker/status/[...service].js:88:96)
    at Object.apiResolver (/app/node_modules/.pnpm/next@12.3.4_react-dom@18.3.1_react@18.3.1__react@18.3.1/node_modules/next/dist/server/api-utils/node.js:366:15)
    at process.processTicksAndRejections (node:internal/process/task_queues:95:5)
    at async NextNodeServer.runApi (/app/node_modules/.pnpm/next@12.3.4_react-dom@18.3.1_react@18.3.1__react@18.3.1/node_modules/next/dist/server/next-server.js:481:9)
    at async Object.fn (/app/node_modules/.pnpm/next@12.3.4_react-dom@18.3.1_react@18.3.1__react@18.3.1/node_modules/next/dist/server/next-server.js:741:37)
    at async Router.execute (/app/node_modules/.pnpm/next@12.3.4_react-dom@18.3.1_react@18.3.1__react@18.3.1/node_modules/next/dist/server/router.js:252:36)
    at async NextNodeServer.run (/app/node_modules/.pnpm/next@12.3.4_react-dom@18.3.1_react@18.3.1__react@18.3.1/node_modules/next/dist/server/base-server.js:365:29)
    at async NextNodeServer.handleRequest (/app/node_modules/.pnpm/next@12.3.4_react-dom@18.3.1_react@18.3.1__react@18.3.1/node_modules/next/dist/server/base-server.js:303:20)
    at async Server.<anonymous> (/app/server.js:19:5)
[2026-02-18T23:17:47.688Z] error: <dockerStatusService> TypeError: Cannot read properties of null (reading 'my-docker')
    at getDockerArguments (/app/.next/server/chunks/2045.js:44:14)
    at handler (/app/.next/server/pages/api/docker/status/[...service].js:88:96)
    at Object.apiResolver (/app/node_modules/.pnpm/next@12.3.4_react-dom@18.3.1_react@18.3.1__react@18.3.1/node_modules/next/dist/server/api-utils/node.js:366:15)
    at process.processTicksAndRejections (node:internal/process/task_queues:95:5)
    at async NextNodeServer.runApi (/app/node_modules/.pnpm/next@12.3.4_react-dom@18.3.1_react@18.3.1__react@18.3.1/node_modules/next/dist/server/next-server.js:481:9)
    at async Object.fn (/app/node_modules/.pnpm/next@12.3.4_react-dom@18.3.1_react@18.3.1__react@18.3.1/node_modules/next/dist/server/next-server.js:741:37)
    at async Router.execute (/app/node_modules/.pnpm/next@12.3.4_react-dom@18.3.1_react@18.3.1__react@18.3.1/node_modules/next/dist/server/router.js:252:36)
    at async NextNodeServer.run (/app/node_modules/.pnpm/next@12.3.4_react-dom@18.3.1_react@18.3.1__react@18.3.1/node_modules/next/dist/server/base-server.js:365:29)
    at async NextNodeServer.handleRequest (/app/node_modules/.pnpm/next@12.3.4_react-dom@18.3.1_react@18.3.1__react@18.3.1/node_modules/next/dist/server/base-server.js:303:20)
    at async Server.<anonymous> (/app/server.js:19:5)
[2026-02-18T23:17:47.692Z] error: <dockerStatusService> TypeError: Cannot read properties of null (reading 'my-docker')
    at getDockerArguments (/app/.next/server/chunks/2045.js:44:14)
    at handler (/app/.next/server/pages/api/docker/status/[...service].js:88:96)
    at Object.apiResolver (/app/node_modules/.pnpm/next@12.3.4_react-dom@18.3.1_react@18.3.1__react@18.3.1/node_modules/next/dist/server/api-utils/node.js:366:15)
    at process.processTicksAndRejections (node:internal/process/task_queues:95:5)
    at async NextNodeServer.runApi (/app/node_modules/.pnpm/next@12.3.4_react-dom@18.3.1_react@18.3.1__react@18.3.1/node_modules/next/dist/server/next-server.js:481:9)
    at async Object.fn (/app/node_modules/.pnpm/next@12.3.4_react-dom@18.3.1_react@18.3.1__react@18.3.1/node_modules/next/dist/server/next-server.js:741:37)
    at async Router.execute (/app/node_modules/.pnpm/next@12.3.4_react-dom@18.3.1_react@18.3.1__react@18.3.1/node_modules/next/dist/server/router.js:252:36)
    at async NextNodeServer.run (/app/node_modules/.pnpm/next@12.3.4_react-dom@18.3.1_react@18.3.1__react@18.3.1/node_modules/next/dist/server/base-server.js:365:29)
    at async NextNodeServer.handleRequest (/app/node_modules/.pnpm/next@12.3.4_react-dom@18.3.1_react@18.3.1__react@18.3.1/node_modules/next/dist/server/base-server.js:303:20)
    at async Server.<anonymous> (/app/server.js:19:5)
[2026-02-18T23:17:47.695Z] error: <dockerStatusService> TypeError: Cannot read properties of null (reading 'my-docker')
    at getDockerArguments (/app/.next/server/chunks/2045.js:44:14)
    at handler (/app/.next/server/pages/api/docker/status/[...service].js:88:96)
    at Object.apiResolver (/app/node_modules/.pnpm/next@12.3.4_react-dom@18.3.1_react@18.3.1__react@18.3.1/node_modules/next/dist/server/api-utils/node.js:366:15)
    at process.processTicksAndRejections (node:internal/process/task_queues:95:5)
    at async NextNodeServer.runApi (/app/node_modules/.pnpm/next@12.3.4_react-dom@18.3.1_react@18.3.1__react@18.3.1/node_modules/next/dist/server/next-server.js:481:9)
    at async Object.fn (/app/node_modules/.pnpm/next@12.3.4_react-dom@18.3.1_react@18.3.1__react@18.3.1/node_modules/next/dist/server/next-server.js:741:37)
    at async Router.execute (/app/node_modules/.pnpm/next@12.3.4_react-dom@18.3.1_react@18.3.1__react@18.3.1/node_modules/next/dist/server/router.js:252:36)
    at async NextNodeServer.run (/app/node_modules/.pnpm/next@12.3.4_react-dom@18.3.1_react@18.3.1__react@18.3.1/node_modules/next/dist/server/base-server.js:365:29)
    at async NextNodeServer.handleRequest (/app/node_modules/.pnpm/next@12.3.4_react-dom@18.3.1_react@18.3.1__react@18.3.1/node_modules/next/dist/server/base-server.js:303:20)
    at async Server.<anonymous> (/app/server.js:19:5)
[2026-02-18T23:17:47.700Z] error: <dockerStatusService> TypeError: Cannot read properties of null (reading 'my-docker')
    at getDockerArguments (/app/.next/server/chunks/2045.js:44:14)
    at handler (/app/.next/server/pages/api/docker/status/[...service].js:88:96)
    at Object.apiResolver (/app/node_modules/.pnpm/next@12.3.4_react-dom@18.3.1_react@18.3.1__react@18.3.1/node_modules/next/dist/server/api-utils/node.js:366:15)
    at process.processTicksAndRejections (node:internal/process/task_queues:95:5)
    at async NextNodeServer.runApi (/app/node_modules/.pnpm/next@12.3.4_react-dom@18.3.1_react@18.3.1__react@18.3.1/node_modules/next/dist/server/next-server.js:481:9)
    at async Object.fn (/app/node_modules/.pnpm/next@12.3.4_react-dom@18.3.1_react@18.3.1__react@18.3.1/node_modules/next/dist/server/next-server.js:741:37)
    at async Router.execute (/app/node_modules/.pnpm/next@12.3.4_react-dom@18.3.1_react@18.3.1__react@18.3.1/node_modules/next/dist/server/router.js:252:36)
    at async NextNodeServer.run (/app/node_modules/.pnpm/next@12.3.4_react-dom@18.3.1_react@18.3.1__react@18.3.1/node_modules/next/dist/server/base-server.js:365:29)
    at async NextNodeServer.handleRequest (/app/node_modules/.pnpm/next@12.3.4_react-dom@18.3.1_react@18.3.1__react@18.3.1/node_modules/next/dist/server/base-server.js:303:20)
    at async Server.<anonymous> (/app/server.js:19:5)
[2026-02-18T23:17:47.705Z] error: <dockerStatusService> TypeError: Cannot read properties of null (reading 'my-docker')
    at getDockerArguments (/app/.next/server/chunks/2045.js:44:14)
    at handler (/app/.next/server/pages/api/docker/status/[...service].js:88:96)
    at Object.apiResolver (/app/node_modules/.pnpm/next@12.3.4_react-dom@18.3.1_react@18.3.1__react@18.3.1/node_modules/next/dist/server/api-utils/node.js:366:15)
    at process.processTicksAndRejections (node:internal/process/task_queues:95:5)
    at async NextNodeServer.runApi (/app/node_modules/.pnpm/next@12.3.4_react-dom@18.3.1_react@18.3.1__react@18.3.1/node_modules/next/dist/server/next-server.js:481:9)
    at async Object.fn (/app/node_modules/.pnpm/next@12.3.4_react-dom@18.3.1_react@18.3.1__react@18.3.1/node_modules/next/dist/server/next-server.js:741:37)
    at async Router.execute (/app/node_modules/.pnpm/next@12.3.4_react-dom@18.3.1_react@18.3.1__react@18.3.1/node_modules/next/dist/server/router.js:252:36)
    at async NextNodeServer.run (/app/node_modules/.pnpm/next@12.3.4_react-dom@18.3.1_react@18.3.1__react@18.3.1/node_modules/next/dist/server/base-server.js:365:29)
    at async NextNodeServer.handleRequest (/app/node_modules/.pnpm/next@12.3.4_react-dom@18.3.1_react@18.3.1__react@18.3.1/node_modules/next/dist/server/base-server.js:303:20)
    at async Server.<anonymous> (/app/server.js:19:5)
[2026-02-18T23:17:47.708Z] error: <dockerStatusService> TypeError: Cannot read properties of null (reading 'my-docker')
    at getDockerArguments (/app/.next/server/chunks/2045.js:44:14)
    at handler (/app/.next/server/pages/api/docker/status/[...service].js:88:96)
    at Object.apiResolver (/app/node_modules/.pnpm/next@12.3.4_react-dom@18.3.1_react@18.3.1__react@18.3.1/node_modules/next/dist/server/api-utils/node.js:366:15)
    at process.processTicksAndRejections (node:internal/process/task_queues:95:5)
    at async NextNodeServer.runApi (/app/node_modules/.pnpm/next@12.3.4_react-dom@18.3.1_react@18.3.1__react@18.3.1/node_modules/next/dist/server/next-server.js:481:9)
    at async Object.fn (/app/node_modules/.pnpm/next@12.3.4_react-dom@18.3.1_react@18.3.1__react@18.3.1/node_modules/next/dist/server/next-server.js:741:37)
    at async Router.execute (/app/node_modules/.pnpm/next@12.3.4_react-dom@18.3.1_react@18.3.1__react@18.3.1/node_modules/next/dist/server/router.js:252:36)
    at async NextNodeServer.run (/app/node_modules/.pnpm/next@12.3.4_react-dom@18.3.1_react@18.3.1__react@18.3.1/node_modules/next/dist/server/base-server.js:365:29)
    at async NextNodeServer.handleRequest (/app/node_modules/.pnpm/next@12.3.4_react-dom@18.3.1_react@18.3.1__react@18.3.1/node_modules/next/dist/server/base-server.js:303:20)
    at async Server.<anonymous> (/app/server.js:19:5)
[2026-02-18T23:17:47.731Z] error: <httpProxy> Error calling http://127.0.0.1:18789/...
[2026-02-18T23:17:47.731Z] error: <httpProxy> [
  500,
  Error: connect ECONNREFUSED 127.0.0.1:18789
      at TCPConnectWrap.afterConnect [as oncomplete] (node:net:1555:16) {
    errno: -111,
    code: 'ECONNREFUSED',
    syscall: 'connect',
    address: '127.0.0.1',
    port: 18789
  }
]
[2026-02-18T23:17:53.599Z] error: <httpProxy> Error calling http://127.0.0.1:18789/...
[2026-02-18T23:17:53.599Z] error: <httpProxy> [
  500,
  Error: connect ECONNREFUSED 127.0.0.1:18789
      at TCPConnectWrap.afterConnect [as oncomplete] (node:net:1555:16) {
    errno: -111,
    code: 'ECONNREFUSED',
    syscall: 'connect',
    address: '127.0.0.1',
    port: 18789
  }
]
[2026-02-18T23:18:03.641Z] error: <httpProxy> Error calling http://127.0.0.1:18789/...
[2026-02-18T23:18:03.642Z] error: <httpProxy> [
  500,
  Error: connect ECONNREFUSED 127.0.0.1:18789
      at TCPConnectWrap.afterConnect [as oncomplete] (node:net:1555:16) {
    errno: -111,
    code: 'ECONNREFUSED',
    syscall: 'connect',
    address: '127.0.0.1',
    port: 18789
  }
]
[2026-02-18T23:18:13.680Z] error: <httpProxy> Error calling http://127.0.0.1:18789/...
[2026-02-18T23:18:13.681Z] error: <httpProxy> [
  500,
  Error: connect ECONNREFUSED 127.0.0.1:18789
      at TCPConnectWrap.afterConnect [as oncomplete] (node:net:1555:16) {
    errno: -111,
    code: 'ECONNREFUSED',
    syscall: 'connect',
    address: '127.0.0.1',
    port: 18789
  }
]
[2026-02-18T23:18:23.720Z] error: <httpProxy> Error calling http://127.0.0.1:18789/...
[2026-02-18T23:18:23.721Z] error: <httpProxy> [
  500,
  Error: connect ECONNREFUSED 127.0.0.1:18789
      at TCPConnectWrap.afterConnect [as oncomplete] (node:net:1555:16) {
    errno: -111,
    code: 'ECONNREFUSED',
    syscall: 'connect',
    address: '127.0.0.1',
    port: 18789
  }
]
[2026-02-18T23:18:33.797Z] error: <httpProxy> Error calling http://127.0.0.1:18789/...
[2026-02-18T23:18:33.799Z] error: <httpProxy> [
  500,
  Error: connect ECONNREFUSED 127.0.0.1:18789
      at TCPConnectWrap.afterConnect [as oncomplete] (node:net:1555:16) {
    errno: -111,
    code: 'ECONNREFUSED',
    syscall: 'connect',
    address: '127.0.0.1',
    port: 18789
  }
]
[2026-02-18T23:18:43.837Z] error: <httpProxy> Error calling http://127.0.0.1:18789/...
[2026-02-18T23:18:43.837Z] error: <httpProxy> [
  500,
  Error: connect ECONNREFUSED 127.0.0.1:18789
      at TCPConnectWrap.afterConnect [as oncomplete] (node:net:1555:16) {
    errno: -111,
    code: 'ECONNREFUSED',
    syscall: 'connect',
    address: '127.0.0.1',
    port: 18789
  }
]
[2026-02-18T23:18:51.432Z] error: <dockerStatusService> TypeError: Cannot read properties of null (reading 'my-docker')
    at getDockerArguments (/app/.next/server/chunks/2045.js:44:14)
    at handler (/app/.next/server/pages/api/docker/status/[...service].js:88:96)
    at Object.apiResolver (/app/node_modules/.pnpm/next@12.3.4_react-dom@18.3.1_react@18.3.1__react@18.3.1/node_modules/next/dist/server/api-utils/node.js:366:15)
    at process.processTicksAndRejections (node:internal/process/task_queues:95:5)
    at async NextNodeServer.runApi (/app/node_modules/.pnpm/next@12.3.4_react-dom@18.3.1_react@18.3.1__react@18.3.1/node_modules/next/dist/server/next-server.js:481:9)
    at async Object.fn (/app/node_modules/.pnpm/next@12.3.4_react-dom@18.3.1_react@18.3.1__react@18.3.1/node_modules/next/dist/server/next-server.js:741:37)
    at async Router.execute (/app/node_modules/.pnpm/next@12.3.4_react-dom@18.3.1_react@18.3.1__react@18.3.1/node_modules/next/dist/server/router.js:252:36)
    at async NextNodeServer.run (/app/node_modules/.pnpm/next@12.3.4_react-dom@18.3.1_react@18.3.1__react@18.3.1/node_modules/next/dist/server/base-server.js:365:29)
    at async NextNodeServer.handleRequest (/app/node_modules/.pnpm/next@12.3.4_react-dom@18.3.1_react@18.3.1__react@18.3.1/node_modules/next/dist/server/base-server.js:303:20)
    at async Server.<anonymous> (/app/server.js:19:5)
[2026-02-18T23:18:51.452Z] error: <dockerStatusService> TypeError: Cannot read properties of null (reading 'my-docker')
    at getDockerArguments (/app/.next/server/chunks/2045.js:44:14)
    at handler (/app/.next/server/pages/api/docker/status/[...service].js:88:96)
    at Object.apiResolver (/app/node_modules/.pnpm/next@12.3.4_react-dom@18.3.1_react@18.3.1__react@18.3.1/node_modules/next/dist/server/api-utils/node.js:366:15)
    at process.processTicksAndRejections (node:internal/process/task_queues:95:5)
    at async NextNodeServer.runApi (/app/node_modules/.pnpm/next@12.3.4_react-dom@18.3.1_react@18.3.1__react@18.3.1/node_modules/next/dist/server/next-server.js:481:9)
    at async Object.fn (/app/node_modules/.pnpm/next@12.3.4_react-dom@18.3.1_react@18.3.1__react@18.3.1/node_modules/next/dist/server/next-server.js:741:37)
    at async Router.execute (/app/node_modules/.pnpm/next@12.3.4_react-dom@18.3.1_react@18.3.1__react@18.3.1/node_modules/next/dist/server/router.js:252:36)
    at async NextNodeServer.run (/app/node_modules/.pnpm/next@12.3.4_react-dom@18.3.1_react@18.3.1__react@18.3.1/node_modules/next/dist/server/base-server.js:365:29)
    at async NextNodeServer.handleRequest (/app/node_modules/.pnpm/next@12.3.4_react-dom@18.3.1_react@18.3.1__react@18.3.1/node_modules/next/dist/server/base-server.js:303:20)
    at async Server.<anonymous> (/app/server.js:19:5)
[2026-02-18T23:18:51.456Z] error: <dockerStatusService> TypeError: Cannot read properties of null (reading 'my-docker')
    at getDockerArguments (/app/.next/server/chunks/2045.js:44:14)
    at handler (/app/.next/server/pages/api/docker/status/[...service].js:88:96)
    at Object.apiResolver (/app/node_modules/.pnpm/next@12.3.4_react-dom@18.3.1_react@18.3.1__react@18.3.1/node_modules/next/dist/server/api-utils/node.js:366:15)
    at process.processTicksAndRejections (node:internal/process/task_queues:95:5)
    at async NextNodeServer.runApi (/app/node_modules/.pnpm/next@12.3.4_react-dom@18.3.1_react@18.3.1__react@18.3.1/node_modules/next/dist/server/next-server.js:481:9)
    at async Object.fn (/app/node_modules/.pnpm/next@12.3.4_react-dom@18.3.1_react@18.3.1__react@18.3.1/node_modules/next/dist/server/next-server.js:741:37)
    at async Router.execute (/app/node_modules/.pnpm/next@12.3.4_react-dom@18.3.1_react@18.3.1__react@18.3.1/node_modules/next/dist/server/router.js:252:36)
    at async NextNodeServer.run (/app/node_modules/.pnpm/next@12.3.4_react-dom@18.3.1_react@18.3.1__react@18.3.1/node_modules/next/dist/server/base-server.js:365:29)
    at async NextNodeServer.handleRequest (/app/node_modules/.pnpm/next@12.3.4_react-dom@18.3.1_react@18.3.1__react@18.3.1/node_modules/next/dist/server/base-server.js:303:20)
    at async Server.<anonymous> (/app/server.js:19:5)
[2026-02-18T23:18:51.460Z] error: <dockerStatusService> TypeError: Cannot read properties of null (reading 'my-docker')
    at getDockerArguments (/app/.next/server/chunks/2045.js:44:14)
    at handler (/app/.next/server/pages/api/docker/status/[...service].js:88:96)
    at Object.apiResolver (/app/node_modules/.pnpm/next@12.3.4_react-dom@18.3.1_react@18.3.1__react@18.3.1/node_modules/next/dist/server/api-utils/node.js:366:15)
    at process.processTicksAndRejections (node:internal/process/task_queues:95:5)
    at async NextNodeServer.runApi (/app/node_modules/.pnpm/next@12.3.4_react-dom@18.3.1_react@18.3.1__react@18.3.1/node_modules/next/dist/server/next-server.js:481:9)
    at async Object.fn (/app/node_modules/.pnpm/next@12.3.4_react-dom@18.3.1_react@18.3.1__react@18.3.1/node_modules/next/dist/server/next-server.js:741:37)
    at async Router.execute (/app/node_modules/.pnpm/next@12.3.4_react-dom@18.3.1_react@18.3.1__react@18.3.1/node_modules/next/dist/server/router.js:252:36)
    at async NextNodeServer.run (/app/node_modules/.pnpm/next@12.3.4_react-dom@18.3.1_react@18.3.1__react@18.3.1/node_modules/next/dist/server/base-server.js:365:29)
    at async NextNodeServer.handleRequest (/app/node_modules/.pnpm/next@12.3.4_react-dom@18.3.1_react@18.3.1__react@18.3.1/node_modules/next/dist/server/base-server.js:303:20)
    at async Server.<anonymous> (/app/server.js:19:5)
[2026-02-18T23:18:51.470Z] error: <dockerStatusService> TypeError: Cannot read properties of null (reading 'my-docker')
    at getDockerArguments (/app/.next/server/chunks/2045.js:44:14)
    at handler (/app/.next/server/pages/api/docker/status/[...service].js:88:96)
    at Object.apiResolver (/app/node_modules/.pnpm/next@12.3.4_react-dom@18.3.1_react@18.3.1__react@18.3.1/node_modules/next/dist/server/api-utils/node.js:366:15)
    at process.processTicksAndRejections (node:internal/process/task_queues:95:5)
    at async NextNodeServer.runApi (/app/node_modules/.pnpm/next@12.3.4_react-dom@18.3.1_react@18.3.1__react@18.3.1/node_modules/next/dist/server/next-server.js:481:9)
    at async Object.fn (/app/node_modules/.pnpm/next@12.3.4_react-dom@18.3.1_react@18.3.1__react@18.3.1/node_modules/next/dist/server/next-server.js:741:37)
    at async Router.execute (/app/node_modules/.pnpm/next@12.3.4_react-dom@18.3.1_react@18.3.1__react@18.3.1/node_modules/next/dist/server/router.js:252:36)
    at async NextNodeServer.run (/app/node_modules/.pnpm/next@12.3.4_react-dom@18.3.1_react@18.3.1__react@18.3.1/node_modules/next/dist/server/base-server.js:365:29)
    at async NextNodeServer.handleRequest (/app/node_modules/.pnpm/next@12.3.4_react-dom@18.3.1_react@18.3.1__react@18.3.1/node_modules/next/dist/server/base-server.js:303:20)
    at async Server.<anonymous> (/app/server.js:19:5)
[2026-02-18T23:18:51.475Z] error: <dockerStatusService> TypeError: Cannot read properties of null (reading 'my-docker')
    at getDockerArguments (/app/.next/server/chunks/2045.js:44:14)
    at handler (/app/.next/server/pages/api/docker/status/[...service].js:88:96)
    at Object.apiResolver (/app/node_modules/.pnpm/next@12.3.4_react-dom@18.3.1_react@18.3.1__react@18.3.1/node_modules/next/dist/server/api-utils/node.js:366:15)
    at process.processTicksAndRejections (node:internal/process/task_queues:95:5)
    at async NextNodeServer.runApi (/app/node_modules/.pnpm/next@12.3.4_react-dom@18.3.1_react@18.3.1__react@18.3.1/node_modules/next/dist/server/next-server.js:481:9)
    at async Object.fn (/app/node_modules/.pnpm/next@12.3.4_react-dom@18.3.1_react@18.3.1__react@18.3.1/node_modules/next/dist/server/next-server.js:741:37)
    at async Router.execute (/app/node_modules/.pnpm/next@12.3.4_react-dom@18.3.1_react@18.3.1__react@18.3.1/node_modules/next/dist/server/router.js:252:36)
    at async NextNodeServer.run (/app/node_modules/.pnpm/next@12.3.4_react-dom@18.3.1_react@18.3.1__react@18.3.1/node_modules/next/dist/server/base-server.js:365:29)
    at async NextNodeServer.handleRequest (/app/node_modules/.pnpm/next@12.3.4_react-dom@18.3.1_react@18.3.1__react@18.3.1/node_modules/next/dist/server/base-server.js:303:20)
    at async Server.<anonymous> (/app/server.js:19:5)
[2026-02-18T23:18:51.479Z] error: <dockerStatusService> TypeError: Cannot read properties of null (reading 'my-docker')
    at getDockerArguments (/app/.next/server/chunks/2045.js:44:14)
    at handler (/app/.next/server/pages/api/docker/status/[...service].js:88:96)
    at Object.apiResolver (/app/node_modules/.pnpm/next@12.3.4_react-dom@18.3.1_react@18.3.1__react@18.3.1/node_modules/next/dist/server/api-utils/node.js:366:15)
    at process.processTicksAndRejections (node:internal/process/task_queues:95:5)
    at async NextNodeServer.runApi (/app/node_modules/.pnpm/next@12.3.4_react-dom@18.3.1_react@18.3.1__react@18.3.1/node_modules/next/dist/server/next-server.js:481:9)
    at async Object.fn (/app/node_modules/.pnpm/next@12.3.4_react-dom@18.3.1_react@18.3.1__react@18.3.1/node_modules/next/dist/server/next-server.js:741:37)
    at async Router.execute (/app/node_modules/.pnpm/next@12.3.4_react-dom@18.3.1_react@18.3.1__react@18.3.1/node_modules/next/dist/server/router.js:252:36)
    at async NextNodeServer.run (/app/node_modules/.pnpm/next@12.3.4_react-dom@18.3.1_react@18.3.1__react@18.3.1/node_modules/next/dist/server/base-server.js:365:29)
    at async NextNodeServer.handleRequest (/app/node_modules/.pnpm/next@12.3.4_react-dom@18.3.1_react@18.3.1__react@18.3.1/node_modules/next/dist/server/base-server.js:303:20)
    at async Server.<anonymous> (/app/server.js:19:5)
[2026-02-18T23:18:51.519Z] error: <httpProxy> Error calling http://127.0.0.1:18789/...
[2026-02-18T23:18:51.520Z] error: <httpProxy> [
  500,
  Error: connect ECONNREFUSED 127.0.0.1:18789
      at TCPConnectWrap.afterConnect [as oncomplete] (node:net:1555:16) {
    errno: -111,
    code: 'ECONNREFUSED',
    syscall: 'connect',
    address: '127.0.0.1',
    port: 18789
  }
]
